commodity_code,horizon,month_ce,forecast_origin,split,y_true,train_n,train_last_t,high_risk_threshold,train_up_share
100,2,2015-01-01,2015-03-15,validation,2.42226375758463,167,2014-11-01,6.2993139345101135,0.6347305389221557
100,2,2015-02-01,2015-04-15,validation,2.8501510132215024,168,2014-12-01,6.297331086146816,0.6309523809523809
100,2,2015-03-01,2015-05-15,validation,8.672643611293296,169,2015-01-01,6.295348237783518,0.6331360946745562
100,2,2015-04-01,2015-06-15,validation,7.481610389581128,170,2015-02-01,6.29336538942022,0.6352941176470588
100,2,2015-05-01,2015-07-15,validation,-0.7867861200613113,171,2015-03-01,6.301296782873411,0.6374269005847953
100,2,2015-06-01,2015-08-15,validation,-13.090557054685537,172,2015-04-01,6.358937448234646,0.6395348837209303
100,2,2015-07-01,2015-09-15,validation,-18.32698736028142,173,2015-05-01,6.344527281894337,0.6358381502890174
100,2,2015-08-01,2015-10-15,validation,-8.764730705875534,174,2015-06-01,6.330117115554028,0.632183908045977
100,2,2015-09-01,2015-11-15,validation,-6.872183204905413,175,2015-07-01,6.3157069492137206,0.6285714285714286
100,2,2015-10-01,2015-12-15,validation,-15.669845190605702,176,2015-08-01,6.301296782873411,0.625
100,2,2015-11-01,2016-01-15,validation,-21.202671120787063,177,2015-09-01,6.2993139345101135,0.6214689265536724
100,2,2015-12-01,2016-02-15,validation,-15.675824323433927,178,2015-10-01,6.297331086146816,0.6179775280898876
100,2,2016-01-01,2016-03-15,validation,3.2141209211797417,179,2015-11-01,6.295348237783518,0.6145251396648045
100,2,2016-02-01,2016-04-15,validation,15.45236054329231,180,2015-12-01,6.29336538942022,0.6111111111111112
100,2,2016-03-01,2016-05-15,validation,16.349169222039663,181,2016-01-01,6.291382541056922,0.6132596685082873
100,2,2016-04-01,2016-06-15,validation,11.40475064712958,182,2016-02-01,6.2993139345101135,0.6153846153846154
100,2,2016-05-01,2016-07-15,validation,-0.2068253064059,183,2016-03-01,6.344527281894337,0.6174863387978142
100,2,2016-06-01,2016-08-15,validation,-3.866198703426438,184,2016-04-01,6.466868451816909,0.6195652173913043
100,2,2016-07-01,2016-09-15,validation,0.4132237284910633,185,2016-05-01,6.420108033195934,0.6162162162162163
100,2,2016-08-01,2016-10-15,validation,6.427915140456486,186,2016-06-01,6.3733476145749535,0.6129032258064516
100,2,2016-09-01,2016-11-15,validation,3.2457210147381677,187,2016-07-01,6.358937448234646,0.6149732620320856
100,2,2016-10-01,2016-12-15,validation,5.672598140077723,188,2016-08-01,6.406088130103873,0.6170212765957447
100,2,2016-11-01,2017-01-15,validation,13.95015596110265,189,2016-09-01,6.3951746249275665,0.6190476190476191
100,2,2016-12-01,2017-02-15,validation,7.0951735972284435,190,2016-10-01,6.384261119751261,0.6210526315789474
100,2,2017-01-01,2017-03-15,validation,-1.2227226569560656,191,2016-11-01,6.427915140456486,0.6230366492146597
100,2,2017-02-01,2017-04-15,validation,-1.0327114155849415,192,2016-12-01,6.571302794235169,0.625
100,2,2017-03-01,2017-05-15,validation,-0.7054702979889527,193,2017-01-01,6.535455880790502,0.6217616580310881
100,2,2017-04-01,2017-06-15,validation,-7.35757741635128,194,2017-02-01,6.499608967345828,0.6185567010309279
100,2,2017-05-01,2017-07-15,validation,-3.603993648319692,195,2017-03-01,6.463762053901159,0.6153846153846154
100,2,2017-06-01,2017-08-15,validation,5.082763663757639,196,2017-04-01,6.427915140456486,0.6122448979591837
100,2,2017-07-01,2017-09-15,validation,7.764038898834213,197,2017-05-01,6.41700163528018,0.6091370558375635
100,2,2017-08-01,2017-10-15,validation,8.153920478977028,198,2017-06-01,6.406088130103874,0.6111111111111112
100,2,2017-09-01,2017-11-15,validation,9.700653305250384,199,2017-07-01,6.499608967345828,0.6130653266331658
100,2,2017-10-01,2017-12-15,validation,8.741912419201725,200,2017-08-01,6.622520128660875,0.615
100,2,2017-11-01,2018-01-15,validation,7.564761833931488,201,2017-09-01,6.6840018125850165,0.6169154228855721
100,2,2017-12-01,2018-02-15,validation,2.5093567597656907,202,2017-10-01,6.716978523250426,0.6188118811881188
100,2,2018-01-01,2018-03-15,validation,-1.5839064029746552,203,2017-11-01,6.8146782255428775,0.6206896551724138
100,2,2018-02-01,2018-04-15,validation,4.280253923475996,204,2017-12-01,6.784859717334176,0.6225490196078431
100,2,2018-03-01,2018-05-15,validation,9.939208684802736,205,2018-01-01,6.755041209125479,0.6195121951219512
100,2,2018-04-01,2018-06-15,validation,7.141080254499865,206,2018-02-01,6.7252227009167775,0.6213592233009708
100,2,2018-05-01,2018-07-15,validation,0.3934431304834618,207,2018-03-01,6.8444967337515745,0.6231884057971014
100,2,2018-06-01,2018-08-15,validation,-1.1772536225267416,208,2018-04-01,6.900758609510423,0.625
100,2,2018-07-01,2018-09-15,validation,3.2198531679354048,209,2018-05-01,6.891944153660372,0.6267942583732058
100,2,2018-08-01,2018-10-15,validation,6.124362524071891,210,2018-06-01,6.883129697810323,0.6238095238095238
100,2,2018-09-01,2018-11-15,validation,-9.429675179765074,211,2018-07-01,6.8743152419602715,0.6255924170616114
100,2,2018-10-01,2018-12-15,validation,-20.840126957700633,212,2018-08-01,6.8444967337515745,0.6273584905660378
100,2,2018-11-01,2019-01-15,validation,-7.218139551157776,213,2018-09-01,6.8146782255428775,0.6244131455399061
100,2,2018-12-01,2019-02-15,validation,6.348995328972062,214,2018-10-01,6.784859717334176,0.6214953271028038
100,2,2019-01-01,2019-03-15,test,7.218139551157776,215,2018-11-01,6.755041209125479,0.6186046511627907
100,2,2019-02-01,2019-04-15,test,6.3733476145749535,216,2018-12-01,6.7252227009167775,0.6203703703703703
100,2,2019-03-01,2019-05-15,test,2.4760549680652666,217,2019-01-01,6.8444967337515745,0.6221198156682027
100,2,2019-04-01,2019-06-15,test,-6.659880761903558,218,2019-02-01,6.8146782255428775,0.6238532110091743
100,2,2019-05-01,2019-07-15,test,-3.7374592196749217,219,2019-03-01,6.784859717334176,0.6255707762557078
100,2,2019-06-01,2019-08-15,test,-4.100135063229526,220,2019-04-01,6.755041209125479,0.6227272727272727
100,2,2019-07-01,2019-09-15,test,-4.323439897343118,221,2019-05-01,6.7252227009167775,0.6199095022624435
100,2,2019-08-01,2019-10-15,test,0.1493652256782773,222,2019-06-01,6.716978523250426,0.6171171171171171
100,2,2019-09-01,2019-11-15,test,1.6070470032609308,223,2019-07-01,6.708734345584074,0.6143497757847534
100,2,2019-10-01,2019-12-15,test,4.523017464957846,224,2019-08-01,6.700490167917721,0.6160714285714286
100,2,2019-11-01,2020-01-15,test,0.1448226176364642,225,2019-09-01,6.69224599025137,0.6177777777777778
100,2,2019-12-01,2020-02-15,test,-11.315751593449177,226,2019-10-01,6.6840018125850165,0.6194690265486725
100,2,2020-01-01,2020-03-15,test,-35.19311998671761,227,2019-11-01,6.668631391603982,0.6211453744493393
100,2,2020-02-01,2020-04-15,test,-48.35130016352673,228,2019-12-01,6.653260970622947,0.618421052631579
100,2,2020-03-01,2020-05-15,test,-5.71584138399488,229,2020-01-01,6.637890549641909,0.6157205240174672
100,2,2020-04-01,2020-06-15,test,31.32589142414308,230,2020-02-01,6.622520128660875,0.6130434782608696
100,2,2020-05-01,2020-07-15,test,18.811447668673864,231,2020-03-01,6.607149707679838,0.6103896103896104
100,2,2020-06-01,2020-08-15,test,7.654007712233435,232,2020-04-01,6.668631391603982,0.6120689655172413
100,2,2020-07-01,2020-09-15,test,-1.454571100237878,233,2020-05-01,6.708734345584074,0.6137339055793991
100,2,2020-08-01,2020-10-15,test,-5.592078991959903,234,2020-06-01,6.784859717334176,0.6153846153846154
100,2,2020-09-01,2020-11-15,test,3.420675540153617,235,2020-07-01,6.755041209125479,0.6127659574468085
100,2,2020-10-01,2020-12-15,test,16.07548512351795,236,2020-08-01,6.7252227009167775,0.6101694915254238
100,2,2020-11-01,2021-01-15,test,19.113218647610974,237,2020-09-01,6.716978523250426,0.6118143459915611
100,2,2020-12-01,2021-02-15,test,16.960278438617937,238,2020-10-01,6.8146782255428775,0.6134453781512605
100,2,2021-01-01,2021-03-15,test,16.164135155641546,239,2020-11-01,6.891944153660372,0.6150627615062761
100,2,2021-02-01,2021-04-15,test,4.6883585898850555,240,2020-12-01,6.932103616178137,0.6166666666666667
100,2,2021-03-01,2021-05-15,test,1.8484814674103232,241,2021-01-01,6.9869679960485875,0.6182572614107884
100,2,2021-04-01,2021-06-15,test,9.577271450267322,242,2021-02-01,6.9732519010809755,0.6198347107438017
100,2,2021-05-01,2021-07-15,test,7.976089845651035,243,2021-03-01,6.959535806113363,0.6213991769547325
100,2,2021-06-01,2021-08-15,test,-1.0459130790137827,244,2021-04-01,6.994350994544103,0.6229508196721312
100,2,2021-07-01,2021-09-15,test,0.6741598566919471,245,2021-05-01,7.023375113275591,0.6244897959183674
100,2,2021-08-01,2021-10-15,test,13.833874400542443,246,2021-06-01,7.005425492287376,0.6219512195121951
100,2,2021-09-01,2021-11-15,test,8.785089012134772,247,2021-07-01,7.001733993039618,0.6234817813765182
100,2,2021-10-01,2021-12-15,test,-4.472924488311669,248,2021-08-01,7.059274355252018,0.625
100,2,2021-11-01,2022-01-15,test,7.029117362702131,249,2021-09-01,7.100149581201132,0.6265060240963856
100,2,2021-12-01,2022-02-15,test,22.058709487290873,250,2021-10-01,7.097661589214788,0.624
100,2,2022-01-01,2022-03-15,test,26.251133410522964,251,2021-11-01,7.0951735972284435,0.6254980079681275
100,2,2022-02-01,2022-04-15,test,10.825733969941798,252,2021-12-01,7.10512556517382,0.626984126984127
100,2,2022-03-01,2022-05-15,test,2.1099364024245837,253,2022-01-01,7.127693575563986,0.6284584980237155
100,2,2022-04-01,2022-06-15,test,9.975524893749466,254,2022-02-01,7.17190397316303,0.6299212598425197
100,2,2022-05-01,2022-07-15,test,0.7173631911137512,255,2022-03-01,7.156492113831448,0.6313725490196078
100,2,2022-06-01,2022-08-15,test,-7.330867549219278,256,2022-04-01,7.218139551157776,0.6328125
100,2,2022-07-01,2022-09-15,test,-7.493307740144584,257,2022-05-01,7.202727691826195,0.6342412451361867
100,2,2022-08-01,2022-10-15,test,-0.8988824568432641,258,2022-06-01,7.187315832494614,0.6317829457364341
100,2,2022-09-01,2022-11-15,test,-1.709443335930061,259,2022-07-01,7.17190397316303,0.6293436293436293
100,2,2022-10-01,2022-12-15,test,-10.460835315527197,260,2022-08-01,7.156492113831448,0.6269230769230769
100,2,2022-11-01,2023-01-15,test,-4.324132417319415,261,2022-09-01,7.141080254499865,0.6245210727969349
100,2,2022-12-01,2023-02-15,test,0.5000010416705614,262,2022-10-01,7.134386915031925,0.6221374045801527
100,2,2023-01-01,2023-03-15,test,-5.898929847570411,263,2022-11-01,7.127693575563986,0.6197718631178707
100,2,2023-02-01,2023-04-15,test,-1.4232136417008157,264,2022-12-01,7.1210002360960445,0.6212121212121212
100,2,2023-03-01,2023-05-15,test,-6.453852113757108,265,2023-01-01,7.114306896628105,0.6188679245283019
100,2,2023-04-01,2023-06-15,test,-12.274897116137408,266,2023-02-01,7.107613557160164,0.6165413533834586
100,2,2023-05-01,2023-07-15,test,2.1072699135237016,267,2023-03-01,7.10512556517382,0.6142322097378277
100,2,2023-06-01,2023-08-15,test,9.539683867174809,268,2023-04-01,7.102637573187476,0.6119402985074627
100,2,2023-07-01,2023-09-15,test,11.060512483996288,269,2023-05-01,7.100149581201132,0.6133828996282528
100,2,2023-08-01,2023-10-15,test,6.459267911640865,270,2023-06-01,7.114306896628105,0.6148148148148148
100,2,2023-09-01,2023-11-15,test,-6.453852113757197,271,2023-07-01,7.141080254499865,0.6162361623616236
100,2,2023-10-01,2023-12-15,test,-12.34856987685653,272,2023-08-01,7.134386915031925,0.6176470588235294
100,2,2023-11-01,2024-01-15,test,-6.252035698133351,273,2023-09-01,7.127693575563986,0.6153846153846154
100,2,2023-12-01,2024-02-15,test,-0.552996800946115,274,2023-10-01,7.1210002360960445,0.6131386861313869
100,2,2024-01-01,2024-03-15,test,2.0073666734076845,275,2023-11-01,7.114306896628105,0.610909090909091
100,2,2024-02-01,2024-04-15,test,7.733750206564149,276,2023-12-01,7.107613557160164,0.6086956521739131
100,2,2024-03-01,2024-05-15,test,1.7905581331139508,277,2024-01-01,7.10512556517382,0.6101083032490975
100,2,2024-04-01,2024-06-15,test,-3.1279700444062364,278,2024-02-01,7.127693575563986,0.6115107913669064
100,2,2024-05-01,2024-07-15,test,1.6718383234908707,279,2024-03-01,7.1210002360960445,0.6129032258064516
100,2,2024-06-01,2024-08-15,test,-2.8650124305326763,280,2024-04-01,7.114306896628105,0.6107142857142858
100,2,2024-07-01,2024-09-15,test,-8.463438514070987,281,2024-05-01,7.107613557160164,0.6120996441281139
100,2,2024-08-01,2024-10-15,test,-3.136788542092628,282,2024-06-01,7.10512556517382,0.6099290780141844
100,2,2024-09-01,2024-11-15,test,-0.6669867509106808,283,2024-07-01,7.102637573187476,0.607773851590106
100,2,2024-10-01,2024-12-15,test,-1.1310205391586337,284,2024-08-01,7.100149581201132,0.6056338028169014
100,2,2024-11-01,2025-01-15,test,6.208570665067636,285,2024-09-01,7.097661589214788,0.6035087719298246
100,2,2024-12-01,2025-02-15,test,2.803922006439308,286,2024-10-01,7.0951735972284435,0.6013986013986014
100,2,2025-01-01,2025-03-15,test,-6.783835914012659,287,2024-11-01,7.081962350323182,0.6027874564459931
100,2,2025-02-01,2025-04-15,test,-7.958198432975028,288,2024-12-01,7.06875110341792,0.6041666666666666
100,2,2025-03-01,2025-05-15,test,-7.69225803372926,289,2025-01-01,7.055539856512656,0.6020761245674741
100,2,2025-04-01,2025-06-15,test,0.9930568202601188,290,2025-02-01,7.042328609607394,0.6
100,2,2025-05-01,2025-07-15,test,5.160477235300309,291,2025-03-01,7.029117362702131,0.5979381443298969
100,2,2025-06-01,2025-08-15,test,-0.8933061885475269,292,2025-04-01,7.02437898861918,0.5993150684931506
100,2,2025-07-01,2025-09-15,test,-1.6907414189290648,293,2025-05-01,7.01964061453623,0.6006825938566553
100,2,2025-08-01,2025-10-15,test,-4.381750350005387,294,2025-06-01,7.014902240453278,0.5986394557823129
100,2,2025-09-01,2025-11-15,test,-3.990299199097791,295,2025-07-01,7.010163866370327,0.5966101694915255
100,2,2025-10-01,2025-12-15,test,-2.318333545565743,296,2025-08-01,7.005425492287376,0.5945945945945946
100,2,2025-11-01,2026-01-15,test,1.4508026489578718,297,2025-09-01,7.001733993039618,0.5925925925925926
100,2,2025-12-01,2026-02-15,test,4.685917114094185,298,2025-10-01,6.998042493791861,0.5906040268456376
100,2,2026-01-01,2026-03-15,test,30.905693203651463,299,2025-11-01,6.994350994544103,0.5919732441471572
100,2,2026-02-01,2026-04-15,test,36.49821541064986,300,2025-12-01,6.990659495296345,0.5933333333333334
100,2,2026-03-01,2026-05-15,test,7.911269133121834,301,2026-01-01,7.005425492287376,0.5946843853820598
100,2,2026-04-01,2026-06-15,test,-7.172055919121245,302,2026-02-01,7.02437898861918,0.5960264900662252
100,2,2026-05-01,2026-07-15,test,-12.390782512404996,303,2026-03-01,7.06875110341792,0.5973597359735974
100,2,2026-06-01,2026-08-15,test,-0.6088298867255482,304,2026-04-01,7.055539856512656,0.5953947368421053
100,3,2015-01-01,2015-03-15,validation,5.783924837483134,166,2014-10-01,8.367247572411474,0.6265060240963856
100,3,2015-02-01,2015-04-15,validation,8.161133544616295,167,2014-11-01,8.348488044714133,0.6227544910179641
100,3,2015-03-01,2015-05-15,validation,10.843271469479632,168,2014-12-01,8.329728517016788,0.6190476190476191
100,3,2015-04-01,2015-06-15,validation,4.524196411333481,169,2015-01-01,8.310968989319445,0.621301775147929
100,3,2015-05-01,2015-07-15,validation,-10.9199291964992,170,2015-02-01,8.292209461622104,0.6235294117647059
100,3,2015-06-01,2015-08-15,validation,-21.28440133852907,171,2015-03-01,8.367247572411474,0.6257309941520468
100,3,2015-07-01,2015-09-15,validation,-18.897873782313425,172,2015-04-01,8.348488044714133,0.627906976744186
100,3,2015-08-01,2015-10-15,validation,-15.066027488748944,173,2015-05-01,8.329728517016788,0.6242774566473989
100,3,2015-09-01,2015-11-15,validation,-16.240731612637703,174,2015-06-01,8.310968989319445,0.6206896551724138
100,3,2015-10-01,2015-12-15,validation,-27.50396790366047,175,2015-07-01,8.292209461622104,0.6171428571428571
100,3,2015-11-01,2016-01-15,validation,-25.04437273116622,176,2015-08-01,8.27344993392476,0.6136363636363636
100,3,2015-12-01,2016-02-15,validation,-8.620001791875032,177,2015-09-01,8.253097100592923,0.6101694915254238
100,3,2016-01-01,2016-03-15,validation,11.610658932913154,178,2015-10-01,8.232744267261083,0.6067415730337079
100,3,2016-02-01,2016-04-15,validation,23.40499175359856,179,2015-11-01,8.212391433929245,0.6033519553072626
100,3,2016-03-01,2016-05-15,validation,19.80128865886299,180,2015-12-01,8.192038600597408,0.6
100,3,2016-04-01,2016-06-15,validation,7.745805903900349,181,2016-01-01,8.27344993392476,0.6022099447513812
100,3,2016-05-01,2016-07-15,validation,-0.4140792666031068,182,2016-02-01,8.348488044714133,0.6043956043956044
100,3,2016-06-01,2016-08-15,validation,-3.2457210147381677,183,2016-03-01,8.46514010049299,0.6065573770491803
100,3,2016-07-01,2016-09-15,validation,6.220661180259279,184,2016-04-01,8.432509257799154,0.6086956521739131
100,3,2016-08-01,2016-10-15,validation,3.866198703426438,185,2016-05-01,8.399878415105317,0.6054054054054054
100,3,2016-09-01,2016-11-15,validation,11.480035591845938,186,2016-06-01,8.367247572411474,0.6021505376344086
100,3,2016-10-01,2016-12-15,validation,11.388439524072602,187,2016-07-01,8.348488044714133,0.6042780748663101
100,3,2016-11-01,2017-01-15,validation,15.329488174336214,188,2016-08-01,8.329728517016788,0.6063829787234043
100,3,2016-12-01,2017-02-15,validation,4.493118727038814,189,2016-09-01,8.432509257799154,0.6084656084656085
100,3,2017-01-01,2017-03-15,validation,0.3466207976486224,190,2016-10-01,8.553397588224964,0.6105263157894737
100,3,2017-02-01,2017-04-15,validation,-3.307525168178582,191,2016-11-01,8.645380797602131,0.612565445026178
100,3,2017-03-01,2017-05-15,validation,-5.788233961746592,192,2016-12-01,8.62238499525784,0.6145833333333334
100,3,2017-04-01,2017-06-15,validation,-5.878807400913333,193,2017-01-01,8.599389192913549,0.616580310880829
100,3,2017-05-01,2017-07-15,validation,0.0,194,2017-02-01,8.576393390569255,0.6134020618556701
100,3,2017-06-01,2017-08-15,validation,9.24280891427216,195,2017-03-01,8.553397588224964,0.6102564102564103
100,3,2017-07-01,2017-09-15,validation,11.75791412729672,196,2017-04-01,8.53040178588067,0.6071428571428571
100,3,2017-08-01,2017-10-15,validation,13.860698555764904,197,2017-05-01,8.497770943186833,0.6040609137055838
100,3,2017-09-01,2017-11-15,validation,12.735787647664232,198,2017-06-01,8.599389192913549,0.6060606060606061
100,3,2017-10-01,2017-12-15,validation,13.271539910719364,199,2017-07-01,8.667683558146466,0.6080402010050251
100,3,2017-11-01,2018-01-15,validation,5.5444911021795384,200,2017-08-01,8.72157714887683,0.61
100,3,2017-12-01,2018-02-15,validation,2.945721088542985,201,2017-09-01,8.803334948532271,0.6119402985074627
100,3,2018-01-01,2018-03-15,validation,2.2599831917240465,202,2017-10-01,9.113336665709419,0.6138613861386139
100,3,2018-02-01,2018-04-15,validation,10.37557301358003,203,2017-11-01,9.035836236415136,0.6157635467980296
100,3,2018-03-01,2018-05-15,validation,10.984969849198569,204,2017-12-01,8.958335807120845,0.6176470588235294
100,3,2018-04-01,2018-06-15,validation,6.488762220587496,205,2018-01-01,8.880835377826564,0.6195121951219512
100,3,2018-05-01,2018-07-15,validation,-0.1314924581309107,206,2018-02-01,9.1908370950037,0.6213592233009708
100,3,2018-06-01,2018-08-15,validation,2.5675351340230357,207,2018-03-01,9.232414550418468,0.6231884057971014
100,3,2018-07-01,2018-09-15,validation,5.599426935457519,208,2018-04-01,9.222020186564777,0.625
100,3,2018-08-01,2018-10-15,validation,-5.684886423215296,209,2018-05-01,9.211625822711085,0.6220095693779905
100,3,2018-09-01,2018-11-15,validation,-18.46055319017852,210,2018-06-01,9.201231458857393,0.6238095238095238
100,3,2018-10-01,2018-12-15,validation,-19.027388498444964,211,2018-07-01,9.1908370950037,0.6255924170616114
100,3,2018-11-01,2019-01-15,validation,-2.681882681441383,212,2018-08-01,9.113336665709419,0.6226415094339622
100,3,2018-12-01,2019-02-15,validation,9.030878010413446,213,2018-09-01,9.035836236415136,0.6197183098591549
100,3,2019-01-01,2019-03-15,test,10.909604484291346,214,2018-10-01,8.958335807120845,0.616822429906542
100,3,2019-02-01,2019-04-15,test,5.15793764950665,215,2018-11-01,8.880835377826564,0.6139534883720931
100,3,2019-03-01,2019-05-15,test,-2.968415828769988,216,2018-12-01,9.030878010413446,0.6157407407407407
100,3,2019-04-01,2019-06-15,test,-4.952869184743225,217,2019-01-01,9.15884527808565,0.6175115207373272
100,3,2019-05-01,2019-07-15,test,-9.54460586006478,218,2019-02-01,9.1268534611676,0.6192660550458715
100,3,2019-06-01,2019-08-15,test,-2.6164283201827843,219,2019-03-01,9.094861644249548,0.6164383561643836
100,3,2019-07-01,2019-09-15,test,-5.657781414711582,220,2019-04-01,9.062869827331498,0.6136363636363636
100,3,2019-08-01,2019-10-15,test,3.090753746307673,221,2019-05-01,9.030878010413446,0.6108597285067874
100,3,2019-09-01,2019-11-15,test,3.188675947589381,222,2019-06-01,8.985369398037212,0.6081081081081081
100,3,2019-10-01,2019-12-15,test,3.0862111382658597,223,2019-07-01,8.939860785660981,0.6053811659192825
100,3,2019-11-01,2020-01-15,test,-9.734122649120724,224,2019-08-01,8.894352173284743,0.6071428571428571
100,3,2019-12-01,2020-02-15,test,-36.6299263134096,225,2019-09-01,8.84884356090851,0.6088888888888889
100,3,2020-01-01,2020-03-15,test,-58.23024543028392,226,2019-10-01,8.803334948532271,0.6106194690265486
100,3,2020-02-01,2020-04-15,test,-31.030016103955305,227,2019-11-01,8.782895498618412,0.6079295154185022
100,3,2020-03-01,2020-05-15,test,8.288765980576773,228,2019-12-01,8.762456048704552,0.6052631578947368
100,3,2020-04-01,2020-06-15,test,36.13273172824529,229,2020-01-01,8.74201659879069,0.6026200873362445
100,3,2020-05-01,2020-07-15,test,21.658615076805088,230,2020-02-01,8.72157714887683,0.6
100,3,2020-06-01,2020-08-15,test,3.352269203864333,231,2020-03-01,8.701137698962969,0.6017316017316018
100,3,2020-07-01,2020-09-15,test,-2.7449115838286797,232,2020-04-01,8.782895498618412,0.603448275862069
100,3,2020-08-01,2020-10-15,test,-0.8810629682154847,233,2020-05-01,8.939860785660981,0.6051502145922747
100,3,2020-09-01,2020-11-15,test,14.78514463992715,234,2020-06-01,8.894352173284743,0.6068376068376068
100,3,2020-10-01,2020-12-15,test,23.82423467135539,235,2020-07-01,8.84884356090851,0.6042553191489362
100,3,2020-11-01,2021-01-15,test,28.32474753839147,236,2020-08-01,8.803334948532271,0.6016949152542372
100,3,2020-12-01,2021-02-15,test,23.912884703478987,237,2020-09-01,8.985369398037212,0.6033755274261603
100,3,2021-01-01,2021-03-15,test,13.899887480665551,238,2020-10-01,9.1268534611676,0.6050420168067226
100,3,2021-02-01,2021-04-15,test,8.801087732271373,239,2020-11-01,9.211625822711085,0.606694560669456
100,3,2021-03-01,2021-05-15,test,7.313023775291327,240,2020-12-01,9.319447087963553,0.6083333333333333
100,3,2021-04-01,2021-06-15,test,12.088818988037351,241,2021-01-01,9.625999782729089,0.6099585062240664
100,3,2021-05-01,2021-07-15,test,4.418629228867221,242,2021-02-01,9.549361609037707,0.6115702479338843
100,3,2021-06-01,2021-08-15,test,3.1857073944619785,243,2021-03-01,9.472723435346326,0.6131687242798354
100,3,2021-07-01,2021-09-15,test,10.276413783758631,244,2021-04-01,9.708037159379971,0.6147540983606558
100,3,2021-08-01,2021-10-15,test,13.016709485610534,245,2021-05-01,9.667018471054533,0.6163265306122448
100,3,2021-09-01,2021-11-15,test,5.129329438755015,246,2021-06-01,9.625999782729089,0.6178861788617886
100,3,2021-10-01,2021-12-15,test,6.211952447770219,247,2021-07-01,9.790074536030854,0.6194331983805668
100,3,2021-11-01,2022-01-15,test,18.402949913911115,248,2021-08-01,9.937444803161487,0.6209677419354839
100,3,2021-12-01,2022-02-15,test,36.93601034660485,249,2021-09-01,9.901994276893086,0.6224899598393574
100,3,2022-01-01,2022-03-15,test,22.199566521150786,250,2021-10-01,9.866543750624693,0.624
100,3,2022-02-01,2022-04-15,test,16.987237261738564,251,2021-11-01,10.008345855698275,0.6254980079681275
100,3,2022-03-01,2022-05-15,test,5.923958004377283,252,2021-12-01,10.128052596573278,0.626984126984127
100,3,2022-04-01,2022-06-15,test,6.878866482910517,253,2022-01-01,10.229039982971992,0.6284584980237155
100,3,2022-05-01,2022-07-15,test,-3.516845947266578,254,2022-02-01,10.316077475687191,0.6299212598425197
100,3,2022-06-01,2022-08-15,test,-10.589966150983532,255,2022-03-01,10.296245629722913,0.6313725490196078
100,3,2022-07-01,2022-09-15,test,-5.133091595223593,256,2022-04-01,10.276413783758631,0.6328125
100,3,2022-08-01,2022-10-15,test,-4.968541937694315,257,2022-05-01,10.252726883365312,0.6303501945525292
100,3,2022-09-01,2022-11-15,test,-8.100619170606205,258,2022-06-01,10.229039982971992,0.627906976744186
100,3,2022-10-01,2022-12-15,test,-8.393791898170466,259,2022-07-01,10.20535308257867,0.6254826254826255
100,3,2022-11-01,2023-01-15,test,-5.891174793005582,260,2022-08-01,10.18166618218535,0.6230769230769231
100,3,2022-12-01,2023-02-15,test,-3.8318864302136824,261,2022-09-01,10.157979281792027,0.6206896551724138
100,3,2023-01-01,2023-03-15,test,-2.990256017386983,262,2022-10-01,10.128052596573278,0.6183206106870229
100,3,2023-02-01,2023-04-15,test,-10.785739585641352,263,2022-11-01,10.09812591135453,0.6159695817490495
100,3,2023-03-01,2023-05-15,test,-9.366223285953978,264,2022-12-01,10.068199226135777,0.6136363636363636
100,3,2023-04-01,2023-06-15,test,-7.255256030416835,265,2023-01-01,10.038272540917028,0.6113207547169811
100,3,2023-05-01,2023-07-15,test,6.627312694977938,266,2023-02-01,10.008345855698275,0.6090225563909775
100,3,2023-06-01,2023-08-15,test,16.08015356971686,267,2023-03-01,9.97289532942988,0.6067415730337079
100,3,2023-07-01,2023-09-15,test,10.9793106930951,268,2023-04-01,9.937444803161487,0.6044776119402985
100,3,2023-08-01,2023-10-15,test,0.0866175887848541,269,2023-05-01,9.901994276893086,0.6059479553903345
100,3,2023-09-01,2023-11-15,test,-12.429771667757716,270,2023-06-01,10.038272540917028,0.6074074074074074
100,3,2023-10-01,2023-12-15,test,-12.624686020989362,271,2023-07-01,10.157979281792027,0.6088560885608856
100,3,2023-11-01,2024-01-15,test,-6.5289163549466345,272,2023-08-01,10.128052596573278,0.6102941176470589
100,3,2023-12-01,2024-02-15,test,1.7312505292748526,273,2023-09-01,10.09812591135453,0.608058608058608
100,3,2024-01-01,2024-03-15,test,7.456869549750866,274,2023-10-01,10.068199226135777,0.6058394160583942
100,3,2024-02-01,2024-04-15,test,4.074805463334918,275,2023-11-01,10.038272540917028,0.6036363636363636
100,3,2024-03-01,2024-05-15,test,2.3215328319369455,276,2023-12-01,10.008345855698275,0.605072463768116
100,3,2024-04-01,2024-06-15,test,-1.9871064197383603,277,2024-01-01,9.97289532942988,0.6064981949458483
100,3,2024-05-01,2024-07-15,test,-2.3340377317096817,278,2024-02-01,9.937444803161487,0.6079136690647482
100,3,2024-06-01,2024-08-15,test,-7.322574889403111,279,2024-03-01,9.901994276893086,0.6093189964157706
100,3,2024-07-01,2024-09-15,test,-7.14266459729318,280,2024-04-01,9.866543750624693,0.6071428571428571
100,3,2024-08-01,2024-10-15,test,-5.124549209781115,281,2024-05-01,9.831093224356293,0.604982206405694
100,3,2024-09-01,2024-11-15,test,0.1897533776191728,282,2024-06-01,9.790074536030854,0.6028368794326241
100,3,2024-10-01,2024-12-15,test,4.220809997379149,283,2024-07-01,9.749055847705415,0.6007067137809188
100,3,2024-11-01,2025-01-15,test,3.6606621349691615,284,2024-08-01,9.708037159379971,0.5985915492957746
100,3,2024-12-01,2025-02-15,test,-1.4320053774748764,285,2024-09-01,9.667018471054533,0.6
100,3,2025-01-01,2025-03-15,test,-10.506106963073504,286,2024-10-01,9.625999782729089,0.6013986013986014
100,3,2025-02-01,2025-04-15,test,-11.928185417643444,287,2024-11-01,9.549361609037707,0.6027874564459931
100,3,2025-03-01,2025-05-15,test,-2.729214228800725,288,2024-12-01,9.472723435346326,0.6006944444444444
100,3,2025-04-01,2025-06-15,test,1.1904902506318926,289,2025-01-01,9.396085261654934,0.5986159169550173
100,3,2025-05-01,2025-07-15,test,4.069737616381008,290,2025-02-01,9.319447087963553,0.596551724137931
100,3,2025-06-01,2025-08-15,test,-1.4933079885572909,291,2025-03-01,9.24280891427216,0.5945017182130584
100,3,2025-07-01,2025-09-15,test,-5.4724899689246875,292,2025-04-01,9.232414550418468,0.5958904109589042
100,3,2025-08-01,2025-10-15,test,-4.590300999107555,293,2025-05-01,9.222020186564777,0.5972696245733788
100,3,2025-09-01,2025-11-15,test,-6.1000820955613655,294,2025-06-01,9.211625822711085,0.5952380952380952
100,3,2025-10-01,2025-12-15,test,1.2422519998557036,295,2025-07-01,9.201231458857393,0.5932203389830508
100,3,2025-11-01,2026-01-15,test,2.57613421763061,296,2025-08-01,9.1908370950037,0.5912162162162162
100,3,2025-12-01,2026-02-15,test,34.46627874907291,297,2025-09-01,9.15884527808565,0.5892255892255892
100,3,2026-01-01,2026-03-15,test,37.6235469793226,298,2025-10-01,9.1268534611676,0.5906040268456376
100,3,2026-02-01,2026-04-15,test,37.69163076810056,299,2025-11-01,9.094861644249548,0.5919732441471572
100,3,2026-03-01,2026-05-15,test,-0.4542021434501109,300,2025-12-01,9.201231458857393,0.5933333333333334
100,3,2026-04-01,2026-06-15,test,-11.197367154954296,301,2026-01-01,9.24280891427216,0.5946843853820598
100,3,2026-05-01,2026-07-15,test,-8.974301163297493,302,2026-02-01,9.549361609037707,0.5960264900662252
100,4,2015-01-01,2015-03-15,validation,11.094907368877928,165,2014-09-01,11.430984217063733,0.6545454545454545
100,4,2015-02-01,2015-04-15,validation,10.33176140280263,166,2014-10-01,11.391279747314352,0.6506024096385542
100,4,2015-03-01,2015-05-15,validation,7.885857491231984,167,2014-11-01,11.345303490444856,0.6467065868263473
100,4,2015-04-01,2015-06-15,validation,-5.608946665104408,168,2014-12-01,11.299327233575355,0.6428571428571429
100,4,2015-05-01,2015-07-15,validation,-19.113773480342733,169,2015-01-01,11.25335097670586,0.6449704142011834
100,4,2015-06-01,2015-08-15,validation,-21.85528776056107,170,2015-02-01,11.207374719836364,0.6470588235294118
100,4,2015-07-01,2015-09-15,validation,-25.199170565186833,171,2015-03-01,11.161398462966863,0.6491228070175439
100,4,2015-08-01,2015-10-15,validation,-24.434575896481235,172,2015-04-01,11.148100244149077,0.6453488372093024
100,4,2015-09-01,2015-11-15,validation,-28.07485432569248,173,2015-05-01,11.13480202533129,0.6416184971098265
100,4,2015-10-01,2015-12-15,validation,-31.34566951403963,174,2015-06-01,11.121503806513502,0.6379310344827587
100,4,2015-11-01,2016-01-15,validation,-17.988550199607324,175,2015-07-01,11.108205587695716,0.6342857142857142
100,4,2015-12-01,2016-02-15,validation,-0.2234637801416195,176,2015-08-01,11.094907368877928,0.6306818181818182
100,4,2016-01-01,2016-03-15,validation,19.563290143219405,177,2015-09-01,11.091189329375679,0.6271186440677966
100,4,2016-02-01,2016-04-15,validation,26.85711119042189,178,2015-10-01,11.08747128987343,0.6235955056179775
100,4,2016-03-01,2016-05-15,validation,16.14234391563376,179,2015-11-01,11.08375325037118,0.6201117318435754
100,4,2016-04-01,2016-06-15,validation,7.538551943703142,180,2015-12-01,11.08003521086893,0.6166666666666667
100,4,2016-05-01,2016-07-15,validation,0.2063984220851633,181,2016-01-01,11.094907368877928,0.6187845303867403
100,4,2016-06-01,2016-08-15,validation,2.5617164370300483,182,2016-02-01,11.148100244149077,0.6208791208791209
100,4,2016-07-01,2016-09-15,validation,3.658944743229231,183,2016-03-01,11.299327233575355,0.6229508196721312
100,4,2016-08-01,2016-10-15,validation,12.100513280534209,184,2016-04-01,11.25335097670586,0.625
100,4,2016-09-01,2016-11-15,validation,17.195876975840818,185,2016-05-01,11.207374719836364,0.6270270270270271
100,4,2016-10-01,2016-12-15,validation,12.767771737306166,186,2016-06-01,11.161398462966863,0.6290322580645161
100,4,2016-11-01,2017-01-15,validation,12.727433304146585,187,2016-07-01,11.148100244149077,0.6310160427807486
100,4,2016-12-01,2017-02-15,validation,6.062462181643502,188,2016-08-01,11.299327233575355,0.6329787234042553
100,4,2017-01-01,2017-03-15,validation,-1.9281929549450183,189,2016-09-01,11.470688686813109,0.6349206349206349
100,4,2017-02-01,2017-04-15,validation,-8.390288831936221,190,2016-10-01,11.605193408299357,0.6368421052631579
100,4,2017-03-01,2017-05-15,validation,-4.309463946308645,191,2016-11-01,11.66675865725182,0.6387434554973822
100,4,2017-04-01,2017-06-15,validation,-2.2748137525936407,192,2016-12-01,11.651367345013705,0.640625
100,4,2017-05-01,2017-07-15,validation,4.160045250514521,193,2017-01-01,11.63597603277559,0.6373056994818653
100,4,2017-06-01,2017-08-15,validation,13.236684142734669,194,2017-02-01,11.620584720537472,0.634020618556701
100,4,2017-07-01,2017-09-15,validation,17.4646922040846,195,2017-03-01,11.605193408299357,0.6307692307692307
100,4,2017-08-01,2017-10-15,validation,16.895832898178753,196,2017-04-01,11.58980209606124,0.6275510204081632
100,4,2017-09-01,2017-11-15,validation,17.265415139181872,197,2017-05-01,11.550097626311864,0.6294416243654822
100,4,2017-10-01,2017-12-15,validation,11.251269178967416,198,2017-06-01,11.63597603277559,0.6313131313131313
100,4,2017-11-01,2018-01-15,validation,5.980855430956833,199,2017-07-01,11.685796265446735,0.6331658291457286
100,4,2017-12-01,2018-02-15,validation,6.789610683241687,200,2017-08-01,11.791584798298132,0.635
100,4,2018-01-01,2018-03-15,validation,8.35530228182808,201,2017-09-01,12.100513280534209,0.6368159203980099
100,4,2018-02-01,2018-04-15,validation,11.42133417797586,202,2017-10-01,12.023281159975191,0.6386138613861386
100,4,2018-03-01,2018-05-15,validation,10.332651815286198,203,2017-11-01,11.946049039416176,0.6403940886699507
100,4,2018-04-01,2018-06-15,validation,5.963826631973124,204,2017-12-01,11.868816918857148,0.6421568627450981
100,4,2018-05-01,2018-07-15,validation,3.6132962984188666,205,2018-01-01,11.791584798298132,0.6439024390243903
100,4,2018-06-01,2018-08-15,validation,4.94710890154515,206,2018-02-01,11.714352677739104,0.6456310679611651
100,4,2018-07-01,2018-09-15,validation,-6.209822011829669,207,2018-03-01,11.704833873641649,0.6473429951690821
100,4,2018-08-01,2018-10-15,validation,-14.715764433628742,208,2018-04-01,11.695315069544192,0.6490384615384616
100,4,2018-09-01,2018-11-15,validation,-16.64781473092285,209,2018-05-01,11.685796265446735,0.6507177033492823
100,4,2018-10-01,2018-12-15,validation,-14.49113162872857,210,2018-06-01,11.676277461349278,0.6523809523809524
100,4,2018-11-01,2019-01-15,validation,0.0,211,2018-07-01,11.66675865725182,0.6492890995260664
100,4,2018-12-01,2019-02-15,validation,12.722342943547016,212,2018-08-01,11.651367345013705,0.6462264150943396
100,4,2019-01-01,2019-03-15,test,9.694194519223045,213,2018-09-01,11.63597603277559,0.6431924882629108
100,4,2019-02-01,2019-04-15,test,-0.2865331473286048,214,2018-10-01,11.620584720537472,0.6401869158878505
100,4,2019-03-01,2019-05-15,test,-1.2614042516096546,215,2018-11-01,11.605193408299357,0.6372093023255814
100,4,2019-04-01,2019-06-15,test,-10.760015825133085,216,2018-12-01,11.66675865725182,0.6388888888888888
100,4,2019-05-01,2019-07-15,test,-8.060899117018039,217,2019-01-01,11.651367345013705,0.6405529953917051
100,4,2019-06-01,2019-08-15,test,-3.950769837551249,218,2019-02-01,11.63597603277559,0.6376146788990825
100,4,2019-07-01,2019-09-15,test,-2.716392894082187,219,2019-03-01,11.620584720537472,0.634703196347032
100,4,2019-08-01,2019-10-15,test,4.672382690636123,220,2019-04-01,11.605193408299357,0.6318181818181818
100,4,2019-09-01,2019-11-15,test,1.751869620897395,221,2019-05-01,11.58980209606124,0.6289592760180995
100,4,2019-10-01,2019-12-15,test,-6.792734128491329,222,2019-06-01,11.556108512444165,0.6261261261261262
100,4,2019-11-01,2020-01-15,test,-35.04829736908115,223,2019-07-01,11.522414928827091,0.6233183856502242
100,4,2019-12-01,2020-02-15,test,-59.66705175697591,224,2019-08-01,11.488721345210013,0.625
100,4,2020-01-01,2020-03-15,test,-40.90896137071249,225,2019-09-01,11.45502776159294,0.6266666666666667
100,4,2020-02-01,2020-04-15,test,-17.02540873938365,226,2019-10-01,11.42133417797586,0.6238938053097345
100,4,2020-03-01,2020-05-15,test,13.095606284678984,227,2019-11-01,11.415323291843558,0.6211453744493393
100,4,2020-04-01,2020-06-15,test,38.97989913637652,228,2019-12-01,11.409312405711256,0.618421052631579
100,4,2020-05-01,2020-07-15,test,17.356876568435986,229,2020-01-01,11.403301519578955,0.6157205240174672
100,4,2020-06-01,2020-08-15,test,2.0619287202735315,230,2020-02-01,11.397290633446653,0.6130434782608696
100,4,2020-07-01,2020-09-15,test,1.966104439915739,231,2020-03-01,11.42133417797586,0.6147186147186147
100,4,2020-08-01,2020-10-15,test,10.483406131558048,232,2020-04-01,11.556108512444165,0.6163793103448276
100,4,2020-09-01,2020-11-15,test,22.53389418776459,233,2020-05-01,11.63597603277559,0.6180257510729614
100,4,2020-10-01,2020-12-15,test,33.03576356213589,234,2020-06-01,11.620584720537472,0.6196581196581197
100,4,2020-11-01,2021-01-15,test,35.277353803252524,235,2020-07-01,11.605193408299357,0.6212765957446809
100,4,2020-12-01,2021-02-15,test,21.648637028502993,236,2020-08-01,11.58980209606124,0.6228813559322034
100,4,2021-01-01,2021-03-15,test,18.01261662305187,237,2020-09-01,11.651367345013705,0.6244725738396625
100,4,2021-02-01,2021-04-15,test,14.265630040152375,238,2020-10-01,11.695315069544192,0.6260504201680672
100,4,2021-03-01,2021-05-15,test,9.82457131306136,239,2020-11-01,11.868816918857148,0.6276150627615062
100,4,2021-04-01,2021-06-15,test,8.531358371253539,240,2020-12-01,12.154958474985401,0.6291666666666667
100,4,2021-05-01,2021-07-15,test,8.650249702342983,241,2021-01-01,12.372739252790144,0.6307053941908713
100,4,2021-06-01,2021-08-15,test,12.787961321528662,242,2021-02-01,12.440992818913037,0.6322314049586777
100,4,2021-07-01,2021-09-15,test,9.45924886882672,243,2021-03-01,12.423929427382314,0.6337448559670782
100,4,2021-08-01,2021-10-15,test,9.360949912230776,244,2021-04-01,12.40686603585159,0.6352459016393442
100,4,2021-09-01,2021-11-15,test,15.814206374836903,245,2021-05-01,12.389802644320868,0.636734693877551
100,4,2021-10-01,2021-12-15,test,17.585784998979204,246,2021-06-01,12.458056210443758,0.6382113821138211
100,4,2021-11-01,2022-01-15,test,33.28025077322509,247,2021-07-01,12.440992818913037,0.6396761133603239
100,4,2021-12-01,2022-02-15,test,32.88444345723267,248,2021-08-01,12.423929427382314,0.6411290322580645
100,4,2022-01-01,2022-03-15,test,28.361069812947548,249,2021-09-01,12.563770903685063,0.642570281124498
100,4,2022-02-01,2022-04-15,test,20.801258863691263,250,2021-10-01,12.72336101566693,0.644
100,4,2022-03-01,2022-05-15,test,2.827299593538335,251,2021-11-01,12.727433304146585,0.6454183266932271
100,4,2022-04-01,2022-06-15,test,2.644657344530188,252,2021-12-01,12.738699909396223,0.6468253968253969
100,4,2022-05-01,2022-07-15,test,-6.775944549030832,253,2022-01-01,12.757269666667153,0.6482213438735178
100,4,2022-06-01,2022-08-15,test,-8.229750006062542,254,2022-02-01,12.770643464435896,0.6496062992125984
100,4,2022-07-01,2022-09-15,test,-9.202751076074644,255,2022-03-01,12.769207600871031,0.6509803921568628
100,4,2022-08-01,2022-10-15,test,-11.35971777237046,256,2022-04-01,12.767771737306166,0.65234375
100,4,2022-09-01,2022-11-15,test,-6.033575753249476,257,2022-05-01,12.76252070198666,0.6498054474708171
100,4,2022-10-01,2022-12-15,test,-9.960834273856634,258,2022-06-01,12.757269666667153,0.6472868217054264
100,4,2022-11-01,2023-01-15,test,-10.223062264889826,259,2022-07-01,12.752018631347646,0.6447876447876448
100,4,2022-12-01,2023-02-15,test,-0.9232126000302544,260,2022-08-01,12.746767596028139,0.6423076923076924
100,4,2023-01-01,2023-03-15,test,-12.35278196132752,261,2022-09-01,12.741516560708632,0.6398467432950191
100,4,2023-02-01,2023-04-15,test,-13.698110757838222,262,2022-10-01,12.738699909396223,0.6374045801526718
100,4,2023-03-01,2023-05-15,test,-4.3465822002334065,263,2022-11-01,12.735883258083813,0.6349809885931559
100,4,2023-04-01,2023-06-15,test,-2.735213248962598,264,2022-12-01,12.733066606771404,0.6325757575757576
100,4,2023-05-01,2023-07-15,test,13.16778239751999,265,2023-01-01,12.730249955458994,0.630188679245283
100,4,2023-06-01,2023-08-15,test,15.998951778815671,266,2023-02-01,12.727433304146585,0.6278195488721805
100,4,2023-07-01,2023-09-15,test,4.606660370239091,267,2023-03-01,12.726415232026671,0.6254681647940075
100,4,2023-08-01,2023-10-15,test,-5.889301965215665,268,2023-04-01,12.725397159906757,0.6231343283582089
100,4,2023-09-01,2023-11-15,test,-12.705887811890548,269,2023-05-01,12.733066606771404,0.6245353159851301
100,4,2023-10-01,2023-12-15,test,-12.901566677802643,270,2023-06-01,12.746767596028139,0.6259259259259259
100,4,2023-11-01,2024-01-15,test,-4.244669024725667,271,2023-07-01,12.741516560708632,0.6273062730627307
100,4,2023-12-01,2024-02-15,test,7.180753405618034,272,2023-08-01,12.738699909396223,0.625
100,4,2024-01-01,2024-03-15,test,3.7979248065216353,273,2023-09-01,12.735883258083813,0.6227106227106227
100,4,2024-02-01,2024-04-15,test,4.605780162157913,274,2023-10-01,12.733066606771404,0.6204379562043796
100,4,2024-03-01,2024-05-15,test,3.4623964566048215,275,2023-11-01,12.730249955458994,0.6181818181818182
100,4,2024-04-01,2024-06-15,test,-5.992982474938913,276,2023-12-01,12.727433304146585,0.6195652173913043
100,4,2024-05-01,2024-07-15,test,-6.791600190580116,277,2024-01-01,12.726415232026671,0.6209386281588448
100,4,2024-06-01,2024-08-15,test,-6.001800972625304,278,2024-02-01,12.725397159906757,0.6223021582733813
100,4,2024-07-01,2024-09-15,test,-9.130425264981668,279,2024-03-01,12.724379087786843,0.6236559139784946
100,4,2024-08-01,2024-10-15,test,-4.2678090812512615,280,2024-04-01,12.72336101566693,0.6214285714285714
100,4,2024-09-01,2024-11-15,test,5.541583914156956,281,2024-05-01,12.722342943547016,0.6192170818505338
100,4,2024-10-01,2024-12-15,test,1.672901467280674,282,2024-06-01,12.669485596926368,0.6170212765957447
100,4,2024-11-01,2025-01-15,test,-0.5752652489450227,283,2024-07-01,12.616628250305718,0.6148409893992933
100,4,2024-12-01,2025-02-15,test,-5.15427642653572,284,2024-08-01,12.563770903685063,0.6126760563380281
100,4,2025-01-01,2025-03-15,test,-14.47609394774192,285,2024-09-01,12.510913557064415,0.6140350877192983
100,4,2025-02-01,2025-04-15,test,-6.965141612714909,286,2024-10-01,12.458056210443758,0.6153846153846154
100,4,2025-03-01,2025-05-15,test,-2.531780798428951,287,2024-11-01,12.440992818913037,0.6132404181184669
100,4,2025-04-01,2025-06-15,test,0.0997506317125918,288,2024-12-01,12.423929427382314,0.6111111111111112
100,4,2025-05-01,2025-07-15,test,3.4697358163712444,289,2025-01-01,12.40686603585159,0.6089965397923875
100,4,2025-06-01,2025-08-15,test,-5.275056538552914,290,2025-02-01,12.389802644320868,0.6068965517241379
100,4,2025-07-01,2025-09-15,test,-5.681040618026856,291,2025-03-01,12.372739252790144,0.6048109965635738
100,4,2025-08-01,2025-10-15,test,-6.7000838955711295,292,2025-04-01,12.31829405833896,0.6061643835616438
100,4,2025-09-01,2025-11-15,test,-2.539496550139919,293,2025-05-01,12.263848863887775,0.6075085324232082
100,4,2025-10-01,2025-12-15,test,2.367583568528442,294,2025-06-01,12.209403669436584,0.6054421768707483
100,4,2025-11-01,2026-01-15,test,32.356495852609335,295,2025-07-01,12.154958474985401,0.6033898305084746
100,4,2025-12-01,2026-02-15,test,41.18413252474405,296,2025-08-01,12.100513280534209,0.6013513513513513
100,4,2026-01-01,2026-03-15,test,38.8169623367733,297,2025-09-01,12.023281159975191,0.5993265993265994
100,4,2026-02-01,2026-04-15,test,29.326159491528617,298,2025-10-01,11.946049039416176,0.6006711409395973
100,4,2026-03-01,2026-05-15,test,-4.479513379283162,299,2025-11-01,12.209403669436584,0.6020066889632107
100,4,2026-04-01,2026-06-15,test,-7.780885805846793,300,2025-12-01,12.389802644320868,0.6033333333333334
100,5,2015-01-01,2015-03-15,validation,13.265535227064262,164,2014-08-01,13.978403253749383,0.6341463414634146
100,5,2015-02-01,2015-04-15,validation,7.374347424554983,165,2014-09-01,13.937757422891725,0.6303030303030303
100,5,2015-03-01,2015-05-15,validation,-2.247285585205905,166,2014-10-01,13.897111592034062,0.6265060240963856
100,5,2015-04-01,2015-06-15,validation,-13.80279094894794,167,2014-11-01,13.873363320888316,0.6227544910179641
100,5,2015-05-01,2015-07-15,validation,-19.684659902374733,168,2014-12-01,13.849615049742567,0.6190476190476191
100,5,2015-06-01,2015-08-15,validation,-28.156584543434484,169,2015-01-01,13.82586677859682,0.621301775147929
100,5,2015-07-01,2015-09-15,validation,-34.567718972919124,170,2015-02-01,13.802118507451075,0.6235294117647059
100,5,2015-08-01,2015-10-15,validation,-36.26869860953601,171,2015-03-01,13.778370236305326,0.6198830409356725
100,5,2015-09-01,2015-11-15,validation,-31.91655593607163,172,2015-04-01,13.74610844799853,0.6162790697674418
100,5,2015-10-01,2015-12-15,validation,-24.289846982480732,173,2015-05-01,13.713846659691729,0.6127167630057804
100,5,2015-11-01,2016-01-15,validation,-9.59201218787391,174,2015-06-01,13.681584871384935,0.6091954022988506
100,5,2015-12-01,2016-02-15,validation,7.72916743016463,175,2015-07-01,13.649323083078139,0.6057142857142858
100,5,2016-01-01,2016-03-15,validation,23.015409580042736,176,2015-08-01,13.617061294771338,0.6022727272727273
100,5,2016-02-01,2016-04-15,validation,23.19816644719266,177,2015-09-01,13.553498122215316,0.5988700564971752
100,5,2016-03-01,2016-05-15,validation,15.935089955436554,178,2015-10-01,13.489934949659286,0.5955056179775281
100,5,2016-04-01,2016-06-15,validation,8.159029632391412,179,2015-11-01,13.426371777103263,0.5921787709497207
100,5,2016-05-01,2016-07-15,validation,6.013835873853379,180,2015-12-01,13.362808604547242,0.5944444444444444
100,5,2016-06-01,2016-08-15,validation,0.0,181,2016-01-01,13.617061294771338,0.5966850828729282
100,5,2016-07-01,2016-09-15,validation,11.893259320337002,182,2016-02-01,13.74610844799853,0.5989010989010989
100,5,2016-08-01,2016-10-15,validation,17.816354664529086,183,2016-03-01,13.849615049742567,0.6010928961748634
100,5,2016-09-01,2016-11-15,validation,18.575209189074386,184,2016-04-01,13.82586677859682,0.6032608695652174
100,5,2016-10-01,2016-12-15,validation,10.165716867116537,185,2016-05-01,13.802118507451075,0.6054054054054054
100,5,2016-11-01,2017-01-15,validation,14.296776758751273,186,2016-06-01,13.778370236305326,0.6021505376344086
100,5,2016-12-01,2017-02-15,validation,3.7876484290498618,187,2016-07-01,13.74610844799853,0.6042780748663101
100,5,2017-01-01,2017-03-15,validation,-7.010956618702657,188,2016-08-01,13.849615049742567,0.6063829787234043
100,5,2017-02-01,2017-04-15,validation,-6.911518816498274,189,2016-09-01,13.978403253749383,0.6084656084656085
100,5,2017-03-01,2017-05-15,validation,-0.7054702979889527,190,2016-10-01,13.937757422891725,0.6105263157894737
100,5,2017-04-01,2017-06-15,validation,1.8852314979208808,191,2016-11-01,14.10034074632236,0.612565445026178
100,5,2017-05-01,2017-07-15,validation,8.153920478977028,192,2016-12-01,14.059694915464702,0.6145833333333334
100,5,2017-06-01,2017-08-15,validation,18.943462219522544,193,2017-01-01,14.019049084607046,0.6113989637305699
100,5,2017-07-01,2017-09-15,validation,20.499826546498447,194,2017-02-01,13.978403253749383,0.6082474226804123
100,5,2017-08-01,2017-10-15,validation,21.425460389696394,195,2017-03-01,13.937757422891725,0.6051282051282051
100,5,2017-09-01,2017-11-15,validation,15.245144407429922,196,2017-04-01,13.897111592034062,0.6071428571428571
100,5,2017-10-01,2017-12-15,validation,11.68763350774471,197,2017-05-01,13.873363320888316,0.6091370558375635
100,5,2017-11-01,2018-01-15,validation,9.824745025655536,198,2017-06-01,14.019049084607046,0.6111111111111112
100,5,2017-12-01,2018-02-15,validation,12.88492977334572,199,2017-07-01,14.178915151293927,0.6130653266331658
100,5,2018-01-01,2018-03-15,validation,9.401063446223912,200,2017-08-01,14.322413583891962,0.615
100,5,2018-02-01,2018-04-15,validation,10.769016144063492,201,2017-09-01,14.424960884454707,0.6169154228855721
100,5,2018-03-01,2018-05-15,validation,9.807716226671824,202,2017-10-01,14.399324059314022,0.6188118811881188
100,5,2018-04-01,2018-06-15,validation,9.7086153885229,203,2017-11-01,14.373687234173337,0.6206896551724138
100,5,2018-05-01,2018-07-15,validation,5.992870065940981,204,2017-12-01,14.348050409032647,0.6225490196078431
100,5,2018-06-01,2018-08-15,validation,-6.862140045742038,205,2018-01-01,14.322413583891962,0.624390243902439
100,5,2018-07-01,2018-09-15,validation,-15.240700022243114,206,2018-02-01,14.296776758751273,0.6262135922330098
100,5,2018-08-01,2018-10-15,validation,-12.903025974373072,207,2018-03-01,14.257489556265492,0.6280193236714976
100,5,2018-09-01,2018-11-15,validation,-12.111557861206457,208,2018-04-01,14.218202353779713,0.6298076923076923
100,5,2018-10-01,2018-12-15,validation,-11.809248947287188,209,2018-05-01,14.178915151293927,0.631578947368421
100,5,2018-11-01,2019-01-15,validation,3.6914649331335703,210,2018-06-01,14.139627948808146,0.6285714285714286
100,5,2018-12-01,2019-02-15,validation,11.506932978478712,211,2018-07-01,14.10034074632236,0.6255924170616114
100,5,2019-01-01,2019-03-15,test,4.249723722387788,212,2018-08-01,14.059694915464702,0.6226415094339622
100,5,2019-02-01,2019-04-15,test,1.4204784298317286,213,2018-09-01,14.019049084607046,0.6197183098591549
100,5,2019-03-01,2019-05-15,test,-7.068550891999514,214,2018-10-01,13.978403253749383,0.616822429906542
100,5,2019-04-01,2019-06-15,test,-9.276309082086344,215,2018-11-01,13.937757422891725,0.6186046511627907
100,5,2019-05-01,2019-07-15,test,-9.395240634386504,216,2018-12-01,13.897111592034062,0.6203703703703703
100,5,2019-06-01,2019-08-15,test,-1.0093813169218535,217,2019-01-01,13.873363320888316,0.6221198156682027
100,5,2019-07-01,2019-09-15,test,-1.1347639497537363,218,2019-02-01,13.849615049742571,0.6238532110091743
100,5,2019-08-01,2019-10-15,test,3.235576363944137,219,2019-03-01,13.82586677859682,0.6210045662100456
100,5,2019-09-01,2019-11-15,test,-8.127075645859794,220,2019-04-01,13.802118507451075,0.6181818181818182
100,5,2019-10-01,2019-12-15,test,-32.10690884845175,221,2019-05-01,13.778370236305326,0.6153846153846154
100,5,2019-11-01,2020-01-15,test,-58.08542281264746,222,2019-06-01,13.74610844799853,0.6126126126126126
100,5,2019-12-01,2020-02-15,test,-42.34576769740448,223,2019-07-01,13.713846659691734,0.6098654708520179
100,5,2020-01-01,2020-03-15,test,-26.90435400614084,224,2019-08-01,13.681584871384935,0.6116071428571429
100,5,2020-02-01,2020-04-15,test,-12.21856843528144,225,2019-09-01,13.649323083078139,0.6088888888888889
100,5,2020-03-01,2020-05-15,test,15.942773692810208,226,2019-10-01,13.617061294771338,0.6061946902654868
100,5,2020-04-01,2020-06-15,test,34.67816062800742,227,2019-11-01,13.553498122215316,0.6035242290748899
100,5,2020-05-01,2020-07-15,test,16.066536084845183,228,2019-12-01,13.489934949659295,0.6008771929824561
100,5,2020-06-01,2020-08-15,test,6.77294474401795,229,2020-01-01,13.426371777103263,0.5982532751091703
100,5,2020-07-01,2020-09-15,test,13.330573539689272,230,2020-02-01,13.362808604547242,0.5956521739130435
100,5,2020-08-01,2020-10-15,test,18.23215567939549,231,2020-03-01,13.617061294771338,0.5974025974025974
100,5,2020-09-01,2020-11-15,test,31.745423078545087,232,2020-04-01,13.74610844799853,0.5991379310344828
100,5,2020-10-01,2020-12-15,test,39.98836982699694,233,2020-05-01,13.849615049742571,0.6008583690987125
100,5,2020-11-01,2021-01-15,test,33.013106128276526,234,2020-06-01,13.82586677859682,0.6025641025641025
100,5,2020-12-01,2021-02-15,test,25.76136617088931,235,2020-07-01,13.802118507451075,0.6042553191489362
100,5,2021-01-01,2021-03-15,test,23.477158930932873,236,2020-08-01,13.897111592034062,0.6059322033898306
100,5,2021-02-01,2021-04-15,test,16.77717757792241,237,2020-09-01,14.059694915464702,0.6075949367088608
100,5,2021-03-01,2021-05-15,test,6.267110696277545,238,2020-10-01,14.218202353779713,0.6092436974789915
100,5,2021-04-01,2021-06-15,test,12.7629788447293,239,2020-11-01,14.348050409032647,0.6108786610878661
100,5,2021-05-01,2021-07-15,test,18.252503629409667,240,2020-12-01,14.478361302424544,0.6125
100,5,2021-06-01,2021-08-15,test,11.970796406596753,241,2021-01-01,14.691962974303864,0.6141078838174274
100,5,2021-07-01,2021-09-15,test,5.803489295446962,242,2021-02-01,14.98548072896846,0.6157024793388429
100,5,2021-08-01,2021-10-15,test,20.045826848312664,243,2021-03-01,14.912101290302315,0.6172839506172839
100,5,2021-09-01,2021-11-15,test,27.188038926045888,244,2021-04-01,14.838721851636162,0.6188524590163934
100,5,2021-10-01,2021-12-15,test,32.463085858293184,245,2021-05-01,15.090269014837238,0.6204081632653061
100,5,2021-11-01,2022-01-15,test,29.228683883852913,246,2021-06-01,15.058860167634602,0.6219512195121951
100,5,2021-12-01,2022-02-15,test,39.04594674902944,247,2021-07-01,14.98548072896846,0.6234817813765182
100,5,2022-01-01,2022-03-15,test,32.17509141490025,248,2021-08-01,15.153086709242507,0.625
100,5,2022-02-01,2022-04-15,test,17.704600452852315,249,2021-09-01,15.227600405160631,0.6265060240963856
100,5,2022-03-01,2022-05-15,test,-1.4069095448419944,250,2021-10-01,15.331645564042454,0.628
100,5,2022-04-01,2022-06-15,test,-0.6144412572340663,251,2021-11-01,15.677650190492542,0.6294820717131474
100,5,2022-05-01,2022-07-15,test,-4.415728404109842,252,2021-12-01,15.745845574385166,0.6309523809523809
100,5,2022-06-01,2022-08-15,test,-12.299409486913593,253,2022-01-01,15.83006111269656,0.6324110671936759
100,5,2022-07-01,2022-09-15,test,-15.593926910750788,254,2022-02-01,15.898939326727852,0.6338582677165354
100,5,2022-08-01,2022-10-15,test,-9.29267435501373,255,2022-03-01,15.886889117158287,0.6313725490196078
100,5,2022-09-01,2022-11-15,test,-7.600618128935643,256,2022-04-01,15.874838907588718,0.62890625
100,5,2022-10-01,2022-12-15,test,-14.292721745740876,257,2022-05-01,15.85245001014264,0.6264591439688716
100,5,2022-11-01,2023-01-15,test,-7.314388434706398,258,2022-06-01,15.83006111269656,0.624031007751938
100,5,2022-12-01,2023-02-15,test,-10.28573854397079,259,2022-07-01,15.807672215250479,0.6216216216216216
100,5,2023-01-01,2023-03-15,test,-15.26515313352439,260,2022-08-01,15.785283317804401,0.6192307692307693
100,5,2023-02-01,2023-04-15,test,-8.67846967211765,261,2022-09-01,15.76289442035832,0.6168582375478927
100,5,2023-03-01,2023-05-15,test,0.17346058122083,262,2022-10-01,15.745845574385166,0.6145038167938931
100,5,2023-04-01,2023-06-15,test,3.805256453579453,263,2022-11-01,15.72879672841201,0.6121673003802282
100,5,2023-05-01,2023-07-15,test,13.086580606618805,264,2022-12-01,15.711747882438853,0.6098484848484849
100,5,2023-06-01,2023-08-15,test,9.626301455959664,265,2023-01-01,15.6946990364657,0.6075471698113207
100,5,2023-07-01,2023-09-15,test,-1.3692591837614287,266,2023-02-01,15.677650190492542,0.6052631578947368
100,5,2023-08-01,2023-10-15,test,-6.165418109348497,267,2023-03-01,15.591149033880024,0.6067415730337079
100,5,2023-09-01,2023-11-15,test,-12.982768468703831,268,2023-04-01,15.504647877267505,0.6082089552238806
100,5,2023-10-01,2023-12-15,test,-10.617319347581676,269,2023-05-01,15.418146720654972,0.6096654275092936
100,5,2023-11-01,2024-01-15,test,1.204833851617515,270,2023-06-01,15.331645564042454,0.6111111111111112
100,5,2023-12-01,2024-02-15,test,3.5218086623888034,271,2023-07-01,15.245144407429922,0.6088560885608856
100,5,2024-01-01,2024-03-15,test,4.32889950534463,272,2023-08-01,15.239296406673493,0.6066176470588235
100,5,2024-02-01,2024-04-15,test,5.746643786825789,273,2023-09-01,15.233448405917063,0.6043956043956044
100,5,2024-03-01,2024-05-15,test,-0.5434795985957308,274,2023-10-01,15.227600405160631,0.6021897810218978
100,5,2024-04-01,2024-06-15,test,-10.450544933809349,275,2023-11-01,15.221752404404201,0.6036363636363636
100,5,2024-05-01,2024-07-15,test,-5.4708262738023095,276,2023-12-01,15.215904403647771,0.605072463768116
100,5,2024-06-01,2024-08-15,test,-7.989561640313792,277,2024-01-01,15.184495556445139,0.6064981949458483
100,5,2024-07-01,2024-09-15,test,-8.273685136451814,278,2024-02-01,15.153086709242507,0.6079136690647482
100,5,2024-08-01,2024-10-15,test,1.0840214552865213,279,2024-03-01,15.12167786203987,0.6057347670250897
100,5,2024-09-01,2024-11-15,test,2.9936753840584807,280,2024-04-01,15.090269014837238,0.6035714285714285
100,5,2024-10-01,2024-12-15,test,-2.56302591663351,281,2024-05-01,15.058860167634602,0.6014234875444839
100,5,2024-11-01,2025-01-15,test,-4.297536298005866,282,2024-06-01,14.98548072896846,0.599290780141844
100,5,2024-12-01,2025-02-15,test,-9.124263411204137,283,2024-07-01,14.912101290302315,0.5971731448763251
100,5,2025-01-01,2025-03-15,test,-9.513050142813384,284,2024-08-01,14.838721851636162,0.5985915492957746
100,5,2025-02-01,2025-04-15,test,-6.767708182343135,285,2024-09-01,14.765342412970018,0.6
100,5,2025-03-01,2025-05-15,test,-3.622520417348252,286,2024-10-01,14.691962974303864,0.5979020979020979
100,5,2025-04-01,2025-06-15,test,-0.5002511682971722,287,2024-11-01,14.638562556334037,0.5958188153310104
100,5,2025-05-01,2025-07-15,test,-0.3120127336243783,288,2024-12-01,14.585162138364208,0.59375
100,5,2025-06-01,2025-08-15,test,-5.483607187655082,289,2025-01-01,14.531761720394371,0.5916955017301038
100,5,2025-07-01,2025-09-15,test,-7.79082351449043,290,2025-02-01,14.478361302424544,0.5896551724137931
100,5,2025-08-01,2025-10-15,test,-3.139498350149683,291,2025-03-01,14.424960884454707,0.5876288659793815
100,5,2025-09-01,2025-11-15,test,-1.4141649814671808,292,2025-04-01,14.399324059314022,0.5856164383561644
100,5,2025-10-01,2025-12-15,test,32.14794520350716,293,2025-05-01,14.373687234173337,0.5836177474402731
100,5,2025-11-01,2026-01-15,test,39.07434962828047,294,2025-06-01,14.348050409032647,0.5816326530612245
100,5,2025-12-01,2026-02-15,test,42.37754788219475,295,2025-07-01,14.322413583891962,0.5796610169491525
100,5,2026-01-01,2026-03-15,test,30.451491060201352,296,2025-08-01,14.296776758751273,0.5777027027027027
100,5,2026-02-01,2026-04-15,test,25.300848255695563,297,2025-09-01,14.257489556265492,0.5757575757575758
100,5,2026-03-01,2026-05-15,test,-1.063032030175659,298,2025-10-01,14.373687234173337,0.5771812080536913
100,6,2015-01-01,2015-03-15,validation,10.308121248816615,163,2014-07-01,16.862874375695824,0.6625766871165644
100,6,2015-02-01,2015-04-15,validation,-2.758795651882906,164,2014-08-01,16.828849550638747,0.6585365853658537
100,6,2015-03-01,2015-05-15,validation,-10.441129869049435,165,2014-09-01,16.794824725581673,0.6545454545454545
100,6,2015-04-01,2015-06-15,validation,-14.373677370979944,166,2014-10-01,16.760799900524592,0.6506024096385542
100,6,2015-05-01,2015-07-15,validation,-25.985956685248148,167,2014-11-01,16.74072273839058,0.6467065868263473
100,6,2015-06-01,2015-08-15,validation,-37.525132951166775,168,2014-12-01,16.720645576256565,0.6428571428571429
100,6,2015-07-01,2015-09-15,validation,-46.4018416859739,169,2015-01-01,16.700568414122554,0.6449704142011834
100,6,2015-08-01,2015-10-15,validation,-40.11040021991517,170,2015-02-01,16.680491251988542,0.6411764705882353
100,6,2015-09-01,2015-11-15,validation,-24.860733404512736,171,2015-03-01,16.660414089854527,0.6374269005847953
100,6,2015-10-01,2015-12-15,validation,-15.893308970747322,172,2015-04-01,16.605066114280657,0.6337209302325582
100,6,2015-11-01,2016-01-15,validation,-1.6393809775676615,173,2015-05-01,16.54971813870678,0.630057803468208
100,6,2015-12-01,2016-02-15,validation,11.18128686698796,174,2015-06-01,16.494370163132913,0.6264367816091954
100,6,2016-01-01,2016-03-15,validation,19.3564648368135,175,2015-07-01,16.439022187559043,0.6228571428571429
100,6,2016-02-01,2016-04-15,validation,22.99091248699545,176,2015-08-01,16.383674211985166,0.6193181818181818
100,6,2016-03-01,2016-05-15,validation,16.555567644124825,177,2015-09-01,16.331061665203,0.615819209039548
100,6,2016-04-01,2016-06-15,validation,13.966467084159628,178,2015-10-01,16.278449118420824,0.6123595505617978
100,6,2016-05-01,2016-07-15,validation,3.452119436823331,179,2015-11-01,16.225836571638652,0.6089385474860335
100,6,2016-06-01,2016-08-15,validation,8.23431457710777,180,2015-12-01,16.173224024856484,0.6111111111111112
100,6,2016-07-01,2016-09-15,validation,17.60910070433188,181,2016-01-01,16.383674211985166,0.6132596685082873
100,6,2016-08-01,2016-10-15,validation,19.195686877762657,182,2016-02-01,16.605066114280657,0.6153846153846154
100,6,2016-09-01,2016-11-15,validation,15.973154318884752,183,2016-03-01,16.618475511562647,0.6174863387978142
100,6,2016-10-01,2016-12-15,validation,11.735060321721225,184,2016-04-01,16.597506222416705,0.6195652173913043
100,6,2016-11-01,2017-01-15,validation,12.021963006157632,185,2016-05-01,16.576536933270766,0.6216216216216216
100,6,2016-12-01,2017-02-15,validation,-1.2951152347077777,186,2016-06-01,16.555567644124825,0.6236559139784946
100,6,2017-01-01,2017-03-15,validation,-5.5321866032647105,187,2016-07-01,16.63944480070859,0.6256684491978609
100,6,2017-02-01,2017-04-15,validation,-3.307525168178582,188,2016-08-01,16.720645576256565,0.6276595744680851
100,6,2017-03-01,2017-05-15,validation,3.4545749525255687,189,2016-09-01,16.700568414122554,0.6296296296296297
100,6,2017-04-01,2017-06-15,validation,5.879106726383387,190,2016-10-01,16.680491251988542,0.631578947368421
100,6,2017-05-01,2017-07-15,validation,13.860698555764904,191,2016-11-01,16.660414089854527,0.6335078534031413
100,6,2017-06-01,2017-08-15,validation,21.978596561936392,192,2016-12-01,16.63944480070859,0.6302083333333334
100,6,2017-07-01,2017-09-15,validation,25.029454038016084,193,2017-01-01,16.618475511562647,0.6269430051813472
100,6,2017-08-01,2017-10-15,validation,19.405189657944444,194,2017-02-01,16.597506222416705,0.6237113402061856
100,6,2017-09-01,2017-11-15,validation,15.681508736207215,195,2017-03-01,16.576536933270766,0.6256410256410256
100,6,2017-10-01,2017-12-15,validation,15.531523102443412,196,2017-04-01,16.555567644124825,0.6275510204081632
100,6,2017-11-01,2018-01-15,validation,15.920064115759567,197,2017-05-01,16.521188957696896,0.6294416243654822
100,6,2017-12-01,2018-02-15,validation,13.930690937741552,198,2017-06-01,16.618475511562647,0.6313131313131313
100,6,2018-01-01,2018-03-15,validation,8.748745412311543,199,2017-07-01,16.700568414122554,0.6331658291457286
100,6,2018-02-01,2018-04-15,validation,10.24408055544912,200,2017-08-01,16.794824725581673,0.635
100,6,2018-03-01,2018-05-15,validation,13.552504983221604,201,2017-09-01,16.760799900524592,0.6368159203980099
100,6,2018-04-01,2018-06-15,validation,12.088189156045017,202,2017-10-01,16.74072273839058,0.6386138613861386
100,6,2018-05-01,2018-07-15,validation,-5.816378881346207,203,2017-11-01,16.72064557625657,0.6403940886699507
100,6,2018-06-01,2018-08-15,validation,-15.893018056155483,204,2017-12-01,16.700568414122554,0.6421568627450981
100,6,2018-07-01,2018-09-15,validation,-13.427961562987443,205,2018-01-01,16.680491251988542,0.6439024390243903
100,6,2018-08-01,2018-10-15,validation,-8.36676910465668,206,2018-02-01,16.660414089854527,0.6456310679611651
100,6,2018-09-01,2018-11-15,validation,-9.429675179765074,207,2018-03-01,16.63944480070859,0.6473429951690821
100,6,2018-10-01,2018-12-15,validation,-8.117784014153617,208,2018-04-01,16.618475511562647,0.6490384615384616
100,6,2018-11-01,2019-01-15,validation,2.4760549680652666,209,2018-05-01,16.597506222416705,0.645933014354067
100,6,2018-12-01,2019-02-15,validation,6.062462181643458,210,2018-06-01,16.576536933270766,0.6428571428571429
100,6,2019-01-01,2019-03-15,test,5.9567352995481215,211,2018-07-01,16.555567644124825,0.6398104265402843
100,6,2019-02-01,2019-04-15,test,-4.386668210558131,212,2018-08-01,16.521188957696896,0.6367924528301887
100,6,2019-03-01,2019-05-15,test,-5.584844148952772,213,2018-09-01,16.486810271268965,0.6338028169014085
100,6,2019-04-01,2019-06-15,test,-10.610650599454807,214,2018-10-01,16.45243158484103,0.6308411214953271
100,6,2019-05-01,2019-07-15,test,-6.453852113757108,215,2018-11-01,16.4180528984131,0.6325581395348837
100,6,2019-06-01,2019-08-15,test,0.5722476274065968,216,2018-12-01,16.383674211985166,0.6342592592592593
100,6,2019-07-01,2019-09-15,test,-2.5715702764457227,217,2019-01-01,16.331061665203,0.6359447004608295
100,6,2019-08-01,2019-10-15,test,-6.643368902813052,218,2019-02-01,16.27844911842083,0.6330275229357798
100,6,2019-09-01,2019-11-15,test,-33.44125036582022,219,2019-03-01,16.225836571638652,0.6301369863013698
100,6,2019-10-01,2019-12-15,test,-55.14403429201806,220,2019-04-01,16.173224024856484,0.6272727272727273
100,6,2019-11-01,2020-01-15,test,-40.764138753076026,221,2019-05-01,16.12061147807431,0.6244343891402715
100,6,2019-12-01,2020-02-15,test,-28.34116033283283,222,2019-06-01,16.118876165326483,0.6261261261261262
100,6,2020-01-01,2020-03-15,test,-22.09751370203863,223,2019-07-01,16.117140852578657,0.6233183856502242
100,6,2020-02-01,2020-04-15,test,-9.371401027150217,224,2019-08-01,16.11540553983083,0.6205357142857143
100,6,2020-03-01,2020-05-15,test,11.641035184441106,225,2019-09-01,16.113670227083006,0.6177777777777778
100,6,2020-04-01,2020-06-15,test,33.387820144416615,226,2019-10-01,16.11193491433518,0.6150442477876106
100,6,2020-05-01,2020-07-15,test,20.777552108589603,227,2019-11-01,16.084178795245094,0.6123348017621145
100,6,2020-06-01,2020-08-15,test,18.137413843791485,228,2019-12-01,16.056422676155012,0.6096491228070176
100,6,2020-07-01,2020-09-15,test,21.079323087526713,229,2020-01-01,16.028666557064923,0.6069868995633187
100,6,2020-08-01,2020-10-15,test,27.443684570175986,230,2020-02-01,16.00091043797484,0.6043478260869565
100,6,2020-09-01,2020-11-15,test,38.698029343406134,231,2020-03-01,15.973154318884752,0.6060606060606061
100,6,2020-10-01,2020-12-15,test,37.724122152020946,232,2020-04-01,16.084178795245094,0.6077586206896551
100,6,2020-11-01,2021-01-15,test,37.12583527066285,233,2020-05-01,16.117140852578657,0.6094420600858369
100,6,2020-12-01,2021-02-15,test,31.225908478770315,234,2020-06-01,16.225836571638652,0.6111111111111112
100,6,2021-01-01,2021-03-15,test,25.988706468702905,235,2020-07-01,16.4180528984131,0.6127659574468085
100,6,2021-02-01,2021-04-15,test,13.219716961138596,236,2020-08-01,16.555567644124825,0.614406779661017
100,6,2021-03-01,2021-05-15,test,10.498731169753306,237,2020-09-01,16.63944480070859,0.6160337552742616
100,6,2021-04-01,2021-06-15,test,22.365232771795984,238,2020-10-01,16.72064557625657,0.6176470588235294
100,6,2021-05-01,2021-07-15,test,17.435338714477755,239,2020-11-01,16.828849550638747,0.6192468619246861
100,6,2021-06-01,2021-08-15,test,8.315036833216993,240,2020-12-01,16.93783654791246,0.6208333333333333
100,6,2021-07-01,2021-09-15,test,16.48836623152885,241,2021-01-01,16.96548663632238,0.6224066390041494
100,6,2021-08-01,2021-10-15,test,31.41965939952165,242,2021-02-01,16.958574114219903,0.6239669421487604
100,6,2021-09-01,2021-11-15,test,42.06533978535987,243,2021-03-01,16.95166159211742,0.6255144032921811
100,6,2021-10-01,2021-12-15,test,28.411518968921,244,2021-04-01,16.98434332979887,0.6270491803278688
100,6,2021-11-01,2022-01-15,test,35.39018717564968,245,2021-05-01,17.075537121491614,0.6285714285714286
100,6,2021-12-01,2022-02-15,test,42.859968350982136,246,2021-06-01,17.012628370013605,0.6300813008130082
100,6,2022-01-01,2022-03-15,test,29.0784330040613,247,2021-07-01,17.00320002327536,0.631578947368421
100,6,2022-02-01,2022-04-15,test,13.470391314471986,248,2021-08-01,17.20135462444762,0.6330645161290323
100,6,2022-03-01,2022-05-15,test,-4.666008146606249,249,2021-09-01,17.370438762233274,0.6345381526104418
100,6,2022-04-01,2022-06-15,test,1.745774887686924,250,2021-10-01,17.442175152760004,0.636
100,6,2022-05-01,2022-07-15,test,-8.485387884960893,251,2021-11-01,17.469520905889002,0.6374501992031872
100,6,2022-06-01,2022-08-15,test,-18.690585321589737,252,2021-12-01,17.581184744643306,0.6388888888888888
100,6,2022-07-01,2022-09-15,test,-13.52688349339406,253,2022-01-01,17.82467919167815,0.6403162055335968
100,6,2022-08-01,2022-10-15,test,-10.859716730699898,254,2022-02-01,17.752819695896058,0.6417322834645669
100,6,2022-09-01,2022-11-15,test,-11.932505600819889,255,2022-03-01,17.680960200113972,0.6392156862745098
100,6,2022-10-01,2022-12-15,test,-11.38404791555745,256,2022-04-01,17.60910070433188,0.640625
100,6,2022-11-01,2023-01-15,test,-16.676914378646934,257,2022-05-01,17.581184744643306,0.6381322957198443
100,6,2022-12-01,2023-02-15,test,-13.19810971616766,258,2022-06-01,17.55326878495473,0.6356589147286822
100,6,2023-01-01,2023-03-15,test,-10.245512047803818,259,2022-07-01,17.525352825266154,0.6332046332046332
100,6,2023-02-01,2023-04-15,test,-4.158426890663414,260,2022-08-01,17.49743686557758,0.6307692307692307
100,6,2023-03-01,2023-05-15,test,6.713930283762881,261,2022-09-01,17.469520905889002,0.6283524904214559
100,6,2023-04-01,2023-06-15,test,3.7240546626782662,262,2022-10-01,17.462684467606753,0.6259541984732825
100,6,2023-05-01,2023-07-15,test,6.713930283762792,263,2022-11-01,17.455848029324503,0.623574144486692
100,6,2023-06-01,2023-08-15,test,3.6503819019591432,264,2022-12-01,17.449011591042254,0.6212121212121212
100,6,2023-07-01,2023-09-15,test,-1.6453753278942609,265,2023-01-01,17.442175152760004,0.6188679245283019
100,6,2023-08-01,2023-10-15,test,-6.44229876616178,266,2023-02-01,17.435338714477755,0.6165413533834586
100,6,2023-09-01,2023-11-15,test,-10.698521138482864,267,2023-03-01,17.41370539706293,0.6179775280898876
100,6,2023-10-01,2023-12-15,test,-5.1678164712384955,268,2023-04-01,17.392072079648102,0.6194029850746269
100,6,2023-11-01,2024-01-15,test,-2.454110891611716,269,2023-05-01,17.370438762233274,0.620817843866171
100,6,2023-12-01,2024-02-15,test,4.052783361211798,270,2023-06-01,17.34880544481845,0.6222222222222222
100,6,2024-01-01,2024-03-15,test,5.469763130012506,271,2023-07-01,17.32717212740362,0.6199261992619927
100,6,2024-02-01,2024-04-15,test,1.7407677316252368,272,2023-08-01,17.264263375925623,0.6176470588235294
100,6,2024-03-01,2024-05-15,test,-5.001042057466165,273,2023-09-01,17.20135462444762,0.6153846153846154
100,6,2024-04-01,2024-06-15,test,-9.12977101703154,274,2023-10-01,17.138445872969612,0.6131386861313869
100,6,2024-05-01,2024-07-15,test,-7.458586941490797,275,2023-11-01,17.075537121491614,0.610909090909091
100,6,2024-06-01,2024-08-15,test,-7.132821511783938,276,2023-12-01,17.012628370013605,0.6123188405797102
100,6,2024-07-01,2024-09-15,test,-2.921854599914031,277,2024-01-01,17.00320002327536,0.6137184115523465
100,6,2024-08-01,2024-10-15,test,-1.4638870748119537,278,2024-02-01,16.99377167653712,0.6151079136690647
100,6,2024-09-01,2024-11-15,test,-1.2422519998557036,279,2024-03-01,16.98434332979887,0.6129032258064516
100,6,2024-10-01,2024-12-15,test,-6.285296965694354,280,2024-04-01,16.97491498306063,0.6107142857142858
100,6,2024-11-01,2025-01-15,test,-8.267523282674283,281,2024-05-01,16.96548663632238,0.608540925266904
100,6,2024-12-01,2025-02-15,test,-4.161219606275601,282,2024-06-01,16.958574114219903,0.6063829787234043
100,6,2025-01-01,2025-03-15,test,-9.31561671244161,283,2024-07-01,16.95166159211742,0.6042402826855123
100,6,2025-02-01,2025-04-15,test,-7.858447801262436,284,2024-08-01,16.94474907001494,0.602112676056338
100,6,2025-03-01,2025-05-15,test,-4.222522217358016,285,2024-09-01,16.93783654791246,0.6
100,6,2025-04-01,2025-06-15,test,-4.281999718292795,286,2024-10-01,16.93092402580998,0.5979020979020979
100,6,2025-05-01,2025-07-15,test,-0.5205633827265466,287,2024-11-01,16.896899200752905,0.5958188153310104
100,6,2025-06-01,2025-08-15,test,-7.593390084118656,288,2024-12-01,16.862874375695828,0.59375
100,6,2025-07-01,2025-09-15,test,-4.230237969068984,289,2025-01-01,16.828849550638747,0.5916955017301038
100,6,2025-08-01,2025-10-15,test,-2.014166781476945,290,2025-02-01,16.794824725581673,0.5896551724137931
100,6,2025-09-01,2025-11-15,test,28.366196653511544,291,2025-03-01,16.760799900524592,0.5876288659793815
100,6,2025-10-01,2025-12-15,test,38.8657989791783,292,2025-04-01,16.74072273839058,0.5856164383561644
100,6,2025-11-01,2026-01-15,test,40.26776498573117,293,2025-05-01,16.72064557625657,0.5836177474402731
100,6,2025-12-01,2026-02-15,test,34.012076605622795,294,2025-06-01,16.700568414122554,0.5816326530612245
100,6,2026-01-01,2026-03-15,test,26.4261798243683,295,2025-07-01,16.680491251988542,0.5796610169491525
100,6,2026-02-01,2026-04-15,test,28.717329604803066,296,2025-08-01,16.660414089854527,0.5777027027027027
318,2,2015-01-01,2015-03-15,validation,-3.77863356661381,167,2014-11-01,1.570734361237919,0.46706586826347307
318,2,2015-02-01,2015-04-15,validation,-4.087256214181778,168,2014-12-01,1.5509779385093654,0.4642857142857143
318,2,2015-03-01,2015-05-15,validation,-0.6230549750636527,169,2015-01-01,1.5312215157808147,0.46153846153846156
318,2,2015-04-01,2015-06-15,validation,0.8810629682154847,170,2015-02-01,1.511465093052264,0.4588235294117647
318,2,2015-05-01,2015-07-15,validation,-0.8788506033078569,171,2015-03-01,1.4917086703237104,0.45614035087719296
318,2,2015-06-01,2015-08-15,validation,-1.8975901459005409,172,2015-04-01,1.4764859208616175,0.45930232558139533
318,2,2015-07-01,2015-09-15,validation,-1.9096697456456369,173,2015-05-01,1.4612631713995223,0.45664739884393063
318,2,2015-08-01,2015-10-15,validation,-1.9342962843131415,174,2015-06-01,1.4460404219374294,0.4540229885057471
318,2,2015-09-01,2015-11-15,validation,-2.472474678276182,175,2015-07-01,1.4308176724753365,0.4514285714285714
318,2,2015-10-01,2015-12-15,validation,-2.1053409197832273,176,2015-08-01,1.4155949230132414,0.44886363636363635
318,2,2015-11-01,2016-01-15,validation,-4.721038500991348,177,2015-09-01,1.4155949230132414,0.4463276836158192
318,2,2015-12-01,2016-02-15,validation,-5.747135391447866,178,2015-10-01,1.4155949230132414,0.4438202247191011
318,2,2016-01-01,2016-03-15,validation,-3.6572289623344463,179,2015-11-01,1.4155949230132414,0.441340782122905
318,2,2016-02-01,2016-04-15,validation,-1.1331566009549654,180,2015-12-01,1.4155949230132414,0.4388888888888889
318,2,2016-03-01,2016-05-15,validation,-1.152750517106682,181,2016-01-01,1.4155949230132414,0.43646408839779005
318,2,2016-04-01,2016-06-15,validation,-2.597548640326064,182,2016-02-01,1.4115502338878907,0.4340659340659341
318,2,2016-05-01,2016-07-15,validation,-2.4946267946577727,183,2016-03-01,1.4075055447625393,0.43169398907103823
318,2,2016-06-01,2016-08-15,validation,-2.2173857494322213,184,2016-04-01,1.4034608556371888,0.42934782608695654
318,2,2016-07-01,2016-09-15,validation,-1.0455659104338544,185,2016-05-01,1.399416166511838,0.42702702702702705
318,2,2016-08-01,2016-10-15,validation,0.4474280394920704,186,2016-06-01,1.3953714773864867,0.42473118279569894
318,2,2016-09-01,2016-11-15,validation,3.829628507728078,187,2016-07-01,1.3721642111073797,0.42245989304812837
318,2,2016-10-01,2016-12-15,validation,4.793946228911938,188,2016-08-01,1.3489569448282694,0.425531914893617
318,2,2016-11-01,2017-01-15,validation,3.4094211342975633,189,2016-09-01,1.4034608556371888,0.42857142857142855
318,2,2016-12-01,2017-02-15,validation,2.382733608055787,190,2016-10-01,1.4155949230132414,0.43157894736842106
318,2,2017-01-01,2017-03-15,validation,-0.5602255548669888,191,2016-11-01,1.4155949230132414,0.43455497382198954
318,2,2017-02-01,2017-04-15,validation,-1.9581045199107192,192,2016-12-01,1.4764859208616175,0.4375
318,2,2017-03-01,2017-05-15,validation,-0.4222384879848384,193,2017-01-01,1.4612631713995246,0.43523316062176165
318,2,2017-04-01,2017-06-15,validation,0.9838449000287852,194,2017-02-01,1.4460404219374294,0.4329896907216495
318,2,2017-05-01,2017-07-15,validation,-0.1411432838407833,195,2017-03-01,1.4308176724753365,0.4307692307692308
318,2,2017-06-01,2017-08-15,validation,0.9742596198819342,196,2017-04-01,1.4155949230132414,0.4336734693877551
318,2,2017-07-01,2017-09-15,validation,2.9229638314938633,197,2017-05-01,1.4155949230132414,0.43147208121827413
318,2,2017-08-01,2017-10-15,validation,3.270046131093451,198,2017-06-01,1.4155949230132414,0.43434343434343436
318,2,2017-09-01,2017-11-15,validation,3.5044017240366543,199,2017-07-01,1.4460404219374294,0.4371859296482412
318,2,2017-10-01,2017-12-15,validation,0.933962759613216,200,2017-08-01,1.511465093052264,0.44
318,2,2017-11-01,2018-01-15,validation,0.7915608612661273,201,2017-09-01,1.5904907839664697,0.4427860696517413
318,2,2017-12-01,2018-02-15,validation,2.102574170575089,202,2017-10-01,1.570734361237919,0.44554455445544555
318,2,2018-01-01,2018-03-15,validation,2.0806992505961297,203,2017-11-01,1.5509779385093683,0.4482758620689655
318,2,2018-02-01,2018-04-15,validation,0.3893580519132023,204,2017-12-01,1.6002139266991657,0.45098039215686275
318,2,2018-03-01,2018-05-15,validation,-0.5161301780225003,205,2018-01-01,1.6268551211348747,0.45365853658536587
318,2,2018-04-01,2018-06-15,validation,1.924369839262674,206,2018-02-01,1.6147986407982096,0.4563106796116505
318,2,2018-05-01,2018-07-15,validation,0.6447475590969809,207,2018-03-01,1.6099370694318618,0.45410628019323673
318,2,2018-06-01,2018-08-15,validation,-0.1271455988196557,208,2018-04-01,1.650968081808203,0.4567307692307692
318,2,2018-07-01,2018-09-15,validation,3.0382083688122563,209,2018-05-01,1.6389116014715381,0.45933014354066987
318,2,2018-08-01,2018-10-15,validation,3.007745523727845,210,2018-06-01,1.6268551211348747,0.45714285714285713
318,2,2018-09-01,2018-11-15,validation,0.8690309191977441,211,2018-07-01,1.67508104248153,0.4597156398104265
318,2,2018-10-01,2018-12-15,validation,-1.117330059812538,212,2018-08-01,1.7385609805690558,0.46226415094339623
318,2,2018-11-01,2019-01-15,validation,-2.3765971597424773,213,2018-09-01,1.7226909960471755,0.4647887323943662
318,2,2018-12-01,2019-02-15,validation,-2.913442288996748,214,2018-10-01,1.7068210115252929,0.46261682242990654
318,2,2019-01-01,2019-03-15,test,-2.0461071871340053,215,2018-11-01,1.6909510270034125,0.4604651162790698
318,2,2019-02-01,2019-04-15,test,-0.7741974153615772,216,2018-12-01,1.67508104248153,0.4583333333333333
318,2,2019-03-01,2019-05-15,test,0.900327624995878,217,2019-01-01,1.6630245621448665,0.45622119815668205
318,2,2019-04-01,2019-06-15,test,2.4313417742877874,218,2019-02-01,1.650968081808203,0.4541284403669725
318,2,2019-05-01,2019-07-15,test,0.1279590705625111,219,2019-03-01,1.6389116014715381,0.45662100456621
318,2,2019-06-01,2019-08-15,test,-3.081116640039827,220,2019-04-01,1.6909510270034125,0.4590909090909091
318,2,2019-07-01,2019-09-15,test,-1.936793917805524,221,2019-05-01,1.67508104248153,0.46153846153846156
318,2,2019-08-01,2019-10-15,test,-0.261096754072021,222,2019-06-01,1.6630245621448665,0.4594594594594595
318,2,2019-09-01,2019-11-15,test,-2.108114960312069,223,2019-07-01,1.650968081808203,0.45739910313901344
318,2,2019-10-01,2019-12-15,test,-4.820210181787754,224,2019-08-01,1.6389116014715381,0.45535714285714285
318,2,2019-11-01,2020-01-15,test,-3.799642960537053,225,2019-09-01,1.6268551211348747,0.4533333333333333
318,2,2019-12-01,2020-02-15,test,-1.520416296043425,226,2019-10-01,1.6147986407982096,0.45132743362831856
318,2,2020-01-01,2020-03-15,test,-4.67176245674592,227,2019-11-01,1.6099370694318618,0.44933920704845814
318,2,2020-02-01,2020-04-15,test,-4.705073078599842,228,2019-12-01,1.6050754980655142,0.4473684210526316
318,2,2020-03-01,2020-05-15,test,-5.971923470162288,229,2020-01-01,1.6002139266991657,0.44541484716157204
318,2,2020-04-01,2020-06-15,test,-5.39861215581352,230,2020-02-01,1.5953523553328182,0.4434782608695652
318,2,2020-05-01,2020-07-15,test,1.678147696200405,231,2020-03-01,1.5904907839664697,0.44155844155844154
318,2,2020-06-01,2020-08-15,test,3.184499568092125,232,2020-04-01,1.570734361237919,0.4396551724137931
318,2,2020-07-01,2020-09-15,test,2.539344808870858,233,2020-05-01,1.6050754980655142,0.44206008583690987
318,2,2020-08-01,2020-10-15,test,1.4815085785141235,234,2020-06-01,1.6389116014715381,0.4444444444444444
318,2,2020-09-01,2020-11-15,test,0.8810629682155735,235,2020-07-01,1.675694373225305,0.44680851063829785
318,2,2020-10-01,2020-12-15,test,0.8784829555732898,236,2020-08-01,1.67508104248153,0.4491525423728814
318,2,2020-11-01,2021-01-15,test,0.0,237,2020-09-01,1.6630245621448665,0.45147679324894513
318,2,2020-12-01,2021-02-15,test,8.652535024859187,238,2020-10-01,1.650968081808203,0.453781512605042
318,2,2021-01-01,2021-03-15,test,12.23211309648713,239,2020-11-01,1.6389116014715381,0.45188284518828453
318,2,2021-02-01,2021-04-15,test,3.4168895615249717,240,2020-12-01,1.675694373225305,0.45416666666666666
318,2,2021-03-01,2021-05-15,test,1.540466919498673,241,2021-01-01,1.678147696200405,0.45643153526970953
318,2,2021-04-01,2021-06-15,test,7.705673949497438,242,2021-02-01,1.7391743113128308,0.45867768595041325
318,2,2021-05-01,2021-07-15,test,8.775420081537089,243,2021-03-01,1.7239176575347255,0.4609053497942387
318,2,2021-06-01,2021-08-15,test,3.641036369584061,244,2021-04-01,1.770166606521251,0.46311475409836067
318,2,2021-07-01,2021-09-15,test,5.890717557969882,245,2021-05-01,1.7945763008415485,0.46530612244897956
318,2,2021-08-01,2021-10-15,test,9.457592687366034,246,2021-06-01,1.797801229540852,0.46747967479674796
318,2,2021-09-01,2021-11-15,test,10.733875566993234,247,2021-07-01,1.8549308868804113,0.46963562753036436
318,2,2021-10-01,2021-12-15,test,6.499749239435726,248,2021-08-01,1.9023072240437258,0.4717741935483871
318,2,2021-11-01,2022-01-15,test,0.9832920916238664,249,2021-09-01,1.9467269954047952,0.4738955823293173
318,2,2021-12-01,2022-02-15,test,-1.785761740000602,250,2021-10-01,2.000350033813609,0.476
318,2,2022-01-01,2022-03-15,test,4.121330737987616,251,2021-11-01,1.9802627296179764,0.47808764940239046
318,2,2022-02-01,2022-04-15,test,9.721935807412583,252,2021-12-01,1.9690841515469166,0.47619047619047616
318,2,2022-03-01,2022-05-15,test,0.0,253,2022-01-01,2.0405246422048706,0.4782608695652174
318,2,2022-04-01,2022-06-15,test,-6.763140088863029,254,2022-02-01,2.0894492185877134,0.48031496062992124
318,2,2022-05-01,2022-07-15,test,-6.097679649871601,255,2022-03-01,2.085074234591922,0.47843137254901963
318,2,2022-06-01,2022-08-15,test,-3.762820150406121,256,2022-04-01,2.0806992505961297,0.4765625
318,2,2022-07-01,2022-09-15,test,1.1904902506318926,257,2022-05-01,2.0606119464005004,0.47470817120622566
318,2,2022-08-01,2022-10-15,test,-0.2020202707275764,258,2022-06-01,2.0405246422048706,0.4728682170542636
318,2,2022-09-01,2022-11-15,test,-7.259190151767125,259,2022-07-01,2.020437338009238,0.4749034749034749
318,2,2022-10-01,2022-12-15,test,-8.544995302141878,260,2022-08-01,2.000350033813609,0.47307692307692306
318,2,2022-11-01,2023-01-15,test,-9.562836403567765,261,2022-09-01,1.9802627296179764,0.47126436781609193
318,2,2022-12-01,2023-02-15,test,-9.223122421603414,262,2022-10-01,1.9690841515469166,0.46946564885496184
318,2,2023-01-01,2023-03-15,test,-7.383873275339692,263,2022-11-01,1.9579055734758568,0.467680608365019
318,2,2023-02-01,2023-04-15,test,-4.318993275041105,264,2022-12-01,1.9467269954047952,0.4659090909090909
318,2,2023-03-01,2023-05-15,test,-2.158813997363485,265,2023-01-01,1.9355484173337354,0.4641509433962264
318,2,2023-04-01,2023-06-15,test,-5.441756987071322,266,2023-02-01,1.924369839262674,0.462406015037594
318,2,2023-05-01,2023-07-15,test,-2.3377688009062148,267,2023-03-01,1.9133385316532,0.4606741573033708
318,2,2023-06-01,2023-08-15,test,5.94490270260799,268,2023-04-01,1.9023072240437258,0.458955223880597
318,2,2023-07-01,2023-09-15,test,3.992803395273992,269,2023-05-01,1.8912759164342499,0.45724907063197023
318,2,2023-08-01,2023-10-15,test,2.3559676173891653,270,2023-06-01,1.9355484173337354,0.45925925925925926
318,2,2023-09-01,2023-11-15,test,0.0,271,2023-07-01,1.9802627296179764,0.4612546125461255
318,2,2023-10-01,2023-12-15,test,-6.7156323679649965,272,2023-08-01,2.0606119464005004,0.4632352941176471
318,2,2023-11-01,2024-01-15,test,-6.521214864704561,273,2023-09-01,2.0405246422048706,0.46153846153846156
318,2,2023-12-01,2024-02-15,test,-1.0540282035432114,274,2023-10-01,2.020437338009238,0.45985401459854014
318,2,2024-01-01,2024-03-15,test,-0.5405418566907905,275,2023-11-01,2.000350033813609,0.4581818181818182
318,2,2024-02-01,2024-04-15,test,-4.746653723892358,276,2023-12-01,1.9802627296179764,0.45652173913043476
318,2,2024-03-01,2024-05-15,test,-6.003197903568047,277,2024-01-01,1.9690841515469166,0.4548736462093863
318,2,2024-04-01,2024-06-15,test,0.6920442844573493,278,2024-02-01,1.9579055734758568,0.45323741007194246
318,2,2024-05-01,2024-07-15,test,5.186866839652016,279,2024-03-01,1.9467269954047952,0.45161290322580644
318,2,2024-06-01,2024-08-15,test,1.233737375984134,280,2024-04-01,1.9355484173337354,0.45357142857142857
318,2,2024-07-01,2024-09-15,test,-0.5479465764626212,281,2024-05-01,1.9802627296179764,0.4555160142348754
318,2,2024-08-01,2024-10-15,test,4.0058760552004635,282,2024-06-01,1.9690841515469166,0.4574468085106383
318,2,2024-09-01,2024-11-15,test,1.634913800153015,283,2024-07-01,1.9579055734758568,0.4558303886925795
318,2,2024-10-01,2024-12-15,test,-3.4623964566048215,284,2024-08-01,2.020437338009238,0.45774647887323944
318,2,2024-11-01,2025-01-15,test,6.030660623099049,285,2024-09-01,2.000350033813609,0.45964912280701753
318,2,2024-12-01,2025-02-15,test,11.022670530899958,286,2024-10-01,1.9802627296179764,0.458041958041958
318,2,2025-01-01,2025-03-15,test,-0.1273074646797489,287,2024-11-01,2.0606119464005004,0.45993031358885017
318,2,2025-02-01,2025-04-15,test,-7.168372854221605,288,2024-12-01,2.0938242025835057,0.4618055555555556
318,2,2025-03-01,2025-05-15,test,-1.153119759919008,289,2025-01-01,2.0894492185877134,0.4602076124567474
318,2,2025-04-01,2025-06-15,test,5.947356463528486,290,2025-02-01,2.085074234591922,0.4586206896551724
318,2,2025-05-01,2025-07-15,test,7.9249371654140255,291,2025-03-01,2.0806992505961297,0.4570446735395189
318,2,2025-06-01,2025-08-15,test,4.797082778602935,292,2025-04-01,2.0981991865792975,0.4589041095890411
318,2,2025-07-01,2025-09-15,test,-0.1191185370152503,293,2025-05-01,2.144683010575898,0.46075085324232085
318,2,2025-08-01,2025-10-15,test,-6.282258592205547,294,2025-06-01,2.1847462350774904,0.46258503401360546
318,2,2025-09-01,2025-11-15,test,-3.0250340464665904,295,2025-07-01,2.178750902826963,0.4610169491525424
318,2,2025-10-01,2025-12-15,test,-2.397591187571102,296,2025-08-01,2.1727555705764345,0.4594594594594595
318,2,2025-11-01,2026-01-15,test,-0.3692311887127708,297,2025-09-01,2.1587192905761663,0.45791245791245794
318,2,2025-12-01,2026-02-15,test,11.33742963813793,298,2025-10-01,2.144683010575898,0.4563758389261745
318,2,2026-01-01,2026-03-15,test,20.848672453314077,299,2025-11-01,2.1306467305756276,0.45484949832775917
318,2,2026-02-01,2026-04-15,test,24.457697191695704,300,2025-12-01,2.178750902826963,0.45666666666666667
318,2,2026-03-01,2026-05-15,test,12.144665340945073,301,2026-01-01,2.2027322318290743,0.4584717607973422
318,2,2026-04-01,2026-06-15,test,-11.03331763272042,302,2026-02-01,2.216879031246677,0.4602649006622517
318,2,2026-05-01,2026-07-15,test,-17.06873695126143,303,2026-03-01,2.23050415771243,0.46204620462046203
318,2,2026-06-01,2026-08-15,test,-7.234558711459194,304,2026-04-01,2.227141348841979,0.4605263157894737
318,3,2015-01-01,2015-03-15,validation,-5.5330645317047455,166,2014-10-01,1.987207415200132,0.5060240963855421
318,3,2015-02-01,2015-04-15,validation,-2.9558802241544946,167,2014-11-01,1.985818478083701,0.5029940119760479
318,3,2015-03-01,2015-05-15,validation,-0.8733679968754515,168,2014-12-01,1.9844295409672696,0.5
318,3,2015-04-01,2015-06-15,validation,0.2525253867194266,169,2015-01-01,1.9830406038508388,0.4970414201183432
318,3,2015-05-01,2015-07-15,validation,-2.1479031677123395,170,2015-02-01,1.9816516667344077,0.49411764705882355
318,3,2015-06-01,2015-08-15,validation,-2.538207327141695,171,2015-03-01,1.9802627296179764,0.49122807017543857
318,3,2015-07-01,2015-09-15,validation,-3.2033488487176243,172,2015-04-01,1.9802627296179764,0.4941860465116279
318,3,2015-08-01,2015-10-15,validation,-3.113091859517336,173,2015-05-01,1.9802627296179764,0.4913294797687861
318,3,2015-09-01,2015-11-15,validation,-3.3990200228552148,174,2015-06-01,1.9802627296179764,0.4885057471264368
318,3,2015-10-01,2015-12-15,validation,-5.899834076195543,175,2015-07-01,1.9802627296179764,0.4857142857142857
318,3,2015-11-01,2016-01-15,validation,-6.673680736026899,176,2015-08-01,1.9802627296179764,0.48295454545454547
318,3,2015-12-01,2016-02-15,validation,-7.451722118746762,177,2015-09-01,1.9588309178156404,0.480225988700565
318,3,2016-01-01,2016-03-15,validation,-3.0857988359905164,178,2015-10-01,1.9373991060133016,0.47752808988764045
318,3,2016-02-01,2016-04-15,validation,-2.857337244405578,179,2015-11-01,1.9159672942109658,0.4748603351955307
318,3,2016-03-01,2016-05-15,validation,-2.0261185139821336,180,2015-12-01,1.8945354824086298,0.4722222222222222
318,3,2016-04-01,2016-06-15,validation,-4.218807438108385,181,2016-01-01,1.873103670606291,0.4696132596685083
318,3,2016-05-01,2016-07-15,validation,-3.090753746307673,182,2016-02-01,1.8366312202708477,0.46703296703296704
318,3,2016-06-01,2016-08-15,validation,-2.6668247082161756,183,2016-03-01,1.8001587699353994,0.4644808743169399
318,3,2016-07-01,2016-09-15,validation,-0.1486989121578297,184,2016-04-01,1.7636863195999564,0.46195652173913043
318,3,2016-08-01,2016-10-15,validation,3.3801895489441236,185,2016-05-01,1.7272138692645131,0.4594594594594595
318,3,2016-09-01,2016-11-15,validation,5.690813227187963,186,2016-06-01,1.6907414189290648,0.45698924731182794
318,3,2016-10-01,2016-12-15,validation,6.3421826437496165,187,2016-07-01,1.666853248434378,0.45454545454545453
318,3,2016-11-01,2017-01-15,validation,4.243918327515672,188,2016-08-01,1.8001587699353994,0.4574468085106383
318,3,2016-12-01,2017-02-15,validation,0.9880108599706894,189,2016-09-01,1.9159672942109658,0.4603174603174603
318,3,2017-01-01,2017-03-15,validation,-1.1236073266926103,190,2016-10-01,1.9802627296179764,0.4631578947368421
318,3,2017-02-01,2017-04-15,validation,-1.816961236069936,191,2016-11-01,1.9802627296179764,0.46596858638743455
318,3,2017-03-01,2017-05-15,validation,0.4204631282031634,192,2016-12-01,1.9802627296179764,0.46875
318,3,2017-04-01,2017-06-15,validation,0.0,193,2017-01-01,1.9802627296179764,0.46632124352331605
318,3,2017-05-01,2017-07-15,validation,1.816961236069936,194,2017-02-01,1.9802627296179764,0.4639175257731959
318,3,2017-06-01,2017-08-15,validation,1.939118931465078,195,2017-03-01,1.9802627296179764,0.4666666666666667
318,3,2017-07-01,2017-09-15,validation,5.228150651004171,196,2017-04-01,1.9802627296179764,0.4642857142857143
318,3,2017-08-01,2017-10-15,validation,4.469261035619798,197,2017-05-01,1.9588309178156404,0.467005076142132
318,3,2017-09-01,2017-11-15,validation,3.2391495791235236,198,2017-06-01,1.963805210356818,0.4696969696969697
318,3,2017-10-01,2017-12-15,validation,1.990775765792474,199,2017-07-01,1.9802627296179764,0.4723618090452261
318,3,2017-11-01,2018-01-15,validation,1.8373220256619585,200,2017-08-01,1.9816516667344077,0.475
318,3,2017-12-01,2018-02-15,validation,3.1375122567753877,201,2017-09-01,1.987207415200132,0.47761194029850745
318,3,2018-01-01,2018-03-15,validation,1.4351192163090332,202,2017-10-01,1.9900620956740056,0.4801980198019802
318,3,2018-02-01,2018-04-15,validation,0.5188079081777985,203,2017-11-01,1.9893484255555374,0.4827586206896552
318,3,2018-03-01,2018-05-15,validation,1.2787898049755777,204,2017-12-01,2.041954788253247,0.4852941176470588
318,3,2018-04-01,2018-06-15,validation,0.7741974153615772,205,2018-01-01,2.0163652770228624,0.4878048780487805
318,3,2018-05-01,2018-07-15,validation,1.667774384178422,206,2018-02-01,1.990775765792474,0.49029126213592233
318,3,2018-06-01,2018-08-15,validation,1.8880359449111592,207,2018-03-01,1.9900620956740056,0.4927536231884058
318,3,2018-07-01,2018-09-15,validation,4.030772348809286,208,2018-04-01,1.9893484255555374,0.4951923076923077
318,3,2018-08-01,2018-10-15,validation,2.8842124629285593,209,2018-05-01,1.988634755437069,0.49760765550239233
318,3,2018-09-01,2018-11-15,validation,-0.1247660798155081,210,2018-06-01,1.9879210853186005,0.5
318,3,2018-10-01,2018-12-15,validation,-2.500130220541763,211,2018-07-01,1.990775765792474,0.5023696682464455
318,3,2018-11-01,2019-01-15,validation,-3.90723928801,212,2018-08-01,2.09313381071402,0.5047169811320755
318,3,2018-12-01,2019-02-15,validation,-3.4289073478632304,213,2018-09-01,2.0675442994836355,0.5023474178403756
318,3,2019-01-01,2019-03-15,test,-2.3048395436291003,214,2018-10-01,2.041954788253247,0.5
318,3,2019-02-01,2019-04-15,test,0.3848625661293958,215,2018-11-01,2.0163652770228624,0.49767441860465117
318,3,2019-03-01,2019-05-15,test,2.1726094177926925,216,2018-12-01,1.990775765792474,0.49537037037037035
318,3,2019-04-01,2019-06-15,test,1.287019052053484,217,2019-01-01,1.9900620956740056,0.4930875576036866
318,3,2019-05-01,2019-07-15,test,-1.808834847243013,218,2019-02-01,1.9893484255555374,0.4954128440366973
318,3,2019-06-01,2019-08-15,test,-3.081116640039827,219,2019-03-01,2.041954788253247,0.4977168949771689
318,3,2019-07-01,2019-09-15,test,-2.197890671877545,220,2019-04-01,2.0163652770228624,0.5
318,3,2019-08-01,2019-10-15,test,-2.108114960312069,221,2019-05-01,1.990775765792474,0.497737556561086
318,3,2019-09-01,2019-11-15,test,-5.081306935859775,222,2019-06-01,1.9900620956740056,0.4954954954954955
318,3,2019-10-01,2019-12-15,test,-5.6466611667771005,223,2019-07-01,1.9893484255555374,0.49327354260089684
318,3,2019-11-01,2020-01-15,test,-4.493608271591132,224,2019-08-01,1.988634755437069,0.49107142857142855
318,3,2019-12-01,2020-02-15,test,-5.498213441735267,225,2019-09-01,1.9879210853186005,0.4888888888888889
318,3,2020-01-01,2020-03-15,test,-5.399038389653921,226,2019-10-01,1.987207415200132,0.48672566371681414
318,3,2020-02-01,2020-04-15,test,-9.94972061585413,227,2019-11-01,1.985818478083701,0.4845814977973568
318,3,2020-03-01,2020-05-15,test,-6.125888088721521,228,2019-12-01,1.9844295409672699,0.4824561403508772
318,3,2020-04-01,2020-06-15,test,-3.566499841053883,229,2020-01-01,1.9830406038508388,0.48034934497816595
318,3,2020-05-01,2020-07-15,test,3.0305349495328926,230,2020-02-01,1.9816516667344077,0.4782608695652174
318,3,2020-06-01,2020-08-15,test,4.3714571236304955,231,2020-03-01,1.9802627296179764,0.47619047619047616
318,3,2020-07-01,2020-09-15,test,2.833895831846611,232,2020-04-01,1.9802627296179764,0.47413793103448276
318,3,2020-08-01,2020-10-15,test,2.068020523753944,233,2020-05-01,1.9844295409672699,0.47639484978540775
318,3,2020-09-01,2020-11-15,test,1.173033978549043,234,2020-06-01,1.988634755437069,0.47863247863247865
318,3,2020-10-01,2020-12-15,test,0.5865119452398204,235,2020-07-01,2.0163652770228624,0.4808510638297872
318,3,2020-11-01,2021-01-15,test,8.944506035192656,236,2020-08-01,2.068020523753944,0.4830508474576271
318,3,2020-12-01,2021-02-15,test,11.94014208615366,237,2020-09-01,2.052571572161651,0.48523206751054854
318,3,2021-01-01,2021-03-15,test,12.361395596717628,238,2020-10-01,2.037122620569358,0.48739495798319327
318,3,2021-02-01,2021-04-15,test,4.828073980793146,239,2020-11-01,2.0883016430301287,0.4895397489539749
318,3,2021-03-01,2021-05-15,test,7.834956449727937,240,2020-12-01,2.129500541114063,0.49166666666666664
318,3,2021-04-01,2021-06-15,test,10.186604500805265,241,2021-01-01,2.1726094177926925,0.49377593360995853
318,3,2021-05-01,2021-07-15,test,9.935525899813324,242,2021-02-01,2.172726340019686,0.49586776859504134
318,3,2021-06-01,2021-08-15,test,8.371648109277707,243,2021-03-01,2.1820649032010224,0.49794238683127573
318,3,2021-07-01,2021-09-15,test,10.61769850564227,244,2021-04-01,2.207854585151781,0.5
318,3,2021-08-01,2021-10-15,test,15.46448730668688,245,2021-05-01,2.274923373273866,0.5020408163265306
318,3,2021-09-01,2021-11-15,test,11.226730187108114,246,2021-06-01,2.4256977645559896,0.5040650406504065
318,3,2021-10-01,2021-12-15,test,6.990186710944712,247,2021-07-01,2.4703530824891033,0.5060728744939271
318,3,2021-11-01,2022-01-15,test,-1.2929071198857225,248,2021-08-01,2.578602188878291,0.5080645161290323
318,3,2021-12-01,2022-02-15,test,4.611768209496603,249,2021-09-01,2.71955375682798,0.5100401606425703
318,3,2022-01-01,2022-03-15,test,7.445736595902996,250,2021-10-01,2.8439591580630017,0.512
318,3,2022-02-01,2022-04-15,test,6.397529949497205,251,2021-11-01,2.833895831846611,0.5099601593625498
318,3,2022-03-01,2022-05-15,test,-3.4387342309476487,252,2021-12-01,2.87414913671217,0.5119047619047619
318,3,2022-04-01,2022-06-15,test,-9.42208550778698,253,2022-01-01,2.934231073938422,0.5138339920948617
318,3,2022-05-01,2022-07-15,test,-7.20155438135377,254,2022-02-01,2.967576814611661,0.515748031496063
318,3,2022-06-01,2022-08-15,test,-1.46845516829206,255,2022-03-01,2.967576814611661,0.5137254901960784
318,3,2022-07-01,2022-09-15,test,-1.3058950022097449,256,2022-04-01,2.967576814611661,0.51171875
318,3,2022-08-01,2022-10-15,test,-4.964825169653064,257,2022-05-01,2.9509039442750415,0.5097276264591439
318,3,2022-09-01,2022-11-15,test,-11.041380554983515,258,2022-06-01,2.934231073938422,0.5077519379844961
318,3,2022-10-01,2022-12-15,test,-14.325641302493253,259,2022-07-01,2.9175582036018004,0.5057915057915058
318,3,2022-11-01,2023-01-15,test,-13.005312824819804,260,2022-08-01,2.900885333265181,0.5038461538461538
318,3,2022-12-01,2023-02-15,test,-13.164519275691069,261,2022-09-01,2.8842124629285593,0.5019157088122606
318,3,2023-01-01,2023-03-15,test,-7.761469696293144,262,2022-10-01,2.87414913671217,0.5
318,3,2023-02-01,2023-04-15,test,-6.100210851451138,263,2022-11-01,2.8640858104957814,0.49809885931558934
318,3,2023-03-01,2023-05-15,test,-5.819353408024774,264,2022-12-01,2.854022484279391,0.4962121212121212
318,3,2023-04-01,2023-06-15,test,-4.118986377316247,265,2023-01-01,2.8439591580630017,0.49433962264150944
318,3,2023-05-01,2023-07-15,test,2.2843632919467005,266,2023-02-01,2.833895831846611,0.4924812030075188
318,3,2023-06-01,2023-08-15,test,5.315574005029067,267,2023-03-01,2.795781806840403,0.49063670411985016
318,3,2023-07-01,2023-09-15,test,6.9780997102420805,268,2023-04-01,2.7576677818341944,0.48880597014925375
318,3,2023-08-01,2023-10-15,test,-0.6293286975789236,269,2023-05-01,2.71955375682798,0.49070631970260226
318,3,2023-09-01,2023-11-15,test,-3.730336052996907,270,2023-06-01,2.8439591580630017,0.4925925925925926
318,3,2023-10-01,2023-12-15,test,-9.50651117967265,271,2023-07-01,2.8842124629285593,0.4944649446494465
318,3,2023-11-01,2024-01-15,test,-4.784364256540119,272,2023-08-01,2.87414913671217,0.49264705882352944
318,3,2023-12-01,2024-02-15,test,-3.331420668398444,273,2023-09-01,2.8640858104957814,0.4908424908424908
318,3,2024-01-01,2024-03-15,test,-3.009803115727916,274,2023-10-01,2.854022484279391,0.48905109489051096
318,3,2024-02-01,2024-04-15,test,-8.28059036842328,275,2023-11-01,2.8439591580630017,0.48727272727272725
318,3,2024-03-01,2024-05-15,test,-1.777216974579776,276,2023-12-01,2.833895831846611,0.4855072463768116
318,3,2024-04-01,2024-06-15,test,1.652930195121094,277,2024-01-01,2.795781806840403,0.48375451263537905
318,3,2024-05-01,2024-07-15,test,5.459718304972405,278,2024-02-01,2.7576677818341944,0.48201438848920863
318,3,2024-06-01,2024-08-15,test,0.4129393342011234,279,2024-03-01,2.71955375682798,0.48028673835125446
318,3,2024-07-01,2024-09-15,test,4.278727520520853,280,2024-04-01,2.6814397318217718,0.48214285714285715
318,3,2024-08-01,2024-10-15,test,0.8141157583700043,281,2024-05-01,2.833895831846611,0.48398576512455516
318,3,2024-09-01,2024-11-15,test,1.3642776403786527,282,2024-06-01,2.795781806840403,0.4858156028368794
318,3,2024-10-01,2024-12-15,test,2.8389003262685897,283,2024-07-01,2.8640858104957814,0.4876325088339223
318,3,2024-11-01,2025-01-15,test,10.752034371125596,284,2024-08-01,2.854022484279391,0.4894366197183099
318,3,2024-12-01,2025-02-15,test,6.173989318193662,285,2024-09-01,2.8439591580630017,0.49122807017543857
318,3,2025-01-01,2025-03-15,test,-2.446999106195058,286,2024-10-01,2.8389003262685897,0.493006993006993
318,3,2025-02-01,2025-04-15,test,-6.001800972625304,287,2024-11-01,2.875150035596566,0.49477351916376305
318,3,2025-03-01,2025-05-15,test,3.627664822013177,288,2024-12-01,2.934231073938422,0.4965277777777778
318,3,2025-04-01,2025-06-15,test,9.091509047010328,289,2025-01-01,2.9175582036018004,0.49480968858131485
318,3,2025-05-01,2025-07-15,test,9.57786736053512,290,2025-02-01,2.900885333265181,0.49310344827586206
318,3,2025-06-01,2025-08-15,test,3.0250340464665904,291,2025-03-01,2.967576814611661,0.4948453608247423
318,3,2025-07-01,2025-09-15,test,-4.629328397084453,292,2025-04-01,2.967576814611661,0.4965753424657534
318,3,2025-08-01,2025-10-15,test,-4.797082778602935,293,2025-05-01,3.0053516955644013,0.49829351535836175
318,3,2025-09-01,2025-11-15,test,-6.907801047640305,294,2025-06-01,3.0272344076931113,0.5
318,3,2025-10-01,2025-12-15,test,1.115944624889842,295,2025-07-01,3.026134227079851,0.49830508474576274
318,3,2025-11-01,2026-01-15,test,7.454662636964216,296,2025-08-01,3.0250340464665904,0.4966216216216216
318,3,2025-12-01,2026-02-15,test,24.36220826577502,297,2025-09-01,3.013542600095605,0.494949494949495
318,3,2026-01-01,2026-03-15,test,32.28159101737269,298,2025-10-01,3.00205115372462,0.4966442953020134
318,3,2026-02-01,2026-04-15,test,25.16944396858216,299,2025-11-01,3.0272344076931113,0.4983277591973244
318,3,2026-03-01,2026-05-15,test,0.3996009313381954,300,2025-12-01,3.0519304109813934,0.5
318,3,2026-04-01,2026-06-15,test,-16.356990174374975,301,2026-01-01,3.1375122567753877,0.5016611295681063
318,3,2026-05-01,2026-07-15,test,-18.97962312106607,302,2026-02-01,3.218822114653898,0.5033112582781457
318,4,2015-01-01,2015-03-15,validation,-4.401688541677462,165,2014-09-01,2.2027322318290743,0.5515151515151515
318,4,2015-02-01,2015-04-15,validation,-3.2061932459662934,166,2014-10-01,2.2027322318290743,0.5481927710843374
318,4,2015-03-01,2015-05-15,validation,-1.5019055783715096,167,2014-11-01,2.1736288669674426,0.5449101796407185
318,4,2015-04-01,2015-06-15,validation,-1.016527177685056,168,2014-12-01,2.1445255021058065,0.5416666666666666
318,4,2015-05-01,2015-07-15,validation,-2.7885203489534938,169,2015-01-01,2.115422137244175,0.5384615384615384
318,4,2015-06-01,2015-08-15,validation,-3.8318864302136824,170,2015-02-01,2.086318772382543,0.5352941176470588
318,4,2015-07-01,2015-09-15,validation,-4.382144423921819,171,2015-03-01,2.057215407520907,0.5321637426900585
318,4,2015-08-01,2015-10-15,validation,-4.039637204096369,172,2015-04-01,2.041824871940322,0.5290697674418605
318,4,2015-09-01,2015-11-15,validation,-7.19351317926753,173,2015-05-01,2.0264343363597344,0.5260115606936416
318,4,2015-10-01,2015-12-15,validation,-7.852476311231094,174,2015-06-01,2.011043800779149,0.5229885057471264
318,4,2015-11-01,2016-01-15,validation,-8.378267463325795,175,2015-07-01,1.995653265198564,0.52
318,4,2015-12-01,2016-02-15,validation,-6.880291992402832,176,2015-08-01,1.9802627296179764,0.5170454545454546
318,4,2016-01-01,2016-03-15,validation,-4.809979479441129,177,2015-09-01,1.9659821149448407,0.5141242937853108
318,4,2016-02-01,2016-04-15,validation,-3.7307052412810298,178,2015-10-01,1.9517015002717026,0.5112359550561798
318,4,2016-03-01,2016-05-15,validation,-3.647377311764455,179,2015-11-01,1.9374208855985668,0.5083798882681564
318,4,2016-04-01,2016-06-15,validation,-4.814934389758285,180,2015-12-01,1.9231402709254308,0.5055555555555555
318,4,2016-05-01,2016-07-15,validation,-3.540192705091627,181,2016-01-01,1.908859656252293,0.5027624309392266
318,4,2016-06-01,2016-08-15,validation,-1.769957709940151,182,2016-02-01,1.901708459123093,0.5
318,4,2016-07-01,2016-09-15,validation,2.7840625972942235,183,2016-03-01,1.894557261993892,0.4972677595628415
318,4,2016-08-01,2016-10-15,validation,5.241374268404009,184,2016-04-01,1.887406064864692,0.4945652173913043
318,4,2016-09-01,2016-11-15,validation,7.239049642025641,185,2016-05-01,1.880254867735492,0.4918918918918919
318,4,2016-10-01,2016-12-15,validation,7.176679836967725,186,2016-06-01,1.873103670606291,0.489247311827957
318,4,2016-11-01,2017-01-15,validation,2.8491955794305746,187,2016-07-01,1.901708459123093,0.4919786096256685
318,4,2016-12-01,2017-02-15,validation,0.4246290881450676,188,2016-08-01,1.9517015002717026,0.4946808510638298
318,4,2017-01-01,2017-03-15,validation,-0.9824640428518272,189,2016-09-01,2.011043800779149,0.4973544973544973
318,4,2017-02-01,2017-04-15,validation,-0.9742596198819342,190,2016-10-01,2.086318772382543,0.5
318,4,2017-03-01,2017-05-15,validation,-0.5633817718256218,191,2016-11-01,2.2027322318290743,0.5026178010471204
318,4,2017-04-01,2017-06-15,validation,1.9581045199107192,192,2016-12-01,2.1736288669674426,0.5052083333333334
318,4,2017-05-01,2017-07-15,validation,2.78182054765308,193,2017-01-01,2.1445255021058105,0.5025906735751295
318,4,2017-06-01,2017-08-15,validation,4.244305750975386,194,2017-02-01,2.115422137244175,0.5
318,4,2017-07-01,2017-09-15,validation,6.427365555530518,195,2017-03-01,2.086318772382543,0.49743589743589745
318,4,2017-08-01,2017-10-15,validation,4.2040088907066675,196,2017-04-01,2.057215407520907,0.5
318,4,2017-09-01,2017-11-15,validation,4.295962585302782,197,2017-05-01,2.1736288669674426,0.5025380710659898
318,4,2017-10-01,2017-12-15,validation,3.036536930188305,198,2017-06-01,2.2027322318290743,0.5050505050505051
318,4,2017-11-01,2018-01-15,validation,2.872260111862257,199,2017-07-01,2.2548736096052666,0.507537688442211
318,4,2017-12-01,2018-02-15,validation,2.491932222488291,200,2017-08-01,2.3951336823787592,0.51
318,4,2018-01-01,2018-03-15,validation,1.5645690725736294,201,2017-09-01,2.643325706815558,0.5124378109452736
318,4,2018-02-01,2018-04-15,validation,2.3137278911758763,202,2017-10-01,2.7541215794855773,0.5148514851485149
318,4,2018-03-01,2018-05-15,validation,0.1286173810744806,203,2017-11-01,2.783165777437766,0.5172413793103449
318,4,2018-04-01,2018-06-15,validation,1.7972242404430183,204,2017-12-01,2.7827173675095374,0.5196078431372549
318,4,2018-05-01,2018-07-15,validation,3.682955927909237,205,2018-01-01,2.7822689575813087,0.5219512195121951
318,4,2018-06-01,2018-08-15,validation,2.8805999249081893,206,2018-02-01,2.78182054765308,0.5242718446601942
318,4,2018-07-01,2018-09-15,validation,3.90723928801,207,2018-03-01,2.7541215794855773,0.5265700483091788
318,4,2018-08-01,2018-10-15,validation,1.890415463915307,208,2018-04-01,2.7264226113180743,0.5288461538461539
318,4,2018-09-01,2018-11-15,validation,-1.5075662405447332,209,2018-05-01,2.7827173675095374,0.5311004784688995
318,4,2018-10-01,2018-12-15,validation,-4.030772348809286,210,2018-06-01,2.7970891937214946,0.5333333333333333
318,4,2018-11-01,2019-01-15,validation,-4.422704346876483,211,2018-07-01,2.8491955794305746,0.5355450236966824
318,4,2018-12-01,2019-02-15,validation,-3.6876397043583258,212,2018-08-01,2.836168983003305,0.5377358490566038
318,4,2019-01-01,2019-03-15,test,-1.1457795621381273,213,2018-09-01,2.8231423865760354,0.5352112676056338
318,4,2019-02-01,2019-04-15,test,1.6571443589262105,214,2018-10-01,2.8101157901487643,0.5327102803738317
318,4,2019-03-01,2019-05-15,test,1.0282866955583891,215,2018-11-01,2.7970891937214946,0.5302325581395348
318,4,2019-04-01,2019-06-15,test,-0.6497748657520397,216,2018-12-01,2.7840625972942235,0.5277777777777778
318,4,2019-05-01,2019-07-15,test,-1.808834847243013,217,2019-01-01,2.7836141873659948,0.5253456221198156
318,4,2019-06-01,2019-08-15,test,-3.342213394111848,218,2019-02-01,2.783165777437766,0.5275229357798165
318,4,2019-07-01,2019-09-15,test,-4.044908878117592,219,2019-03-01,2.7827173675095374,0.5296803652968036
318,4,2019-08-01,2019-10-15,test,-5.081306935859775,220,2019-04-01,2.7822689575813087,0.5272727272727272
318,4,2019-09-01,2019-11-15,test,-5.9077579208491215,221,2019-05-01,2.78182054765308,0.5248868778280543
318,4,2019-10-01,2019-12-15,test,-6.340626477831179,222,2019-06-01,2.7541215794855773,0.5225225225225225
318,4,2019-11-01,2020-01-15,test,-8.471405417282973,223,2019-07-01,2.7264226113180743,0.5201793721973094
318,4,2019-12-01,2020-02-15,test,-6.225489374643267,224,2019-08-01,2.6987236431505677,0.5178571428571429
318,4,2020-01-01,2020-03-15,test,-10.643685926908208,225,2019-09-01,2.6710246749830646,0.5155555555555555
318,4,2020-02-01,2020-04-15,test,-10.103685234413362,226,2019-10-01,2.643325706815558,0.5132743362831859
318,4,2020-03-01,2020-05-15,test,-4.293775773961883,227,2019-11-01,2.6130470099501064,0.5110132158590308
318,4,2020-04-01,2020-06-15,test,-2.214112587721395,228,2019-12-01,2.582768313084655,0.5087719298245614
318,4,2020-05-01,2020-07-15,test,4.217492505071263,229,2020-01-01,2.552489616219199,0.5065502183406113
318,4,2020-06-01,2020-08-15,test,4.666008146606249,230,2020-02-01,2.522210919353747,0.5043478260869565
318,4,2020-07-01,2020-09-15,test,3.4204077770864316,231,2020-03-01,2.491932222488291,0.5021645021645021
318,4,2020-08-01,2020-10-15,test,2.359991534087414,232,2020-04-01,2.4601629132445453,0.5
318,4,2020-09-01,2020-11-15,test,0.8810629682155735,233,2020-05-01,2.582768313084655,0.5021459227467812
318,4,2020-10-01,2020-12-15,test,9.531017980432477,234,2020-06-01,2.6987236431505677,0.5042735042735043
318,4,2020-11-01,2021-01-15,test,12.23211309648713,235,2020-07-01,2.7822689575813087,0.5063829787234042
318,4,2020-12-01,2021-02-15,test,12.06942458638416,236,2020-08-01,2.78182054765308,0.5084745762711864
318,4,2021-01-01,2021-03-15,test,13.772580015985804,237,2020-09-01,2.7541215794855773,0.510548523206751
318,4,2021-02-01,2021-04-15,test,11.12256351102241,238,2020-10-01,2.783165777437766,0.5126050420168067
318,4,2021-03-01,2021-05-15,test,10.315887001035762,239,2020-11-01,2.8101157901487643,0.5146443514644351
318,4,2021-04-01,2021-06-15,test,11.3467103190815,240,2020-12-01,2.8538084859169115,0.5166666666666667
318,4,2021-05-01,2021-07-15,test,14.666137639506973,241,2021-01-01,2.872260111862257,0.5186721991701245
318,4,2021-06-01,2021-08-15,test,13.098629056950095,242,2021-02-01,2.878931962299003,0.5206611570247934
318,4,2021-07-01,2021-09-15,test,16.624593124963116,243,2021-03-01,2.932786058730274,0.522633744855967
318,4,2021-08-01,2021-10-15,test,15.95734192680176,244,2021-04-01,2.967576814611661,0.5245901639344263
318,4,2021-09-01,2021-11-15,test,11.7171676586171,245,2021-05-01,2.981368837726991,0.5265306122448979
318,4,2021-10-01,2021-12-15,test,4.713987499435124,246,2021-06-01,3.036536930188305,0.5284552845528455
318,4,2021-11-01,2022-01-15,test,5.104622829611483,247,2021-07-01,3.0690400793779564,0.5303643724696356
318,4,2021-12-01,2022-02-15,test,7.936174067411983,248,2021-08-01,3.2831110129220145,0.532258064516129
318,4,2022-01-01,2022-03-15,test,4.121330737987616,249,2021-09-01,3.4725122045282584,0.5341365461847389
318,4,2022-02-01,2022-04-15,test,2.958795718549556,250,2021-10-01,3.5771262621346467,0.536
318,4,2022-03-01,2022-05-15,test,-6.097679649871601,251,2021-11-01,3.682955927909237,0.5378486055776892
318,4,2022-04-01,2022-06-15,test,-10.52596023926915,252,2021-12-01,3.8529886044479356,0.5396825396825397
318,4,2022-05-01,2022-07-15,test,-4.907189399239709,253,2022-01-01,3.902542282239043,0.541501976284585
318,4,2022-06-01,2022-08-15,test,-3.9648404211336974,254,2022-02-01,3.9001937793535646,0.5433070866141733
318,4,2022-07-01,2022-09-15,test,-6.068699901135233,255,2022-03-01,3.897845276468086,0.5411764705882353
318,4,2022-08-01,2022-10-15,test,-8.747015572869454,256,2022-04-01,3.8954967735826074,0.5390625
318,4,2022-09-01,2022-11-15,test,-16.82202655533489,257,2022-05-01,3.8529886044479356,0.5369649805447471
318,4,2022-10-01,2022-12-15,test,-17.76811772374529,258,2022-06-01,3.810480435313264,0.5348837209302325
318,4,2022-11-01,2023-01-15,test,-16.946709678907457,259,2022-07-01,3.7679722661785866,0.5328185328185329
318,4,2022-12-01,2023-02-15,test,-13.54211569664452,260,2022-08-01,3.725464097043915,0.5307692307692308
318,4,2023-01-01,2023-03-15,test,-9.542687272703176,261,2022-09-01,3.682955927909237,0.5287356321839081
318,4,2023-02-01,2023-04-15,test,-9.760750262112428,262,2022-10-01,3.6564985114655904,0.5267175572519084
318,4,2023-03-01,2023-05-15,test,-4.496582798269699,263,2022-11-01,3.630041095021944,0.5247148288973384
318,4,2023-04-01,2023-06-15,test,0.5031457155366681,264,2022-12-01,3.6035836785782935,0.5227272727272727
318,4,2023-05-01,2023-07-15,test,1.655034594367777,265,2023-01-01,3.5771262621346467,0.5207547169811321
318,4,2023-06-01,2023-08-15,test,8.300870319997156,266,2023-02-01,3.5506688456909963,0.518796992481203
318,4,2023-07-01,2023-09-15,test,3.992803395273992,267,2023-03-01,3.5246166319700847,0.5168539325842697
318,4,2023-08-01,2023-10-15,test,-4.359664750575831,268,2023-04-01,3.4985644182491735,0.5186567164179104
318,4,2023-09-01,2023-11-15,test,-6.521214864704561,269,2023-05-01,3.4725122045282584,0.5204460966542751
318,4,2023-10-01,2023-12-15,test,-7.769660571508208,270,2023-06-01,3.5771262621346467,0.5222222222222223
318,4,2023-11-01,2024-01-15,test,-7.061756721395351,271,2023-07-01,3.682955927909237,0.5239852398523985
318,4,2023-12-01,2024-02-15,test,-5.800681927435569,272,2023-08-01,3.6564985114655904,0.5220588235294118
318,4,2024-01-01,2024-03-15,test,-6.543739760258838,273,2023-09-01,3.630041095021944,0.5201465201465202
318,4,2024-02-01,2024-04-15,test,-4.0546094394350085,274,2023-10-01,3.6035836785782935,0.5182481751824818
318,4,2024-03-01,2024-05-15,test,-0.8163310639160315,275,2023-11-01,3.5771262621346467,0.5163636363636364
318,4,2024-04-01,2024-06-15,test,1.9257816604414837,276,2023-12-01,3.5506688456909963,0.5144927536231884
318,4,2024-05-01,2024-07-15,test,4.638920263189394,277,2024-01-01,3.5246166319700847,0.5126353790613718
318,4,2024-06-01,2024-08-15,test,5.239613431184598,278,2024-02-01,3.4985644182491735,0.5107913669064749
318,4,2024-07-01,2024-09-15,test,1.0869672236903938,279,2024-03-01,3.4725122045282584,0.5089605734767025
318,4,2024-08-01,2024-10-15,test,0.543479598595642,280,2024-04-01,3.4464599908073468,0.5107142857142857
318,4,2024-09-01,2024-11-15,test,7.665574423252064,281,2024-05-01,3.5506688456909963,0.5124555160142349
318,4,2024-10-01,2024-12-15,test,7.560274074295137,282,2024-06-01,3.6564985114655904,0.5141843971631206
318,4,2024-11-01,2025-01-15,test,5.9033531584193,283,2024-07-01,3.630041095021944,0.5159010600706714
318,4,2024-12-01,2025-02-15,test,3.854297676678353,284,2024-08-01,3.6035836785782935,0.5176056338028169
318,4,2025-01-01,2025-03-15,test,-1.280427224598757,285,2024-09-01,3.725464097043915,0.519298245614035
318,4,2025-02-01,2025-04-15,test,-1.2210163906931193,286,2024-10-01,3.8954967735826074,0.5209790209790209
318,4,2025-03-01,2025-05-15,test,6.7718174054950175,287,2024-11-01,3.904890785124522,0.5226480836236934
318,4,2025-04-01,2025-06-15,test,10.74443924213142,288,2024-12-01,3.902542282239043,0.5243055555555556
318,4,2025-05-01,2025-07-15,test,7.805818628398775,289,2025-01-01,3.9001937793535646,0.5224913494809689
318,4,2025-06-01,2025-08-15,test,-1.4851758136026127,290,2025-02-01,3.897845276468086,0.5206896551724138
318,4,2025-07-01,2025-09-15,test,-3.1441525834818407,291,2025-03-01,3.90723928801,0.5223367697594502
318,4,2025-08-01,2025-10-15,test,-8.67984977977665,292,2025-04-01,3.9756905738211947,0.523972602739726
318,4,2025-09-01,2025-11-15,test,-3.394265235179361,293,2025-05-01,4.046441029324914,0.5255972696245734
318,4,2025-10-01,2025-12-15,test,8.939838450566828,294,2025-06-01,4.028561817974606,0.5238095238095238
318,4,2025-11-01,2026-01-15,test,20.479441264601306,295,2025-07-01,4.0106826066243,0.5220338983050847
318,4,2025-12-01,2026-02-15,test,35.795126829833634,296,2025-08-01,3.992803395273992,0.5202702702702703
318,4,2026-01-01,2026-03-15,test,32.99333779425915,297,2025-09-01,3.9756905738211947,0.5185185185185185
318,4,2026-02-01,2026-04-15,test,13.424379558975286,298,2025-10-01,4.046441029324914,0.5201342281879194
318,4,2026-03-01,2026-05-15,test,-4.924071610316361,299,2025-11-01,4.097851966410362,0.5217391304347826
318,4,2026-04-01,2026-06-15,test,-18.267876344179612,300,2025-12-01,4.137866368531428,0.5233333333333333
318,5,2015-01-01,2015-03-15,validation,-4.652001563489261,164,2014-08-01,2.541443796560481,0.5670731707317073
318,5,2015-02-01,2015-04-15,validation,-3.834730827462351,165,2014-09-01,2.5392888853811346,0.5636363636363636
318,5,2015-03-01,2015-05-15,validation,-2.770958142775992,166,2014-10-01,2.5371339742017884,0.5602409638554217
318,5,2015-04-01,2015-06-15,validation,-1.6571443589262105,167,2014-11-01,2.5337430188404397,0.5568862275449101
318,5,2015-05-01,2015-07-15,validation,-4.082199452025481,168,2014-12-01,2.530352063479091,0.5535714285714286
318,5,2015-06-01,2015-08-15,validation,-5.010682005417877,169,2015-01-01,2.5269611081177423,0.5502958579881657
318,5,2015-07-01,2015-09-15,validation,-5.308689768500852,170,2015-02-01,2.523570152756394,0.5470588235294118
318,5,2015-08-01,2015-10-15,validation,-7.834130360508684,171,2015-03-01,2.520179197395045,0.543859649122807
318,5,2015-09-01,2015-11-15,validation,-9.14615541430308,172,2015-04-01,2.5172134068270413,0.5406976744186046
318,5,2015-10-01,2015-12-15,validation,-9.55706303852999,173,2015-05-01,2.5142476162590377,0.5375722543352601
318,5,2015-11-01,2016-01-15,validation,-7.806837336981864,174,2015-06-01,2.511281825691034,0.5344827586206896
318,5,2015-12-01,2016-02-15,validation,-8.604472635853444,175,2015-07-01,2.508316035123031,0.5314285714285715
318,5,2016-01-01,2016-03-15,validation,-5.68334747631658,176,2015-08-01,2.505350244555027,0.5284090909090909
318,5,2016-02-01,2016-04-15,validation,-5.3519640390633505,177,2015-09-01,2.488352230461751,0.5254237288135594
318,5,2016-03-01,2016-05-15,validation,-4.243504263414355,178,2015-10-01,2.4713542163684727,0.5224719101123596
318,5,2016-04-01,2016-06-15,validation,-5.2643733485422395,179,2015-11-01,2.454356202275197,0.5195530726256983
318,5,2016-05-01,2016-07-15,validation,-2.6433257068156024,180,2015-12-01,2.437358188181921,0.5166666666666667
318,5,2016-06-01,2016-08-15,validation,1.1628037995119025,181,2016-01-01,2.4203601740886427,0.5138121546961326
318,5,2016-07-01,2016-09-15,validation,4.645247316754109,182,2016-02-01,2.4005256164952917,0.510989010989011
318,5,2016-08-01,2016-10-15,validation,6.789610683241687,183,2016-03-01,2.3806910589019377,0.5081967213114754
318,5,2016-09-01,2016-11-15,validation,8.07354683524375,184,2016-04-01,2.3608565013085863,0.5054347826086957
318,5,2016-10-01,2016-12-15,validation,5.781957088882628,185,2016-05-01,2.3410219437152353,0.5027027027027027
318,5,2016-11-01,2017-01-15,validation,2.285813807604953,186,2016-06-01,2.3211873861218812,0.5053763440860215
318,5,2016-12-01,2017-02-15,validation,0.565772371985851,187,2016-07-01,2.4005256164952917,0.5080213903743316
318,5,2017-01-01,2017-03-15,validation,-0.1397624266638253,188,2016-08-01,2.4713542163684727,0.5106382978723404
318,5,2017-02-01,2017-04-15,validation,-1.9581045199107192,189,2016-09-01,2.511281825691034,0.5132275132275133
318,5,2017-03-01,2017-05-15,validation,1.3947227480850977,190,2016-10-01,2.523570152756394,0.5157894736842106
318,5,2017-04-01,2017-06-15,validation,2.9229638314938633,191,2016-11-01,2.520179197395045,0.518324607329843
318,5,2017-05-01,2017-07-15,validation,5.0870073671633875,192,2016-12-01,2.5172134068270413,0.5208333333333334
318,5,2017-06-01,2017-08-15,validation,5.443520655501732,193,2017-01-01,2.514247616259038,0.5181347150259067
318,5,2017-07-01,2017-09-15,validation,6.162113410617387,194,2017-02-01,2.511281825691034,0.5154639175257731
318,5,2017-08-01,2017-10-15,validation,5.2608218968859255,195,2017-03-01,2.508316035123031,0.517948717948718
318,5,2017-09-01,2017-11-15,validation,5.3417237496986125,196,2017-04-01,2.520179197395045,0.5204081632653061
318,5,2017-10-01,2017-12-15,validation,4.071475016388604,197,2017-05-01,2.5337430188404397,0.5228426395939086
318,5,2017-11-01,2018-01-15,validation,2.2266800775751605,198,2017-06-01,2.5435987077398274,0.5252525252525253
318,5,2017-12-01,2018-02-15,validation,2.621382078752887,199,2017-07-01,2.6373611119209808,0.5276381909547738
318,5,2018-01-01,2018-03-15,validation,3.359489055571707,200,2017-08-01,2.801824754022511,0.53
318,5,2018-02-01,2018-04-15,validation,1.1635554672747794,201,2017-09-01,2.9229638314938633,0.5323383084577115
318,5,2018-03-01,2018-05-15,validation,1.1516442061559218,202,2017-10-01,2.958654217988102,0.5346534653465347
318,5,2018-04-01,2018-06-15,validation,3.8124057841738335,203,2017-11-01,2.949731621364543,0.5369458128078818
318,5,2018-05-01,2018-07-15,validation,4.675519907906267,204,2017-12-01,2.940809024740983,0.5392156862745098
318,5,2018-06-01,2018-08-15,validation,2.7570668641089036,205,2018-01-01,2.967576814611661,0.5414634146341464
318,5,2018-07-01,2018-09-15,validation,2.913442288996748,206,2018-02-01,2.967576814611661,0.5436893203883495
318,5,2018-08-01,2018-10-15,validation,0.507615303186082,207,2018-03-01,2.958654217988102,0.5458937198067633
318,5,2018-09-01,2018-11-15,validation,-3.0382083688122563,208,2018-04-01,2.967576814611661,0.5480769230769231
318,5,2018-10-01,2018-12-15,validation,-4.546237407675768,209,2018-05-01,3.0114124354371445,0.5502392344497608
318,5,2018-11-01,2019-01-15,validation,-4.681436703371578,210,2018-06-01,2.9894946250244043,0.5523809523809524
318,5,2018-12-01,2019-02-15,validation,-2.5285797228673523,211,2018-07-01,2.967576814611661,0.5545023696682464
318,5,2019-01-01,2019-03-15,test,0.1265022306586871,212,2018-08-01,2.967576814611661,0.5566037735849056
318,5,2019-02-01,2019-04-15,test,0.512821636691907,213,2018-09-01,2.967576814611661,0.5539906103286385
318,5,2019-03-01,2019-05-15,test,-0.9085072222471346,214,2018-10-01,2.967576814611661,0.5514018691588785
318,5,2019-04-01,2019-06-15,test,-0.6497748657520397,215,2018-11-01,2.967576814611661,0.5488372093023256
318,5,2019-05-01,2019-07-15,test,-2.0699316013150337,216,2018-12-01,2.967576814611661,0.5462962962962963
318,5,2019-06-01,2019-08-15,test,-5.189231600351896,217,2019-01-01,2.958654217988102,0.5483870967741935
318,5,2019-07-01,2019-09-15,test,-7.018100853665299,218,2019-02-01,2.949731621364543,0.5504587155963303
318,5,2019-08-01,2019-10-15,test,-5.9077579208491215,219,2019-03-01,2.940809024740983,0.547945205479452
318,5,2019-09-01,2019-11-15,test,-6.6017232319032,220,2019-04-01,2.9318864281174237,0.5454545454545454
318,5,2019-10-01,2019-12-15,test,-10.31842362352302,221,2019-05-01,2.9229638314938633,0.5429864253393665
318,5,2019-11-01,2020-01-15,test,-9.198681350190974,222,2019-06-01,2.9210595229944403,0.5405405405405406
318,5,2019-12-01,2020-02-15,test,-11.470136911897557,223,2019-07-01,2.9191552144950172,0.5381165919282511
318,5,2020-01-01,2020-03-15,test,-10.79765054546744,224,2019-08-01,2.9172509059955942,0.5357142857142857
318,5,2020-02-01,2020-04-15,test,-8.271572919653725,225,2019-09-01,2.915346597496171,0.5333333333333333
318,5,2020-03-01,2020-05-15,test,-2.9413885206293955,226,2019-10-01,2.913442288996748,0.5309734513274337
318,5,2020-04-01,2020-06-15,test,-1.0271550321830247,227,2019-11-01,2.8850618281283342,0.5286343612334802
318,5,2020-05-01,2020-07-15,test,4.512043528047016,228,2019-12-01,2.85668136725992,0.5263157894736842
318,5,2020-06-01,2020-08-15,test,5.252520091846069,229,2020-01-01,2.828300906391502,0.5240174672489083
318,5,2020-07-01,2020-09-15,test,3.712378787419901,230,2020-02-01,2.7999204455230875,0.5217391304347826
318,5,2020-08-01,2020-10-15,test,2.068020523753944,231,2020-03-01,2.7715399846546696,0.5194805194805194
318,5,2020-09-01,2020-11-15,test,9.82556900340823,232,2020-04-01,2.7686453605455164,0.5172413793103449
318,5,2020-10-01,2020-12-15,test,12.81862504172695,233,2020-05-01,2.85668136725992,0.51931330472103
318,5,2020-11-01,2021-01-15,test,12.361395596717628,234,2020-06-01,2.9172509059955942,0.5213675213675214
318,5,2020-12-01,2021-02-15,test,13.480609005652331,235,2020-07-01,2.9318864281174237,0.5234042553191489
318,5,2021-01-01,2021-03-15,test,20.067069546215063,236,2020-08-01,2.9229638314938633,0.5254237288135594
318,5,2021-02-01,2021-04-15,test,13.603494062330237,237,2020-09-01,2.958654217988102,0.5274261603375527
318,5,2021-03-01,2021-05-15,test,11.475992819311998,238,2020-10-01,2.967576814611661,0.5294117647058824
318,5,2021-04-01,2021-06-15,test,16.077322058775145,239,2020-11-01,3.0114124354371445,0.5313807531380753
318,5,2021-05-01,2021-07-15,test,19.39311858717936,240,2020-12-01,3.1336305044546413,0.5333333333333333
318,5,2021-06-01,2021-08-15,test,19.10552367627094,241,2021-01-01,3.359489055571707,0.5352697095435685
318,5,2021-07-01,2021-09-15,test,17.117447745077996,242,2021-02-01,3.5124328876671407,0.5371900826446281
318,5,2021-08-01,2021-10-15,test,16.447779398310747,243,2021-03-01,3.6476948107283427,0.5390946502057613
318,5,2021-09-01,2021-11-15,test,9.440968447107512,244,2021-04-01,3.7523895861214744,0.5409836065573771
318,5,2021-10-01,2021-12-15,test,11.111517448932329,245,2021-05-01,3.864219630616792,0.5428571428571428
318,5,2021-11-01,2022-01-15,test,8.429028687526863,246,2021-06-01,4.071475016388604,0.5447154471544715
318,5,2021-12-01,2022-02-15,test,4.611768209496603,247,2021-07-01,4.080054564898141,0.5465587044534413
318,5,2022-01-01,2022-03-15,test,0.6825965070399675,248,2021-08-01,4.34010589763843,0.5483870967741935
318,5,2022-02-01,2022-04-15,test,0.2998502996256036,249,2021-09-01,4.565325043529854,0.5502008032128514
318,5,2022-03-01,2022-05-15,test,-7.20155438135377,250,2021-10-01,4.651301834984541,0.552
318,5,2022-04-01,2022-06-15,test,-8.231595257155089,251,2021-11-01,4.675519907906267,0.5537848605577689
318,5,2022-05-01,2022-07-15,test,-7.403574652081346,252,2021-12-01,4.669465389675835,0.5555555555555556
318,5,2022-06-01,2022-08-15,test,-8.727645320059185,253,2022-01-01,4.663410871445405,0.5573122529644269
318,5,2022-07-01,2022-09-15,test,-9.850890304351624,254,2022-02-01,4.657356353214972,0.5590551181102362
318,5,2022-08-01,2022-10-15,test,-14.52766157322083,255,2022-03-01,4.651301834984541,0.5568627450980392
318,5,2022-09-01,2022-11-15,test,-20.26450297658693,256,2022-04-01,4.645247316754109,0.5546875
318,5,2022-10-01,2022-12-15,test,-21.709514577832945,257,2022-05-01,4.6385514953026075,0.5525291828793775
318,5,2022-11-01,2023-01-15,test,-17.32430609986091,258,2022-06-01,4.631855673851107,0.5503875968992248
318,5,2022-12-01,2023-02-15,test,-15.323333273054551,259,2022-07-01,4.625159852399605,0.5482625482625483
318,5,2023-01-01,2023-03-15,test,-13.203226683364466,260,2022-08-01,4.618464030948105,0.5461538461538461
318,5,2023-02-01,2023-04-15,test,-8.437979652357352,261,2022-09-01,4.611768209496603,0.5440613026819924
318,5,2023-03-01,2023-05-15,test,0.1255492945832159,262,2022-10-01,4.591823273206686,0.5419847328244275
318,5,2023-04-01,2023-06-15,test,-0.1261829820422555,263,2022-11-01,4.571878336916771,0.5399239543726235
318,5,2023-05-01,2023-07-15,test,4.640330909335866,264,2022-12-01,4.551933400626852,0.5378787878787878
318,5,2023-06-01,2023-08-15,test,5.315574005029067,265,2023-01-01,4.531988464336935,0.5358490566037736
318,5,2023-07-01,2023-09-15,test,0.262467342277084,266,2023-02-01,4.512043528047016,0.5338345864661654
318,5,2023-08-01,2023-10-15,test,-7.1505435622834845,267,2023-03-01,4.426074712842723,0.5355805243445693
318,5,2023-09-01,2023-11-15,test,-4.784364256540119,268,2023-04-01,4.34010589763843,0.5335820895522388
318,5,2023-10-01,2023-12-15,test,-10.04705303636344,269,2023-05-01,4.551933400626852,0.5353159851301115
318,5,2023-11-01,2024-01-15,test,-9.531017980432477,270,2023-06-01,4.617480749464456,0.5370370370370371
318,5,2023-12-01,2024-02-15,test,-9.334618571966493,271,2023-07-01,4.611768209496603,0.5387453874538746
318,5,2024-01-01,2024-03-15,test,-2.3177588312705666,272,2023-08-01,4.591823273206686,0.5367647058823529
318,5,2024-02-01,2024-04-15,test,-3.093723528771264,273,2023-09-01,4.571878336916771,0.5347985347985348
318,5,2024-03-01,2024-05-15,test,-0.543479598595642,274,2023-10-01,4.551933400626852,0.5328467153284672
318,5,2024-04-01,2024-06-15,test,1.1049836186584727,275,2023-11-01,4.531988464336935,0.5309090909090909
318,5,2024-05-01,2024-07-15,test,9.465594360172869,276,2023-12-01,4.512043528047016,0.5289855072463768
318,5,2024-06-01,2024-08-15,test,2.0478531343541384,277,2024-01-01,4.426074712842723,0.5270758122743683
318,5,2024-07-01,2024-09-15,test,0.8163310639160315,278,2024-02-01,4.34010589763843,0.5251798561151079
318,5,2024-08-01,2024-10-15,test,6.844776381469053,279,2024-03-01,4.2541370824341245,0.5232974910394266
318,5,2024-09-01,2024-11-15,test,12.386948171278611,280,2024-04-01,4.168168267229831,0.525
318,5,2024-10-01,2024-12-15,test,2.7115928615888407,281,2024-05-01,4.512043528047016,0.5266903914590747
318,5,2024-11-01,2025-01-15,test,3.583661516903991,282,2024-06-01,4.426074712842723,0.5283687943262412
318,5,2024-12-01,2025-02-15,test,5.020869558274654,283,2024-07-01,4.34010589763843,0.5300353356890459
318,5,2025-01-01,2025-03-15,test,3.500357357333428,284,2024-08-01,4.551933400626852,0.5316901408450704
318,5,2025-02-01,2025-04-15,test,1.9231361927887216,285,2024-09-01,4.617480749464456,0.5333333333333333
318,5,2025-03-01,2025-05-15,test,8.424747600616111,286,2024-10-01,4.611768209496603,0.534965034965035
318,5,2025-04-01,2025-06-15,test,8.972390509995076,287,2024-11-01,4.591823273206686,0.5365853658536586
318,5,2025-05-01,2025-07-15,test,3.295608768329572,288,2024-12-01,4.6289058294001615,0.5381944444444444
318,5,2025-06-01,2025-08-15,test,0.0,289,2025-01-01,4.623193289432308,0.5397923875432526
318,5,2025-07-01,2025-09-15,test,-7.026919584655555,290,2025-02-01,4.617480749464456,0.5413793103448276
318,5,2025-08-01,2025-10-15,test,-5.1663139673157055,291,2025-03-01,4.640330909335866,0.5429553264604811
318,5,2025-09-01,2025-11-15,test,4.429628590497625,292,2025-04-01,4.64426403527046,0.5445205479452054
318,5,2025-10-01,2025-12-15,test,21.96461707820392,293,2025-05-01,4.6432807537868115,0.5460750853242321
318,5,2025-11-01,2026-01-15,test,31.91235982865992,294,2025-06-01,4.642297472303163,0.54421768707483
318,5,2025-12-01,2026-02-15,test,36.50687360672009,295,2025-07-01,4.641314190819514,0.5423728813559322
318,5,2026-01-01,2026-03-15,test,21.248273384652272,296,2025-08-01,4.640330909335866,0.5405405405405406
318,5,2026-02-01,2026-04-15,test,8.10070701732073,297,2025-09-01,4.634618369368013,0.5420875420875421
318,5,2026-03-01,2026-05-15,test,-6.834957780120998,298,2025-10-01,4.6432807537868115,0.5436241610738255
318,6,2015-01-01,2015-03-15,validation,-5.280539144985319,163,2014-07-01,2.924738512033524,0.5950920245398773
318,6,2015-02-01,2015-04-15,validation,-5.103783391866834,164,2014-08-01,2.9033193607444567,0.5914634146341463
318,6,2015-03-01,2015-05-15,validation,-3.4115753240171465,165,2014-09-01,2.88190020945539,0.5878787878787879
318,6,2015-04-01,2015-06-15,validation,-2.9508234619981977,166,2014-10-01,2.86048105816632,0.5843373493975904
318,6,2015-05-01,2015-07-15,validation,-5.260995027229676,167,2014-11-01,2.8592249133227465,0.5808383233532934
318,6,2015-06-01,2015-08-15,validation,-5.93722734999691,168,2014-12-01,2.8579687684791732,0.5773809523809523
318,6,2015-07-01,2015-09-15,validation,-9.103182924913169,169,2015-01-01,2.8567126236356,0.5739644970414202
318,6,2015-08-01,2015-10-15,validation,-9.786772595544235,170,2015-02-01,2.8554564787920267,0.5705882352941176
318,6,2015-09-01,2015-11-15,validation,-10.850742141601977,171,2015-03-01,2.8542003339484534,0.5672514619883041
318,6,2015-10-01,2015-12-15,validation,-8.985632912186059,172,2015-04-01,2.8336595328641514,0.563953488372093
318,6,2015-11-01,2016-01-15,validation,-9.531017980432477,173,2015-05-01,2.8131187317798463,0.5606936416184971
318,6,2015-12-01,2016-02-15,validation,-9.477840632728896,174,2015-06-01,2.792577930695544,0.5574712643678161
318,6,2016-01-01,2016-03-15,validation,-7.304606274098901,175,2015-07-01,2.772037129611242,0.5542857142857143
318,6,2016-02-01,2016-04-15,validation,-5.948090990713251,176,2015-08-01,2.7514963285269367,0.5511363636363636
318,6,2016-03-01,2016-05-15,validation,-4.692943222198309,177,2015-09-01,2.744595169860107,0.5480225988700564
318,6,2016-04-01,2016-06-15,validation,-4.367506350266215,178,2015-10-01,2.737694011193277,0.5449438202247191
318,6,2016-05-01,2016-07-15,validation,0.2894358026364507,179,2015-11-01,2.730792852526447,0.5418994413407822
318,6,2016-06-01,2016-08-15,validation,3.023988518971787,180,2015-12-01,2.7238916938596174,0.5388888888888889
318,6,2016-07-01,2016-09-15,validation,6.193483731591787,181,2016-01-01,2.716990535192787,0.5359116022099447
318,6,2016-08-01,2016-10-15,validation,7.624107876459796,182,2016-02-01,2.6810192229945895,0.532967032967033
318,6,2016-09-01,2016-11-15,validation,6.678824087158652,183,2016-03-01,2.6450479107963867,0.5300546448087432
318,6,2016-10-01,2016-12-15,validation,5.218575317057006,184,2016-04-01,2.6090765985981887,0.5271739130434783
318,6,2016-11-01,2017-01-15,validation,2.426957091445736,185,2016-05-01,2.5731052863999913,0.5297297297297298
318,6,2016-12-01,2017-02-15,validation,1.4084739881738528,186,2016-06-01,2.716990535192787,0.532258064516129
318,6,2017-01-01,2017-03-15,validation,-1.1236073266926103,187,2016-07-01,2.744595169860107,0.5347593582887701
318,6,2017-02-01,2017-04-15,validation,0.0,188,2016-08-01,2.8131187317798463,0.5372340425531915
318,6,2017-03-01,2017-05-15,validation,2.3595820596682415,189,2016-09-01,2.8567126236356,0.5396825396825397
318,6,2017-04-01,2017-06-15,validation,5.228150651004171,190,2016-10-01,2.88190020945539,0.5421052631578948
318,6,2017-05-01,2017-07-15,validation,6.286222271689734,191,2016-11-01,2.86048105816632,0.5445026178010471
318,6,2017-06-01,2017-08-15,validation,5.178268510588602,192,2016-12-01,2.8592249133227465,0.546875
318,6,2017-07-01,2017-09-15,validation,7.218926416796645,193,2017-01-01,2.8579687684791732,0.5440414507772021
318,6,2017-08-01,2017-10-15,validation,6.306583061281756,194,2017-02-01,2.8567126236356,0.5412371134020618
318,6,2017-09-01,2017-11-15,validation,6.376661835898911,195,2017-03-01,2.8554564787920267,0.5435897435897435
318,6,2017-10-01,2017-12-15,validation,3.4258949821015072,196,2017-04-01,2.86048105816632,0.5459183673469388
318,6,2017-11-01,2018-01-15,validation,2.3561299338397568,197,2017-05-01,2.946157663322594,0.5482233502538071
318,6,2017-12-01,2018-02-15,validation,4.416302061750965,198,2017-06-01,2.967576814611661,0.5505050505050505
318,6,2018-01-01,2018-03-15,validation,2.2093166316706103,199,2017-07-01,2.9901414963557116,0.5527638190954773
318,6,2018-02-01,2018-04-15,validation,2.1865822923562206,200,2017-08-01,3.109708192158916,0.555
318,6,2018-03-01,2018-05-15,validation,3.166825749886737,201,2017-09-01,3.4525868849073937,0.5572139303482587
318,6,2018-04-01,2018-06-15,validation,4.804969764170863,202,2017-10-01,3.447248504346217,0.5594059405940595
318,6,2018-05-01,2018-07-15,validation,4.551986847106981,203,2017-11-01,3.4419101237850396,0.5615763546798029
318,6,2018-06-01,2018-08-15,validation,1.763269865095651,204,2017-12-01,3.491819669220835,0.5637254901960784
318,6,2018-07-01,2018-09-15,validation,1.530642128267523,205,2018-01-01,3.472203277064116,0.5658536585365853
318,6,2018-08-01,2018-10-15,validation,-1.0230268250814412,206,2018-02-01,3.4525868849073937,0.5679611650485437
318,6,2018-09-01,2018-11-15,validation,-3.5536734276787385,207,2018-03-01,3.447248504346217,0.5700483091787439
318,6,2018-10-01,2018-12-15,validation,-4.804969764170863,208,2018-04-01,3.5114360613775575,0.5721153846153846
318,6,2018-11-01,2019-01-15,validation,-3.522376721880605,209,2018-05-01,3.605406491077031,0.5741626794258373
318,6,2018-12-01,2019-02-15,validation,-1.256297930070538,210,2018-06-01,3.5780376683840154,0.5761904761904761
318,6,2019-01-01,2019-03-15,test,-1.0178204915756162,211,2018-07-01,3.5506688456909963,0.5781990521327014
318,6,2019-02-01,2019-04-15,test,-1.4239722811136168,212,2018-08-01,3.531052453534277,0.5754716981132075
318,6,2019-03-01,2019-05-15,test,-0.9085072222471346,213,2018-09-01,3.5114360613775575,0.5727699530516432
318,6,2019-04-01,2019-06-15,test,-0.9108716198240608,214,2018-10-01,3.491819669220835,0.5700934579439252
318,6,2019-05-01,2019-07-15,test,-3.9169498075550817,215,2018-11-01,3.472203277064116,0.5674418604651162
318,6,2019-06-01,2019-08-15,test,-8.162423575899602,216,2018-12-01,3.4525868849073937,0.5648148148148148
318,6,2019-07-01,2019-09-15,test,-7.844551838654645,217,2019-01-01,3.447248504346217,0.5622119815668203
318,6,2019-08-01,2019-10-15,test,-6.6017232319032,218,2019-02-01,3.4419101237850396,0.5596330275229358
318,6,2019-09-01,2019-11-15,test,-10.579520377595042,219,2019-03-01,3.436571743223862,0.5570776255707762
318,6,2019-10-01,2019-12-15,test,-11.04569955643102,220,2019-04-01,3.431233362662685,0.5545454545454546
318,6,2019-11-01,2020-01-15,test,-14.44332888744526,221,2019-05-01,3.4258949821015072,0.5520361990950227
318,6,2019-12-01,2020-02-15,test,-11.624101530456787,222,2019-06-01,3.3740811356585563,0.5495495495495496
318,6,2020-01-01,2020-03-15,test,-8.965538230707804,223,2019-07-01,3.322267289215605,0.547085201793722
318,6,2020-02-01,2020-04-15,test,-6.919185666321237,224,2019-08-01,3.2704534427726464,0.5446428571428571
318,6,2020-03-01,2020-05-15,test,-1.754430965091025,225,2019-09-01,3.2186395963296954,0.5422222222222223
318,6,2020-04-01,2020-06-15,test,-0.7326040092072716,226,2019-10-01,3.166825749886737,0.5398230088495575
318,6,2020-05-01,2020-07-15,test,5.098555473286837,227,2019-11-01,3.1382583037037484,0.5374449339207048
318,6,2020-06-01,2020-08-15,test,5.5444911021795384,228,2019-12-01,3.1096908575207602,0.5350877192982456
318,6,2020-07-01,2020-09-15,test,3.4204077770864316,229,2020-01-01,3.0811234113377677,0.5327510917030568
318,6,2020-08-01,2020-10-15,test,11.0125265589466,230,2020-02-01,3.0525559651547796,0.5304347826086957
318,6,2020-09-01,2020-11-15,test,13.113176064702705,231,2020-03-01,3.023988518971787,0.5281385281385281
318,6,2020-10-01,2020-12-15,test,12.947907541957449,232,2020-04-01,3.0127061780997626,0.5258620689655172
318,6,2020-11-01,2021-01-15,test,13.772580015985804,233,2020-05-01,3.1096908575207602,0.5278969957081545
318,6,2020-12-01,2021-02-15,test,19.775098535881597,234,2020-06-01,3.2704534427726464,0.5299145299145299
318,6,2021-01-01,2021-03-15,test,22.54800009752289,235,2020-07-01,3.4215052180894467,0.5319148936170213
318,6,2021-02-01,2021-04-15,test,14.76359988060647,236,2020-08-01,3.4258949821015072,0.5338983050847458
318,6,2021-03-01,2021-05-15,test,16.206604559005644,237,2020-09-01,3.447248504346217,0.5358649789029536
318,6,2021-04-01,2021-06-15,test,20.804303006447533,238,2020-10-01,3.5114360613775575,0.5378151260504201
318,6,2021-05-01,2021-07-15,test,25.400013206500205,239,2020-11-01,3.605406491077031,0.5397489539748954
318,6,2021-06-01,2021-08-15,test,19.59837829638582,240,2020-12-01,3.7664502577299763,0.5416666666666666
318,6,2021-07-01,2021-09-15,test,17.607885216586983,241,2021-01-01,4.082199452025526,0.5435684647302904
318,6,2021-08-01,2021-10-15,test,14.171580186801158,242,2021-02-01,4.349481539805881,0.5454545454545454
318,6,2021-09-01,2021-11-15,test,15.838498396604717,243,2021-03-01,4.4977129329645775,0.5473251028806584
318,6,2021-10-01,2021-12-15,test,14.435923306847709,244,2021-04-01,4.653180013932536,0.5491803278688525
318,6,2021-11-01,2022-01-15,test,5.104622829611483,245,2021-05-01,4.863686905994063,0.5510204081632653
318,6,2021-12-01,2022-02-15,test,1.173033978548954,246,2021-06-01,5.098555473286837,0.5528455284552846
318,6,2022-01-01,2022-03-15,test,-1.976348911883985,247,2021-07-01,5.16232590312825,0.5546558704453441
318,6,2022-02-01,2022-04-15,test,-0.8040244318565648,248,2021-08-01,5.202452594469645,0.5564516129032258
318,6,2022-03-01,2022-05-15,test,-4.907189399239709,249,2021-09-01,5.222405450635872,0.5582329317269076
318,6,2022-04-01,2022-06-15,test,-10.727980509996726,250,2021-10-01,5.290496108599095,0.56
318,6,2022-05-01,2022-07-15,test,-12.166379551006834,251,2021-11-01,5.228150651004171,0.5617529880478087
318,6,2022-06-01,2022-08-15,test,-12.509835723275575,252,2021-12-01,5.226235584214738,0.5634920634920635
318,6,2022-07-01,2022-09-15,test,-15.631536304702998,253,2022-01-01,5.224320517425305,0.5612648221343873
318,6,2022-08-01,2022-10-15,test,-17.970137994472868,254,2022-02-01,5.222405450635872,0.5590551181102362
318,6,2022-09-01,2022-11-15,test,-24.205899830674586,255,2022-03-01,5.220490383846439,0.5568627450980392
318,6,2022-10-01,2022-12-15,test,-22.087110998786397,256,2022-04-01,5.218575317057006,0.5546875
318,6,2022-11-01,2023-01-15,test,-19.10552367627094,257,2022-05-01,5.210513955763326,0.5525291828793775
318,6,2022-12-01,2023-02-15,test,-18.98387268371584,258,2022-06-01,5.202452594469645,0.5503875968992248
318,6,2023-01-01,2023-03-15,test,-11.880456073609391,259,2022-07-01,5.194391233175963,0.5482625482625483
318,6,2023-02-01,2023-04-15,test,-3.815847559504437,260,2022-08-01,5.1863298718822834,0.5461538461538461
318,6,2023-03-01,2023-05-15,test,-0.5037794029957077,261,2022-09-01,5.178268510588602,0.5440613026819924
318,6,2023-04-01,2023-06-15,test,2.859113332925834,262,2022-10-01,5.163539374393179,0.5419847328244275
318,6,2023-05-01,2023-07-15,test,1.655034594367777,263,2022-11-01,5.148810238197756,0.5399239543726235
318,6,2023-06-01,2023-08-15,test,1.5852379520321591,264,2022-12-01,5.13408110200233,0.5378787878787878
318,6,2023-07-01,2023-09-15,test,-2.5284114694305693,265,2023-01-01,5.119351965806907,0.5358490566037736
318,6,2023-08-01,2023-10-15,test,-5.413692954119043,266,2023-02-01,5.104622829611483,0.5338345864661654
318,6,2023-09-01,2023-11-15,test,-7.061756721395351,267,2023-03-01,5.103409358346553,0.5318352059925093
318,6,2023-10-01,2023-12-15,test,-12.516314295400566,268,2023-04-01,5.102195887081624,0.5335820895522388
318,6,2023-11-01,2024-01-15,test,-13.0649546249634,269,2023-05-01,5.100982415816695,0.5353159851301115
318,6,2023-12-01,2024-02-15,test,-5.10863764297822,270,2023-06-01,5.099768944551766,0.5370370370370371
318,6,2024-01-01,2024-03-15,test,-1.356872920606822,271,2023-07-01,5.098555473286837,0.5350553505535055
318,6,2024-02-01,2024-04-15,test,-2.8208720634508744,272,2023-08-01,5.0398383314636455,0.5330882352941176
318,6,2024-03-01,2024-05-15,test,-1.3642776403786527,273,2023-09-01,4.981121189640454,0.5311355311355311
318,6,2024-04-01,2024-06-15,test,5.931657715641947,274,2023-10-01,4.922404047817254,0.5291970802919708
318,6,2024-05-01,2024-07-15,test,6.2738340633424095,275,2023-11-01,4.863686905994063,0.5272727272727272
318,6,2024-06-01,2024-08-15,test,1.777216974579776,276,2023-12-01,4.804969764170863,0.5253623188405797
318,6,2024-07-01,2024-09-15,test,7.117627846789443,277,2024-01-01,4.75437318075809,0.5234657039711191
318,6,2024-08-01,2024-10-15,test,11.5661501294956,278,2024-02-01,4.703776597345316,0.5215827338129496
318,6,2024-09-01,2024-11-15,test,7.538266958572315,279,2024-03-01,4.653180013932536,0.5197132616487455
318,6,2024-10-01,2024-12-15,test,0.3919012200735317,280,2024-04-01,4.863686905994063,0.5214285714285715
318,6,2024-11-01,2025-01-15,test,4.750233398500292,281,2024-05-01,5.098555473286837,0.5231316725978647
318,6,2024-12-01,2025-02-15,test,9.80165414020684,282,2024-06-01,5.0398383314636455,0.524822695035461
318,6,2025-01-01,2025-03-15,test,6.644509940815269,283,2024-07-01,5.102195887081624,0.5265017667844523
318,6,2025-02-01,2025-04-15,test,3.5760663879098153,284,2024-08-01,5.13408110200233,0.528169014084507
318,6,2025-03-01,2025-05-15,test,6.652698868479767,285,2024-09-01,5.1863298718822834,0.5298245614035088
318,6,2025-04-01,2025-06-15,test,4.462180649925873,286,2024-10-01,5.178268510588602,0.5314685314685315
318,6,2025-05-01,2025-07-15,test,4.780784581932185,287,2024-11-01,5.163539374393179,0.5331010452961672
318,6,2025-06-01,2025-08-15,test,-3.882767001173715,288,2024-12-01,5.202452594469645,0.5347222222222222
318,6,2025-07-01,2025-09-15,test,-3.5133837721946115,289,2025-01-01,5.222405450635872,0.5363321799307958
318,6,2025-08-01,2025-10-15,test,2.657579858361281,290,2025-02-01,5.220490383846439,0.5379310344827586
318,6,2025-09-01,2025-11-15,test,17.454407218134715,291,2025-03-01,5.228150651004171,0.5395189003436426
318,6,2025-10-01,2025-12-15,test,33.39753564226253,292,2025-04-01,5.226235584214738,0.541095890410959
318,6,2025-11-01,2026-01-15,test,32.62410660554637,293,2025-05-01,5.224320517425305,0.5426621160409556
318,6,2025-12-01,2026-02-15,test,24.761809197113216,294,2025-06-01,5.222405450635872,0.5408163265306123
318,6,2026-01-01,2026-03-15,test,15.924600842997716,295,2025-07-01,5.220490383846439,0.5389830508474577
318,6,2026-02-01,2026-04-15,test,6.189820847516092,296,2025-08-01,5.218575317057006,0.5405405405405406
402,2,2015-01-01,2015-03-15,validation,-0.9597002641009488,167,2014-11-01,2.292212142540891,0.6526946107784432
402,2,2015-02-01,2015-04-15,validation,-0.9633985881134066,168,2014-12-01,2.285472462611917,0.6488095238095238
402,2,2015-03-01,2015-05-15,validation,0.0963855496306287,169,2015-01-01,2.278732782682944,0.6449704142011834
402,2,2015-04-01,2015-06-15,validation,1.3461741750898426,170,2015-02-01,2.2719931027539713,0.6411764705882353
402,2,2015-05-01,2015-07-15,validation,1.6244982184333343,171,2015-03-01,2.2652534228249976,0.6432748538011696
402,2,2015-06-01,2015-08-15,validation,0.4764182427118513,172,2015-04-01,2.243417920391552,0.6453488372093024
402,2,2015-07-01,2015-09-15,validation,-0.9523881511255716,173,2015-05-01,2.221582417958103,0.6473988439306358
402,2,2015-08-01,2015-10-15,validation,-1.051132468268623,174,2015-06-01,2.1997469155246567,0.6494252873563219
402,2,2015-09-01,2015-11-15,validation,-0.287494208559913,175,2015-07-01,2.177911413091211,0.6457142857142857
402,2,2015-10-01,2015-12-15,validation,-0.3849860385441772,176,2015-08-01,2.156075910657762,0.6420454545454546
402,2,2015-11-01,2016-01-15,validation,-0.5774799493884153,177,2015-09-01,2.1350208129487505,0.6384180790960452
402,2,2015-12-01,2016-02-15,validation,-1.0664182498812735,178,2015-10-01,2.1139657152397358,0.6348314606741573
402,2,2016-01-01,2016-03-15,validation,-0.9699397088713368,179,2015-11-01,2.0929106175307237,0.6312849162011173
402,2,2016-02-01,2016-04-15,validation,0.6799443388923798,180,2015-12-01,2.071855519821712,0.6277777777777778
402,2,2016-03-01,2016-05-15,validation,0.5830920310793353,181,2016-01-01,2.0508004221126974,0.6243093922651933
402,2,2016-04-01,2016-06-15,validation,-0.1937985102678396,182,2016-02-01,2.0315322591495653,0.6263736263736264
402,2,2016-05-01,2016-07-15,validation,-2.3530497410193973,183,2016-03-01,2.012264096186431,0.6284153005464481
402,2,2016-06-01,2016-08-15,validation,-2.256103538564602,184,2016-04-01,1.9929959332232987,0.625
402,2,2016-07-01,2016-09-15,validation,-0.1986097971629519,185,2016-05-01,1.9737277702601668,0.6216216216216216
402,2,2016-08-01,2016-10-15,validation,-0.298062813813793,186,2016-06-01,1.954459607297032,0.6182795698924731
402,2,2016-09-01,2016-11-15,validation,-0.3984069014874691,187,2016-07-01,1.9374103460806689,0.6149732620320856
402,2,2016-10-01,2016-12-15,validation,0.4962789342129348,188,2016-08-01,1.9203610848643031,0.6117021276595744
402,2,2016-11-01,2017-01-15,validation,0.8941937375661624,189,2016-09-01,1.90331182364794,0.6084656084656085
402,2,2016-12-01,2017-02-15,validation,0.0989609185165996,190,2016-10-01,1.8862625624315768,0.6105263157894737
402,2,2017-01-01,2017-03-15,validation,1.5701990908087105,191,2016-11-01,1.8692133012152112,0.612565445026178
402,2,2017-02-01,2017-04-15,validation,2.5391989209055943,192,2016-12-01,1.867721821293582,0.6145833333333334
402,2,2017-03-01,2017-05-15,validation,2.3100160948392734,193,2017-01-01,1.866230341371953,0.616580310880829
402,2,2017-04-01,2017-06-15,validation,1.4361185068128002,194,2017-02-01,1.90331182364794,0.6185567010309279
402,2,2017-05-01,2017-07-15,validation,-0.3813160006414406,195,2017-03-01,1.9737277702601668,0.6205128205128205
402,2,2017-06-01,2017-08-15,validation,-0.4764182427118513,196,2017-04-01,1.954459607297032,0.6224489795918368
402,2,2017-07-01,2017-09-15,validation,0.3813160006414406,197,2017-05-01,1.9374103460806689,0.6192893401015228
402,2,2017-08-01,2017-10-15,validation,-0.1912046471625572,198,2017-06-01,1.9203610848643056,0.6161616161616161
402,2,2017-09-01,2017-11-15,validation,-1.2446307151117608,199,2017-07-01,1.90331182364794,0.6180904522613065
402,2,2017-10-01,2017-12-15,validation,-0.287494208559913,200,2017-08-01,1.8862625624315768,0.615
402,2,2017-11-01,2018-01-15,validation,-0.0963855496306287,201,2017-09-01,1.8692133012152112,0.6119402985074627
402,2,2017-12-01,2018-02-15,validation,0.0,202,2017-10-01,1.867721821293582,0.6089108910891089
402,2,2018-01-01,2018-03-15,validation,0.7684956169383916,203,2017-11-01,1.866230341371953,0.6059113300492611
402,2,2018-02-01,2018-04-15,validation,0.0,204,2017-12-01,1.8647388614503235,0.6029411764705882
402,2,2018-03-01,2018-05-15,validation,-0.7684956169383916,205,2018-01-01,1.8632473815286945,0.6048780487804878
402,2,2018-04-01,2018-06-15,validation,-0.8674753193673723,206,2018-02-01,1.861755901607065,0.6019417475728155
402,2,2018-05-01,2018-07-15,validation,-0.7744472395478041,207,2018-03-01,1.8533519023238125,0.5990338164251208
402,2,2018-06-01,2018-08-15,validation,0.0,208,2018-04-01,1.84494790304056,0.5961538461538461
402,2,2018-07-01,2018-09-15,validation,0.1941748182910707,209,2018-05-01,1.8365439037573061,0.5933014354066986
402,2,2018-08-01,2018-10-15,validation,-0.4852023104527703,210,2018-06-01,1.8281399044740536,0.5904761904761905
402,2,2018-09-01,2018-11-15,validation,-0.5836592444451227,211,2018-07-01,1.8197359051908,0.5924170616113744
402,2,2018-10-01,2018-12-15,validation,0.2914038001849306,212,2018-08-01,1.8179716599495777,0.589622641509434
402,2,2018-11-01,2019-01-15,validation,1.5489177042460334,213,2018-09-01,1.8162074147083551,0.5868544600938967
402,2,2018-12-01,2019-02-15,validation,0.8691508118458202,214,2018-10-01,1.8144431694671326,0.5887850467289719
402,2,2019-01-01,2019-03-15,test,-0.2886004889135485,215,2018-11-01,1.81267892422591,0.5906976744186047
402,2,2019-02-01,2019-04-15,test,0.5752652489450227,216,2018-12-01,1.8109146789846875,0.5925925925925926
402,2,2019-03-01,2019-05-15,test,0.7677580899034808,217,2019-01-01,1.7869411861540931,0.5898617511520737
402,2,2019-04-01,2019-06-15,test,-0.1913876182284113,218,2019-02-01,1.7629676933234988,0.591743119266055
402,2,2019-05-01,2019-07-15,test,1.9877606676884871,219,2019-03-01,1.738994200492901,0.593607305936073
402,2,2019-06-01,2019-08-15,test,1.426557715882204,220,2019-04-01,1.7150207076623067,0.5909090909090909
402,2,2019-07-01,2019-09-15,test,-1.9877606676884871,221,2019-05-01,1.8109146789846875,0.5927601809954751
402,2,2019-08-01,2019-10-15,test,-0.9487737205109426,222,2019-06-01,1.7869411861540931,0.5945945945945946
402,2,2019-09-01,2019-11-15,test,-0.0956480225957179,223,2019-07-01,1.7629676933234988,0.5919282511210763
402,2,2019-10-01,2019-12-15,test,-0.7655539781327825,224,2019-08-01,1.738994200492901,0.5892857142857143
402,2,2019-11-01,2020-01-15,test,0.3820443997385681,225,2019-09-01,1.7150207076623067,0.5866666666666667
402,2,2019-12-01,2020-02-15,test,1.430639565123748,226,2019-10-01,1.691047214831709,0.584070796460177
402,2,2020-01-01,2020-03-15,test,1.0431578709815703,227,2019-11-01,1.6777374155520348,0.5859030837004405
402,2,2020-02-01,2020-04-15,test,0.1892148152037975,228,2019-12-01,1.6644276162723606,0.5877192982456141
402,2,2020-03-01,2020-05-15,test,-0.6625674972137396,229,2020-01-01,1.6511178169926846,0.5895196506550219
402,2,2020-04-01,2020-06-15,test,0.6594465725281218,230,2020-02-01,1.6378080177130103,0.591304347826087
402,2,2020-05-01,2020-07-15,test,-0.2853068982406448,231,2020-03-01,1.6244982184333343,0.5887445887445888
402,2,2020-06-01,2020-08-15,test,-1.5137469747228849,232,2020-04-01,1.6136383929084102,0.5905172413793104
402,2,2020-07-01,2020-09-15,test,0.3802285949738859,233,2020-05-01,1.602778567383486,0.5879828326180258
402,2,2020-08-01,2020-10-15,test,0.4755120705010718,234,2020-06-01,1.5919187418585603,0.5854700854700855
402,2,2020-09-01,2020-11-15,test,1.9728211460455112,235,2020-07-01,1.5810589163336362,0.5872340425531914
402,2,2020-10-01,2020-12-15,test,3.0829158019901826,236,2020-08-01,1.5701990908087105,0.5889830508474576
402,2,2020-11-01,2021-01-15,test,2.7524673390090904,237,2020-09-01,1.6136383929084102,0.5907172995780591
402,2,2020-12-01,2021-02-15,test,2.0037100229157723,238,2020-10-01,1.6644276162723606,0.592436974789916
402,2,2021-01-01,2021-03-15,test,2.0600818106150776,239,2020-11-01,1.738994200492901,0.5941422594142259
402,2,2021-02-01,2021-04-15,test,2.1410273677639147,240,2020-12-01,1.81267892422591,0.5958333333333333
402,2,2021-03-01,2021-05-15,test,2.2788015010040574,241,2021-01-01,1.8197359051908,0.5975103734439834
402,2,2021-04-01,2021-06-15,test,4.31846029503804,242,2021-02-01,1.8533519023238125,0.5991735537190083
402,2,2021-05-01,2021-07-15,test,2.819494754162299,243,2021-03-01,1.866230341371953,0.6008230452674898
402,2,2021-06-01,2021-08-15,test,3.4887259000440984,244,2021-04-01,1.90331182364794,0.6024590163934426
402,2,2021-07-01,2021-09-15,test,4.12599777828202,245,2021-05-01,1.958131915046728,0.6040816326530613
402,2,2021-08-01,2021-10-15,test,2.1002387488083585,246,2021-06-01,1.9728211460455112,0.6056910569105691
402,2,2021-09-01,2021-11-15,test,1.8422627553035476,247,2021-07-01,1.9847727633598922,0.6072874493927125
402,2,2021-10-01,2021-12-15,test,0.5579926793474854,248,2021-08-01,1.9973302808248585,0.6088709677419355
402,2,2021-11-01,2022-01-15,test,-1.0371054265487345,249,2021-09-01,1.9941404097794013,0.6104417670682731
402,2,2021-12-01,2022-02-15,test,0.7128743060753173,250,2021-10-01,1.9909505387339443,0.612
402,2,2022-01-01,2022-03-15,test,3.69975293808098,251,2021-11-01,1.9877606676884871,0.6095617529880478
402,2,2022-02-01,2022-04-15,test,5.002967077919518,252,2021-12-01,1.9847727633598922,0.6111111111111112
402,2,2022-03-01,2022-05-15,test,4.162538114690939,253,2022-01-01,1.9973302808248585,0.6126482213438735
402,2,2022-04-01,2022-06-15,test,1.3423020332140825,254,2022-02-01,2.0225461825945428,0.6141732283464567
402,2,2022-05-01,2022-07-15,test,1.3986241974740743,255,2022-03-01,2.0526566998131734,0.615686274509804
402,2,2022-06-01,2022-08-15,test,0.0,256,2022-04-01,2.0508004221126974,0.6171875
402,2,2022-07-01,2022-09-15,test,-1.769957709940151,257,2022-05-01,2.041382342273313,0.6186770428015564
402,2,2022-08-01,2022-10-15,test,-1.3423020332140825,258,2022-06-01,2.0319642624339282,0.6162790697674418
402,2,2022-09-01,2022-11-15,test,-2.1053409197832273,259,2022-07-01,2.0225461825945428,0.6138996138996139
402,2,2022-10-01,2022-12-15,test,-2.1245108613736186,260,2022-08-01,2.013128102755158,0.6115384615384616
402,2,2022-11-01,2023-01-15,test,-1.608613775162393,261,2022-09-01,2.0037100229157723,0.6091954022988506
402,2,2022-12-01,2023-02-15,test,-2.170627858186336,262,2022-10-01,2.0005201518703153,0.6068702290076335
402,2,2023-01-01,2023-03-15,test,-3.5367143837291337,263,2022-11-01,1.9973302808248585,0.6045627376425855
402,2,2023-02-01,2023-04-15,test,-2.539819060561044,264,2022-12-01,1.9941404097794013,0.6022727272727273
402,2,2023-03-01,2023-05-15,test,0.5584378293900016,265,2023-01-01,1.9909505387339443,0.6
402,2,2023-04-01,2023-06-15,test,0.1606426048273768,266,2023-02-01,1.9877606676884871,0.5977443609022557
402,2,2023-05-01,2023-07-15,test,-1.8467004124913975,267,2023-03-01,1.9847727633598922,0.599250936329588
402,2,2023-06-01,2023-08-15,test,-2.272825107755594,268,2023-04-01,1.9817848590312972,0.6007462686567164
402,2,2023-07-01,2023-09-15,test,-2.046735385054088,269,2023-05-01,1.9787969547027016,0.5985130111524164
402,2,2023-08-01,2023-10-15,test,0.1640689457460098,270,2023-06-01,1.9758090503741066,0.5962962962962963
402,2,2023-09-01,2023-11-15,test,1.6407258951242731,271,2023-07-01,1.9728211460455112,0.5940959409594095
402,2,2023-10-01,2023-12-15,test,2.028467117150523,272,2023-08-01,1.9691488382958156,0.5955882352941176
402,2,2023-11-01,2024-01-15,test,2.491089037948857,273,2023-09-01,1.96547653054612,0.5970695970695971
402,2,2023-12-01,2024-02-15,test,2.1454935001259834,274,2023-10-01,1.9787969547027016,0.5985401459854015
402,2,2024-01-01,2024-03-15,test,2.585337882633354,275,2023-11-01,1.9909505387339443,0.6
402,2,2024-02-01,2024-04-15,test,1.327625903912022,276,2023-12-01,2.0037100229157723,0.6014492753623188
402,2,2024-03-01,2024-05-15,test,1.0003931064519025,277,2024-01-01,2.0235156983035734,0.6028880866425993
402,2,2024-04-01,2024-06-15,test,3.281484816114677,278,2024-02-01,2.018564279456623,0.60431654676259
402,2,2024-05-01,2024-07-15,test,1.4443428583946094,279,2024-03-01,2.0136128606096726,0.6057347670250897
402,2,2024-06-01,2024-08-15,test,0.2998502996256924,280,2024-04-01,2.0329337781429584,0.6071428571428571
402,2,2024-07-01,2024-09-15,test,1.9432599539876527,281,2024-05-01,2.028467117150523,0.608540925266904
402,2,2024-08-01,2024-10-15,test,2.4400471191857953,282,2024-06-01,2.0235156983035734,0.6099290780141844
402,2,2024-09-01,2024-11-15,test,2.19628154490934,283,2024-07-01,2.018564279456623,0.6113074204946997
402,2,2024-10-01,2024-12-15,test,2.0962097505305977,284,2024-08-01,2.037400439135393,0.6126760563380281
402,2,2024-11-01,2025-01-15,test,2.925645695389356,285,2024-09-01,2.0526566998131734,0.6140350877192983
402,2,2024-12-01,2025-02-15,test,3.3066677752777274,286,2024-10-01,2.0600818106150776,0.6153846153846154
402,2,2025-01-01,2025-03-15,test,2.7741029946538376,287,2024-11-01,2.088984162547494,0.6167247386759582
402,2,2025-02-01,2025-04-15,test,2.6631823180792935,288,2024-12-01,2.098627149497254,0.6180555555555556
402,2,2025-03-01,2025-05-15,test,3.0978908258177285,289,2025-01-01,2.1165541963905814,0.6193771626297578
402,2,2025-04-01,2025-06-15,test,3.1832926573210685,290,2025-02-01,2.1419205942363284,0.6206896551724138
402,2,2025-05-01,2025-07-15,test,0.3310165220454131,291,2025-03-01,2.1454935001259834,0.6219931271477663
402,2,2025-06-01,2025-08-15,test,-2.4447864475749093,292,2025-04-01,2.1539594285514063,0.6232876712328768
402,2,2025-07-01,2025-09-15,test,-2.9512537614477807,293,2025-05-01,2.151842946445051,0.6245733788395904
402,2,2025-08-01,2025-10-15,test,-3.470916637201515,294,2025-06-01,2.149726464338695,0.6224489795918368
402,2,2025-09-01,2025-11-15,test,-3.0410083471126725,295,2025-07-01,2.147609982232339,0.6203389830508474
402,2,2025-10-01,2025-12-15,test,-2.5957262338383025,296,2025-08-01,2.1454935001259834,0.6182432432432432
402,2,2025-11-01,2026-01-15,test,-2.2712118922945557,297,2025-09-01,2.1446002736535696,0.6161616161616161
402,2,2025-12-01,2026-02-15,test,-1.9376278963138205,298,2025-10-01,2.143707047181156,0.6140939597315436
402,2,2026-01-01,2026-03-15,test,0.2867385477156148,299,2025-11-01,2.142813820708742,0.6120401337792643
402,2,2026-02-01,2026-04-15,test,-0.1450326577646876,300,2025-12-01,2.1419205942363284,0.61
402,2,2026-03-01,2026-05-15,test,-2.317265163790161,301,2026-01-01,2.1410273677639147,0.6112956810631229
402,2,2026-04-01,2026-06-15,test,-1.756999810138371,302,2026-02-01,2.132869643972804,0.609271523178808
402,2,2026-05-01,2026-07-15,test,-1.6993390087432836,303,2026-03-01,2.124711920181693,0.6072607260726073
402,2,2026-06-01,2026-08-15,test,0.5891033237237053,304,2026-04-01,2.1165541963905814,0.6052631578947368
402,3,2015-01-01,2015-03-15,validation,-1.3461741750898426,166,2014-10-01,3.368194038677874,0.6626506024096386
402,3,2015-02-01,2015-04-15,validation,-0.4805391274938841,167,2014-11-01,3.368194038677874,0.6586826347305389
402,3,2015-03-01,2015-05-15,validation,0.9597002641009488,168,2014-12-01,3.368194038677874,0.6547619047619048
402,3,2015-04-01,2015-06-15,validation,2.107357679052857,169,2015-01-01,3.368194038677874,0.650887573964497
402,3,2015-05-01,2015-07-15,validation,1.3397329571821714,170,2015-02-01,3.368194038677874,0.6470588235294118
402,3,2015-06-01,2015-08-15,validation,-0.1912046471625572,171,2015-03-01,3.368194038677874,0.6491228070175439
402,3,2015-07-01,2015-09-15,validation,-1.335897729519786,172,2015-04-01,3.3341146254183425,0.6511627906976745
402,3,2015-08-01,2015-10-15,validation,-0.9551170984343216,173,2015-05-01,3.3000352121588064,0.653179190751445
402,3,2015-09-01,2015-11-15,validation,-0.7684956169383916,174,2015-06-01,3.2659557988992747,0.6494252873563219
402,3,2015-10-01,2015-12-15,validation,-0.4814645795541139,175,2015-07-01,3.2318763856397434,0.6457142857142857
402,3,2015-11-01,2016-01-15,validation,-1.547419658259752,176,2015-08-01,3.197796972380207,0.6420454545454546
402,3,2015-12-01,2016-02-15,validation,-1.0664182498812735,177,2015-09-01,3.168454403174918,0.6384180790960452
402,3,2016-01-01,2016-03-15,validation,-0.289995369978957,178,2015-10-01,3.1391118339696247,0.6348314606741573
402,3,2016-02-01,2016-04-15,validation,0.5830920310793353,179,2015-11-01,3.109769264764336,0.6312849162011173
402,3,2016-03-01,2016-05-15,validation,0.4861458286245401,180,2015-12-01,3.080426695559047,0.6277777777777778
402,3,2016-04-01,2016-06-15,validation,-2.449902048832442,181,2016-01-01,3.0510841263537536,0.6243093922651933
402,3,2016-05-01,2016-07-15,validation,-2.3530497410193973,182,2016-02-01,3.0137792626223026,0.6263736263736264
402,3,2016-06-01,2016-08-15,validation,-2.454713335727554,183,2016-03-01,2.976474398890846,0.6284153005464481
402,3,2016-07-01,2016-09-15,validation,-0.298062813813793,184,2016-04-01,2.9391695351593947,0.625
402,3,2016-08-01,2016-10-15,validation,-0.5970166986504211,185,2016-05-01,2.9018646714279437,0.6216216216216216
402,3,2016-09-01,2016-11-15,validation,0.3968259175620936,186,2016-06-01,2.8645598076964873,0.6182795698924731
402,3,2016-10-01,2016-12-15,validation,0.5952398527295344,187,2016-07-01,2.851355154518612,0.6149732620320856
402,3,2016-11-01,2017-01-15,validation,0.8941937375661624,188,2016-08-01,2.8381505013407344,0.6117021276595744
402,3,2016-12-01,2017-02-15,validation,1.66916000932531,189,2016-09-01,2.824945848162859,0.6137566137566137
402,3,2017-01-01,2017-03-15,validation,2.5391989209055943,190,2016-10-01,2.8117411949849838,0.6157894736842106
402,3,2017-02-01,2017-04-15,validation,3.880215185647984,191,2016-11-01,2.798536541807106,0.6178010471204188
402,3,2017-03-01,2017-05-15,validation,2.405118336909684,192,2016-12-01,2.7868087172079834,0.6197916666666666
402,3,2017-04-01,2017-06-15,validation,0.9597002641009488,193,2017-01-01,2.77508089260886,0.6217616580310881
402,3,2017-05-01,2017-07-15,validation,-0.3813160006414406,194,2017-02-01,2.824945848162859,0.6237113402061856
402,3,2017-06-01,2017-08-15,validation,-0.0951022420704106,195,2017-03-01,2.8117411949849838,0.6256410256410256
402,3,2017-07-01,2017-09-15,validation,-0.1912046471625572,196,2017-04-01,2.798536541807106,0.6275510204081632
402,3,2017-08-01,2017-10-15,validation,-0.8633147144703202,197,2017-05-01,2.7868087172079834,0.6243654822335025
402,3,2017-09-01,2017-11-15,validation,-0.860014856363911,198,2017-06-01,2.77508089260886,0.6212121212121212
402,3,2017-10-01,2017-12-15,validation,-0.7684956169383916,199,2017-07-01,2.7633530680097356,0.6180904522613065
402,3,2017-11-01,2018-01-15,validation,0.3846158587478498,200,2017-08-01,2.7516252434106123,0.615
402,3,2017-12-01,2018-02-15,validation,0.287494208559913,201,2017-09-01,2.7398974188114877,0.6119402985074627
402,3,2018-01-01,2018-03-15,validation,0.4810014083784786,202,2017-10-01,2.7238641854345156,0.6089108910891089
402,3,2018-02-01,2018-04-15,validation,-0.4810014083784786,203,2017-11-01,2.7078309520575434,0.6108374384236454
402,3,2018-03-01,2018-05-15,validation,-1.1549695279272854,204,2017-12-01,2.691797718680569,0.6127450980392157
402,3,2018-04-01,2018-06-15,validation,-1.2554486479262827,205,2018-01-01,2.675764485303597,0.6146341463414634
402,3,2018-05-01,2018-07-15,validation,-0.3864739109888937,206,2018-02-01,2.6597312519266225,0.6116504854368932
402,3,2018-06-01,2018-08-15,validation,-0.1937985102678396,207,2018-03-01,2.6564501429044185,0.6086956521739131
402,3,2018-07-01,2018-09-15,validation,-0.0972289818938598,208,2018-04-01,2.653169033882215,0.6057692307692307
402,3,2018-08-01,2018-10-15,validation,-0.7774577547129624,209,2018-05-01,2.6498879248600105,0.6028708133971292
402,3,2018-09-01,2018-11-15,validation,0.0,210,2018-06-01,2.646606815837807,0.6
402,3,2018-10-01,2018-12-15,validation,1.2566622599858412,211,2018-07-01,2.6433257068156024,0.5971563981042654
402,3,2018-11-01,2019-01-15,validation,1.452810056290943,212,2018-08-01,2.6363099030409924,0.5943396226415094
402,3,2018-12-01,2019-02-15,validation,0.6766579708873621,213,2018-09-01,2.6292940992663825,0.5915492957746479
402,3,2019-01-01,2019-03-15,test,0.4791576009899323,214,2018-10-01,2.622278295491771,0.5934579439252337
402,3,2019-02-01,2019-04-15,test,0.5752652489450227,215,2018-11-01,2.615262491717161,0.5953488372093023
402,3,2019-03-01,2019-05-15,test,0.5763704716750695,216,2018-12-01,2.6082466879425503,0.5972222222222222
402,3,2019-04-01,2019-06-15,test,1.9877606676884871,217,2019-01-01,2.606107078419253,0.5990783410138248
402,3,2019-05-01,2019-07-15,test,1.2351700976537927,218,2019-02-01,2.603967468895956,0.6009174311926605
402,3,2019-06-01,2019-08-15,test,0.1913876182284113,219,2019-03-01,2.6018278593726585,0.6027397260273972
402,3,2019-07-01,2019-09-15,test,-1.7013642905456372,220,2019-04-01,2.599688249849361,0.6045454545454545
402,3,2019-08-01,2019-10-15,test,-1.3308181202495106,221,2019-05-01,2.597548640326064,0.6063348416289592
402,3,2019-09-01,2019-11-15,test,-0.4791576009899323,222,2019-06-01,2.597548640326064,0.6081081081081081
402,3,2019-10-01,2019-12-15,test,0.0,223,2019-07-01,2.597548640326064,0.6053811659192825
402,3,2019-11-01,2020-01-15,test,1.0471299867295336,224,2019-08-01,2.597548640326064,0.6026785714285714
402,3,2019-12-01,2020-02-15,test,1.8087118491143528,225,2019-09-01,2.597548640326064,0.6
402,3,2020-01-01,2020-03-15,test,0.8543004021947631,226,2019-10-01,2.597548640326064,0.5973451327433629
402,3,2020-02-01,2020-04-15,test,-0.2844952132231348,227,2019-11-01,2.5863254807122087,0.5991189427312775
402,3,2020-03-01,2020-05-15,test,0.4705891037413146,228,2019-12-01,2.575102321098354,0.6008771929824561
402,3,2020-04-01,2020-06-15,test,-0.7590169266675773,229,2020-01-01,2.5638791614844973,0.6026200873362445
402,3,2020-05-01,2020-07-15,test,-0.3805903737678306,230,2020-02-01,2.552656001870642,0.6
402,3,2020-06-01,2020-08-15,test,-1.038234904221813,231,2020-03-01,2.5414328422567856,0.6017316017316018
402,3,2020-07-01,2020-09-15,test,0.3802285949738859,232,2020-04-01,2.5409860579865473,0.5991379310344828
402,3,2020-08-01,2020-10-15,test,2.448333216546583,233,2020-05-01,2.540539273716309,0.5965665236051502
402,3,2020-09-01,2020-11-15,test,3.0829158019901826,234,2020-06-01,2.540092489446071,0.594017094017094
402,3,2020-10-01,2020-12-15,test,4.725288485054602,235,2020-07-01,2.5396457051758325,0.5957446808510638
402,3,2020-11-01,2021-01-15,test,3.113804678860443,236,2020-08-01,2.5391989209055943,0.597457627118644
402,3,2020-12-01,2021-02-15,test,3.7024544936794967,237,2020-09-01,2.5409860579865473,0.5991561181434599
402,3,2021-01-01,2021-03-15,test,2.5023647076152677,238,2020-10-01,2.575102321098354,0.6008403361344538
402,3,2021-02-01,2021-04-15,test,3.977545971767782,239,2020-11-01,2.597548640326064,0.602510460251046
402,3,2021-03-01,2021-05-15,test,4.76074319203823,240,2020-12-01,2.599688249849361,0.6041666666666666
402,3,2021-04-01,2021-06-15,test,4.656013358166167,241,2021-01-01,2.597548640326064,0.6058091286307054
402,3,2021-05-01,2021-07-15,test,5.970667591078271,242,2021-02-01,2.606107078419253,0.6074380165289256
402,3,2021-06-01,2021-08-15,test,4.463550841410147,243,2021-03-01,2.6292940992663825,0.6090534979423868
402,3,2021-07-01,2021-09-15,test,5.25141158572433,244,2021-04-01,2.6498879248600105,0.610655737704918
402,3,2021-08-01,2021-10-15,test,2.8170876966695957,245,2021-05-01,2.675764485303597,0.6122448979591837
402,3,2021-09-01,2021-11-15,test,1.6834064867897958,246,2021-06-01,2.7398974188114877,0.6138211382113821
402,3,2021-10-01,2021-12-15,test,-0.3202564786874973,247,2021-07-01,2.7868087172079834,0.6153846153846154
402,3,2021-11-01,2022-01-15,test,0.5540180375615655,248,2021-08-01,2.8096672347246003,0.6169354838709677
402,3,2021-12-01,2022-02-15,test,2.8215037800459974,249,2021-09-01,2.805957003752102,0.6184738955823293
402,3,2022-01-01,2022-03-15,test,6.594090542029818,250,2021-10-01,2.8022467727796045,0.616
402,3,2022-02-01,2022-04-15,test,6.271167588661619,251,2021-11-01,2.798536541807106,0.6175298804780877
402,3,2022-03-01,2022-05-15,test,4.23663963716292,252,2021-12-01,2.813377465697098,0.6190476190476191
402,3,2022-04-01,2022-06-15,test,2.6668247082161756,253,2022-01-01,2.8197373466954367,0.6205533596837944
402,3,2022-05-01,2022-07-15,test,0.0741015224719809,254,2022-02-01,2.838726191106194,0.6220472440944882
402,3,2022-06-01,2022-08-15,test,-0.4454350349380576,255,2022-03-01,2.9018646714279437,0.6235294117647059
402,3,2022-07-01,2022-09-15,test,-2.6668247082161756,256,2022-04-01,2.8645598076964873,0.625
402,3,2022-08-01,2022-10-15,test,-2.550775954721285,257,2022-05-01,2.85594860216639,0.6264591439688716
402,3,2022-09-01,2022-11-15,test,-3.0213778596496432,258,2022-06-01,2.8473373966362923,0.624031007751938
402,3,2022-10-01,2022-12-15,test,-2.8170876966695957,259,2022-07-01,2.838726191106194,0.6216216216216216
402,3,2022-11-01,2023-01-15,test,-3.0866647980527517,260,2022-08-01,2.8301149855760963,0.6192307692307693
402,3,2022-12-01,2023-02-15,test,-4.229291219025111,261,2022-09-01,2.8215037800459974,0.6168582375478927
402,3,2023-01-01,2023-03-15,test,-4.0178700834514025,262,2022-10-01,2.820620563370717,0.6145038167938931
402,3,2023-02-01,2023-04-15,test,-1.5002255314487734,263,2022-11-01,2.8197373466954367,0.6121673003802282
402,3,2023-03-01,2023-05-15,test,-0.320513094894892,264,2022-12-01,2.8188541300201564,0.6098484848484849
402,3,2023-04-01,2023-06-15,test,-0.8071068833791273,265,2023-01-01,2.817970913344876,0.6075471698113207
402,3,2023-05-01,2023-07-15,test,-3.1517760320404875,266,2023-02-01,2.8170876966695957,0.6052631578947368
402,3,2023-06-01,2023-08-15,test,-3.014484873260592,267,2023-03-01,2.813377465697098,0.602996254681648
402,3,2023-07-01,2023-09-15,test,-1.14100667380308,268,2023-04-01,2.8096672347246003,0.6007462686567164
402,3,2023-08-01,2023-10-15,test,0.8990661296192748,269,2023-05-01,2.805957003752102,0.5985130111524164
402,3,2023-09-01,2023-11-15,test,2.9341958284015313,270,2023-06-01,2.8022467727796045,0.5962962962962963
402,3,2023-10-01,2023-12-15,test,3.226086221822122,271,2023-07-01,2.798536541807106,0.5940959409594095
402,3,2023-11-01,2024-01-15,test,3.4389634334032415,272,2023-08-01,2.7868087172079834,0.5955882352941176
402,3,2023-12-01,2024-02-15,test,3.782956987304953,273,2023-09-01,2.8096672347246003,0.5970695970695971
402,3,2024-01-01,2024-03-15,test,2.2755002993664064,274,2023-10-01,2.8188541300201564,0.5985401459854015
402,3,2024-02-01,2024-04-15,test,2.637856593630872,275,2023-11-01,2.8301149855760963,0.6
402,3,2024-03-01,2024-05-15,test,2.9716472328477295,276,2023-12-01,2.8645598076964873,0.6014492753623188
402,3,2024-04-01,2024-06-15,test,2.7545735481134592,277,2024-01-01,2.85594860216639,0.6028880866425993
402,3,2024-05-01,2024-07-15,test,2.2711044260215196,278,2024-02-01,2.8473373966362923,0.60431654676259
402,3,2024-06-01,2024-08-15,test,1.416348685986435,279,2024-03-01,2.8924142159785053,0.6057347670250897
402,3,2024-07-01,2024-09-15,test,3.2668086868127055,280,2024-04-01,2.8784870118374974,0.6071428571428571
402,3,2024-08-01,2024-10-15,test,3.3127799312700823,281,2024-05-01,2.8645598076964873,0.608540925266904
402,3,2024-09-01,2024-11-15,test,3.4197584833556505,282,2024-06-01,2.85594860216639,0.6099290780141844
402,3,2024-10-01,2024-12-15,test,3.798378507473643,283,2024-07-01,2.9063414201195155,0.6113074204946997
402,3,2024-11-01,2025-01-15,test,4.530144713724038,284,2024-08-01,2.9491763901800105,0.6126760563380281
402,3,2024-12-01,2025-02-15,test,4.476271751596883,285,2024-09-01,2.9875346115489356,0.6140350877192983
402,3,2025-01-01,2025-03-15,test,4.267681336413975,286,2024-10-01,3.0510841263537536,0.6153846153846154
402,3,2025-02-01,2025-04-15,test,4.267494802136884,287,2024-11-01,3.076549466862897,0.6167247386759582
402,3,2025-03-01,2025-05-15,test,4.676870999081206,288,2024-12-01,3.1014491281123395,0.6180555555555556
402,3,2025-04-01,2025-06-15,test,1.9353290061030035,289,2025-01-01,3.147401596268349,0.6193771626297578
402,3,2025-05-01,2025-07-15,test,-0.8658062743114314,290,2025-02-01,3.2034548222685904,0.6206896551724138
402,3,2025-06-01,2025-08-15,test,-4.1992174126658455,291,2025-03-01,3.226086221822122,0.6219931271477663
402,3,2025-07-01,2025-09-15,test,-4.66773943355836,292,2025-04-01,3.2204283719337394,0.6232876712328768
402,3,2025-08-01,2025-10-15,test,-4.795439312203609,293,2025-05-01,3.2147705220453564,0.621160409556314
402,3,2025-09-01,2025-11-15,test,-4.312211905948882,294,2025-06-01,3.209112672156973,0.6190476190476191
402,3,2025-10-01,2025-12-15,test,-3.595734567296649,295,2025-07-01,3.2034548222685904,0.6169491525423729
402,3,2025-11-01,2026-01-15,test,-3.2088314551500297,296,2025-08-01,3.197796972380207,0.6148648648648649
402,3,2025-12-01,2026-02-15,test,-0.7132697857427317,297,2025-09-01,3.180998513676255,0.6127946127946128
402,3,2026-01-01,2026-03-15,test,-1.0826522206201616,298,2025-10-01,3.1642000549723033,0.610738255033557
402,3,2026-02-01,2026-04-15,test,-1.092907053219072,299,2025-11-01,3.147401596268349,0.6086956521739131
402,3,2026-03-01,2026-05-15,test,-3.1263905784741475,300,2025-12-01,3.130603137564397,0.6066666666666667
402,3,2026-04-01,2026-06-15,test,-2.647213404197668,301,2026-01-01,3.113804678860443,0.6046511627906976
402,3,2026-05-01,2026-07-15,test,-0.2200220909602812,302,2026-02-01,3.1076269034863913,0.6026490066225165
402,4,2015-01-01,2015-03-15,validation,-0.8633147144703202,165,2014-09-01,4.911223257768268,0.6484848484848484
402,4,2015-02-01,2015-04-15,validation,0.382775586976436,166,2014-10-01,4.898398140039006,0.6445783132530121
402,4,2015-03-01,2015-05-15,validation,1.7208837680639633,167,2014-11-01,4.889259329924417,0.6407185628742516
402,4,2015-04-01,2015-06-15,validation,1.822592417801694,168,2014-12-01,4.880120519809825,0.6369047619047619
402,4,2015-05-01,2015-07-15,validation,0.6721100673077629,169,2015-01-01,4.870981709695235,0.6331360946745562
402,4,2015-06-01,2015-08-15,validation,-0.5747142255567717,170,2015-02-01,4.861842899580645,0.6352941176470588
402,4,2015-07-01,2015-09-15,validation,-1.2398823596854849,171,2015-03-01,4.852704089466053,0.6374269005847953
402,4,2015-08-01,2015-10-15,validation,-1.4361185068128002,172,2015-04-01,4.834724251357941,0.6395348837209303
402,4,2015-09-01,2015-11-15,validation,-0.8649741579483283,173,2015-05-01,4.816744413249826,0.6416184971098265
402,4,2015-10-01,2015-12-15,validation,-1.4514042884254508,174,2015-06-01,4.798764575141715,0.6379310344827587
402,4,2015-11-01,2016-01-15,validation,-1.547419658259752,175,2015-07-01,4.780784737033603,0.6342857142857142
402,4,2015-12-01,2016-02-15,validation,-0.3864739109888937,176,2015-08-01,4.762804898925488,0.6306818181818182
402,4,2016-01-01,2016-03-15,validation,-0.3868476777920016,177,2015-09-01,4.732066063145732,0.6271186440677966
402,4,2016-02-01,2016-04-15,validation,0.4861458286245401,178,2015-10-01,4.701327227365971,0.6235955056179775
402,4,2016-03-01,2016-05-15,validation,-1.769957709940062,179,2015-11-01,4.670588391586215,0.6201117318435754
402,4,2016-04-01,2016-06-15,validation,-2.449902048832442,180,2015-12-01,4.639849555806459,0.6166666666666667
402,4,2016-05-01,2016-07-15,validation,-2.5516595381823493,181,2016-01-01,4.609110720026699,0.6132596685082873
402,4,2016-06-01,2016-08-15,validation,-2.5541663523783953,182,2016-02-01,4.5877622035004615,0.6153846153846154
402,4,2016-07-01,2016-09-15,validation,-0.5970166986504211,183,2016-03-01,4.566413686974221,0.6120218579234973
402,4,2016-08-01,2016-10-15,validation,0.1982161203991417,184,2016-04-01,4.545065170447985,0.6086956521739131
402,4,2016-09-01,2016-11-15,validation,0.4957868360786932,185,2016-05-01,4.523716653921747,0.6054054054054054
402,4,2016-10-01,2016-12-15,validation,0.5952398527295344,186,2016-06-01,4.502368137395507,0.6021505376344086
402,4,2016-11-01,2017-01-15,validation,2.464392828374873,187,2016-07-01,4.488466252061017,0.5989304812834224
402,4,2016-12-01,2017-02-15,validation,2.638159839422194,188,2016-08-01,4.474564366726526,0.601063829787234
402,4,2017-01-01,2017-03-15,validation,3.880215185647984,189,2016-09-01,4.460662481392035,0.6031746031746031
402,4,2017-02-01,2017-04-15,validation,3.9753174277183945,190,2016-10-01,4.446760596057545,0.6052631578947368
402,4,2017-03-01,2017-05-15,validation,1.9287000941978327,191,2016-11-01,4.432858710723053,0.6073298429319371
402,4,2017-04-01,2017-06-15,validation,0.9597002641009488,192,2016-12-01,4.422715853362807,0.609375
402,4,2017-05-01,2017-07-15,validation,0.0,193,2017-01-01,4.41257299600256,0.6113989637305699
402,4,2017-06-01,2017-08-15,validation,-0.6676228898744085,194,2017-02-01,4.402430138642313,0.6134020618556701
402,4,2017-07-01,2017-09-15,validation,-0.8633147144703202,195,2017-03-01,4.392287281282067,0.6153846153846154
402,4,2017-08-01,2017-10-15,validation,-0.4786988557224703,196,2017-04-01,4.382144423921819,0.6173469387755102
402,4,2017-09-01,2017-11-15,validation,-1.3410162647423896,197,2017-05-01,4.3761749378255566,0.6142131979695431
402,4,2017-10-01,2017-12-15,validation,-0.287494208559913,198,2017-06-01,4.370205451729295,0.6111111111111112
402,4,2017-11-01,2018-01-15,validation,0.6721100673077629,199,2017-07-01,4.364235965633032,0.6080402010050251
402,4,2017-12-01,2018-02-15,validation,0.0,200,2017-08-01,4.358266479536771,0.605
402,4,2018-01-01,2018-03-15,validation,0.0,201,2017-09-01,4.352296993440508,0.6019900497512438
402,4,2018-02-01,2018-04-15,validation,-0.8674753193673723,202,2017-10-01,4.318779793462417,0.599009900990099
402,4,2018-03-01,2018-05-15,validation,-1.5429428564861958,203,2017-11-01,4.285262593484326,0.6009852216748769
402,4,2018-04-01,2018-06-15,validation,-0.8674753193673723,204,2017-12-01,4.251745393506231,0.5980392156862745
402,4,2018-05-01,2018-07-15,validation,-0.5802724212567334,205,2018-01-01,4.21822819352814,0.5951219512195122
402,4,2018-06-01,2018-08-15,validation,-0.4852023104527703,206,2018-02-01,4.184710993550045,0.5922330097087378
402,4,2018-07-01,2018-09-15,validation,-0.389484426154052,207,2018-03-01,4.142832280383717,0.5893719806763285
402,4,2018-08-01,2018-10-15,validation,-0.1937985102678396,208,2018-04-01,4.100953567217389,0.5865384615384616
402,4,2018-09-01,2018-11-15,validation,0.9652584598009106,209,2018-05-01,4.0590748540510555,0.583732057416268
402,4,2018-10-01,2018-12-15,validation,1.1605546120307508,210,2018-06-01,4.017196140884728,0.580952380952381
402,4,2018-11-01,2019-01-15,validation,1.2603172153324849,211,2018-07-01,3.9753174277183945,0.5781990521327014
402,4,2018-12-01,2019-02-15,validation,1.444416060790843,212,2018-08-01,3.9562969793043132,0.5754716981132075
402,4,2019-01-01,2019-03-15,test,0.4791576009899323,213,2018-09-01,3.9372765308902324,0.5774647887323944
402,4,2019-02-01,2019-04-15,test,0.3838776307166114,214,2018-10-01,3.9182560824761485,0.5794392523364486
402,4,2019-03-01,2019-05-15,test,2.755518757591968,215,2018-11-01,3.8992356340620677,0.5813953488372093
402,4,2019-04-01,2019-06-15,test,1.2351700976537927,216,2018-12-01,3.880215185647984,0.5833333333333334
402,4,2019-05-01,2019-07-15,test,0.0,217,2019-01-01,3.81430591765659,0.5852534562211982
402,4,2019-06-01,2019-08-15,test,0.4777839953712615,218,2019-02-01,3.7483966496651964,0.5871559633027523
402,4,2019-07-01,2019-09-15,test,-2.0834086902842053,219,2019-03-01,3.682487381673793,0.589041095890411
402,4,2019-08-01,2019-10-15,test,-1.714327698643725,220,2019-04-01,3.6165781136823996,0.5909090909090909
402,4,2019-09-01,2019-11-15,test,0.2863963771428501,221,2019-05-01,3.5506688456909963,0.5882352941176471
402,4,2019-10-01,2019-12-15,test,0.6650855869909655,222,2019-06-01,3.5434828318656924,0.5900900900900901
402,4,2019-11-01,2020-01-15,test,1.4252022707201384,223,2019-07-01,3.5362968180403884,0.5874439461883408
402,4,2019-12-01,2020-02-15,test,1.6198543803275456,224,2019-08-01,3.529110804215083,0.5848214285714286
402,4,2020-01-01,2020-03-15,test,0.3805903737678306,225,2019-09-01,3.5219247903897792,0.5866666666666667
402,4,2020-02-01,2020-04-15,test,0.8486613877319193,226,2019-10-01,3.5147387765644744,0.588495575221239
402,4,2020-03-01,2020-05-15,test,-0.9478743954543845,227,2019-11-01,3.485429828987156,0.5903083700440529
402,4,2020-04-01,2020-06-15,test,-0.8543004021947631,228,2019-12-01,3.456120881409838,0.5921052631578947
402,4,2020-05-01,2020-07-15,test,0.0949216967332411,229,2020-01-01,3.426811933832515,0.5938864628820961
402,4,2020-06-01,2020-08-15,test,-1.038234904221813,230,2020-02-01,3.397502986255197,0.5956521739130435
402,4,2020-07-01,2020-09-15,test,2.3530497410193973,231,2020-03-01,3.368194038677874,0.5930735930735931
402,4,2020-08-01,2020-10-15,test,3.5584278724912544,232,2020-04-01,3.3224549009722386,0.5905172413793104
402,4,2020-09-01,2020-11-15,test,4.725288485054602,233,2020-05-01,3.276715763266603,0.592274678111588
402,4,2020-10-01,2020-12-15,test,5.086625824905955,234,2020-06-01,3.230976625560961,0.5897435897435898
402,4,2020-11-01,2021-01-15,test,4.812549149624168,235,2020-07-01,3.1852374878553253,0.5914893617021276
402,4,2020-12-01,2021-02-15,test,4.144737390679687,236,2020-08-01,3.368194038677874,0.5932203389830508
402,4,2021-01-01,2021-03-15,test,4.338883311619135,237,2020-09-01,3.485429828987156,0.5949367088607594
402,4,2021-02-01,2021-04-15,test,6.459487662801955,238,2020-10-01,3.5362968180403884,0.5966386554621849
402,4,2021-03-01,2021-05-15,test,5.098296255166357,239,2020-11-01,3.5537724564110995,0.5983263598326359
402,4,2021-04-01,2021-06-15,test,7.807186195082139,240,2020-12-01,3.6227853351226056,0.6
402,4,2021-05-01,2021-07-15,test,6.9454925324443195,241,2021-01-01,3.880215185647984,0.6016597510373444
402,4,2021-06-01,2021-08-15,test,5.588964648852457,242,2021-02-01,3.9562969793043132,0.6033057851239669
402,4,2021-07-01,2021-09-15,test,5.968260533585568,243,2021-03-01,4.0769694054951735,0.6049382716049383
402,4,2021-08-01,2021-10-15,test,2.658231428155844,244,2021-04-01,4.16072683182783,0.6065573770491803
402,4,2021-09-01,2021-11-15,test,0.805157328754813,245,2021-05-01,4.2155454571638655,0.6081632653061224
402,4,2021-10-01,2021-12-15,test,1.2708669854228027,246,2021-06-01,4.338883311619135,0.6097560975609756
402,4,2021-11-01,2022-01-15,test,2.6626475115322457,247,2021-07-01,4.349614257076233,0.611336032388664
402,4,2021-12-01,2022-02-15,test,5.715841383994835,248,2021-08-01,4.3469315207119585,0.6129032258064516
402,4,2022-01-01,2022-03-15,test,7.862291052771919,249,2021-09-01,4.344248784347684,0.6144578313253012
402,4,2022-02-01,2022-04-15,test,6.3452691111336,250,2021-10-01,4.3415660479834095,0.616
402,4,2022-03-01,2022-05-15,test,5.561162312165013,251,2021-11-01,4.338883311619135,0.6175298804780877
402,4,2022-04-01,2022-06-15,test,1.3423020332140825,252,2021-12-01,4.349614257076233,0.6190476190476191
402,4,2022-05-01,2022-07-15,test,-0.3713335124660766,253,2022-01-01,4.370205451729295,0.6205533596837944
402,4,2022-06-01,2022-08-15,test,-1.3423020332140825,254,2022-02-01,4.402430138642313,0.6220472440944882
402,4,2022-07-01,2022-09-15,test,-3.8752986297233782,255,2022-03-01,4.446760596057545,0.6235294117647059
402,4,2022-08-01,2022-10-15,test,-3.466812894587701,256,2022-04-01,4.432858710723053,0.625
402,4,2022-09-01,2022-11-15,test,-3.713954694945621,257,2022-05-01,4.422715853362807,0.622568093385214
402,4,2022-10-01,2022-12-15,test,-4.295138719559954,258,2022-06-01,4.41257299600256,0.6201550387596899
402,4,2022-11-01,2023-01-15,test,-5.145328158891527,259,2022-07-01,4.402430138642313,0.6177606177606177
402,4,2022-12-01,2023-02-15,test,-4.71044691874738,260,2022-08-01,4.392287281282067,0.6153846153846154
402,4,2023-01-01,2023-03-15,test,-2.978276554339132,261,2022-09-01,4.382144423921819,0.6130268199233716
402,4,2023-02-01,2023-04-15,test,-2.379176455733667,262,2022-10-01,4.3761749378255566,0.6106870229007634
402,4,2023-03-01,2023-05-15,test,-1.288262583101396,263,2022-11-01,4.370205451729295,0.6083650190114068
402,4,2023-04-01,2023-06-15,test,-2.112182502928217,264,2022-12-01,4.364235965633032,0.6060606060606061
402,4,2023-05-01,2023-07-15,test,-3.893435797545486,265,2023-01-01,4.358266479536771,0.6037735849056604
402,4,2023-06-01,2023-08-15,test,-2.108756162009584,266,2023-02-01,4.352296993440508,0.6015037593984962
402,4,2023-07-01,2023-09-15,test,-0.406009489929815,267,2023-03-01,4.349614257076233,0.599250936329588
402,4,2023-08-01,2023-10-15,test,2.192536062896533,268,2023-04-01,4.3469315207119585,0.5970149253731343
402,4,2023-09-01,2023-11-15,test,4.13181493307313,269,2023-05-01,4.344248784347684,0.5947955390334573
402,4,2023-10-01,2023-12-15,test,4.1739606172765065,270,2023-06-01,4.3415660479834095,0.5925925925925926
402,4,2023-11-01,2024-01-15,test,5.076426920582211,271,2023-07-01,4.338883311619135,0.5904059040590406
402,4,2023-12-01,2024-02-15,test,3.4731194040380053,272,2023-08-01,4.308048848005319,0.5919117647058824
402,4,2024-01-01,2024-03-15,test,3.585730989085256,273,2023-09-01,4.2772143843915025,0.5934065934065934
402,4,2024-02-01,2024-04-15,test,4.609110720026699,274,2023-10-01,4.246379920777682,0.5948905109489051
402,4,2024-03-01,2024-05-15,test,2.4447359648465117,275,2023-11-01,4.3415660479834095,0.5963636363636363
402,4,2024-04-01,2024-06-15,test,3.5813351157403694,276,2023-12-01,4.338883311619135,0.5978260869565217
402,4,2024-05-01,2024-07-15,test,3.387602812382262,277,2024-01-01,4.308048848005319,0.5992779783393501
402,4,2024-06-01,2024-08-15,test,2.7398974188114877,278,2024-02-01,4.3469315207119585,0.6007194244604317
402,4,2024-07-01,2024-09-15,test,4.1395414988969925,279,2024-03-01,4.344248784347684,0.6021505376344086
402,4,2024-08-01,2024-10-15,test,4.536256869716393,280,2024-04-01,4.3415660479834095,0.6035714285714285
402,4,2024-09-01,2024-11-15,test,5.121927240298696,281,2024-05-01,4.338883311619135,0.604982206405694
402,4,2024-10-01,2024-12-15,test,5.402877525808325,282,2024-06-01,4.308048848005319,0.6063829787234043
402,4,2024-11-01,2025-01-15,test,5.699748690043194,283,2024-07-01,4.2772143843915025,0.607773851590106
402,4,2024-12-01,2025-02-15,test,5.969850093357021,284,2024-08-01,4.344248784347684,0.6091549295774648
402,4,2025-01-01,2025-03-15,test,5.871993820471566,285,2024-09-01,4.358266479536771,0.6105263157894737
402,4,2025-02-01,2025-04-15,test,5.846474975400362,286,2024-10-01,4.382144423921819,0.6118881118881119
402,4,2025-03-01,2025-05-15,test,3.4289073478631416,287,2024-11-01,4.422715853362807,0.6132404181184669
402,4,2025-04-01,2025-06-15,test,0.7385062097461592,288,2024-12-01,4.474564366726527,0.6145833333333334
402,4,2025-05-01,2025-07-15,test,-2.6202372394023676,289,2025-01-01,4.5159236303238615,0.615916955017301
402,4,2025-06-01,2025-08-15,test,-5.915703084776425,290,2025-02-01,4.550827639778455,0.6172413793103448
402,4,2025-07-01,2025-09-15,test,-5.992262108560453,291,2025-03-01,4.536256869716393,0.6185567010309279
402,4,2025-08-01,2025-10-15,test,-6.066642871039818,292,2025-04-01,4.529479123252216,0.6198630136986302
402,4,2025-09-01,2025-11-15,test,-5.312220239407228,293,2025-05-01,4.5227013767880395,0.6177474402730375
402,4,2025-10-01,2025-12-15,test,-4.533354130152123,294,2025-06-01,4.5159236303238615,0.6156462585034014
402,4,2025-11-01,2026-01-15,test,-1.9844733445789409,295,2025-07-01,4.509145883859685,0.6135593220338983
402,4,2025-12-01,2026-02-15,test,-2.082660554078508,296,2025-08-01,4.502368137395507,0.6114864864864865
402,4,2026-01-01,2026-03-15,test,-2.030526616074546,297,2025-09-01,4.488466252061017,0.6094276094276094
402,4,2026-02-01,2026-04-15,test,-1.902032467903059,298,2025-10-01,4.474564366726527,0.6073825503355704
402,4,2026-03-01,2026-05-15,test,-4.0166041725334445,299,2025-11-01,4.460662481392035,0.6053511705685619
402,4,2026-04-01,2026-06-15,test,-1.1678964864146657,300,2025-12-01,4.446760596057545,0.6033333333333334
402,5,2015-01-01,2015-03-15,validation,0.0,164,2014-08-01,5.78851687937883,0.6463414634146342
402,5,2015-02-01,2015-04-15,validation,1.1439590909394504,165,2014-09-01,5.767111190928757,0.6424242424242425
402,5,2015-03-01,2015-05-15,validation,1.4361185068128002,166,2014-10-01,5.745705502478682,0.6385542168674698
402,5,2015-04-01,2015-06-15,validation,1.1549695279272854,167,2014-11-01,5.723253894283521,0.6347305389221557
402,5,2015-05-01,2015-07-15,validation,0.2886004889135485,168,2014-12-01,5.700802286088357,0.6309523809523809
402,5,2015-06-01,2015-08-15,validation,-0.4786988557224703,169,2015-01-01,5.678350677893197,0.6272189349112426
402,5,2015-07-01,2015-09-15,validation,-1.7208837680639633,170,2015-02-01,5.655899069698036,0.6294117647058823
402,5,2015-08-01,2015-10-15,validation,-1.5325970478227369,171,2015-03-01,5.633447461502872,0.631578947368421
402,5,2015-09-01,2015-11-15,validation,-1.8349138668196652,172,2015-04-01,5.5991796588068095,0.6337209302325582
402,5,2015-10-01,2015-12-15,validation,-1.4514042884254508,173,2015-05-01,5.564911856110743,0.6358381502890174
402,5,2015-11-01,2016-01-15,validation,-0.8674753193673723,174,2015-06-01,5.53064405341468,0.632183908045977
402,5,2015-12-01,2016-02-15,validation,-0.4833262188019382,175,2015-07-01,5.496376250718618,0.6285714285714286
402,5,2016-01-01,2016-03-15,validation,-0.4837938802467967,176,2015-08-01,5.462108448022551,0.625
402,5,2016-02-01,2016-04-15,validation,-1.769957709940062,177,2015-09-01,5.4156767464750315,0.6214689265536724
402,5,2016-03-01,2016-05-15,validation,-1.769957709940062,178,2015-10-01,5.3692450449275055,0.6179775280898876
402,5,2016-04-01,2016-06-15,validation,-2.648511845995394,179,2015-11-01,5.322813343379985,0.6145251396648045
402,5,2016-05-01,2016-07-15,validation,-2.6511125548331904,180,2015-12-01,5.276381641832465,0.6111111111111112
402,5,2016-06-01,2016-08-15,validation,-2.8531202372150233,181,2016-01-01,5.229949940284939,0.6077348066298343
402,5,2016-07-01,2016-09-15,validation,0.1982161203991417,182,2016-02-01,5.216662278261222,0.6043956043956044
402,5,2016-08-01,2016-10-15,validation,0.2971770389157413,183,2016-03-01,5.203374616237504,0.6010928961748634
402,5,2016-09-01,2016-11-15,validation,0.4957868360786932,184,2016-04-01,5.190086954213786,0.5978260869565217
402,5,2016-10-01,2016-12-15,validation,2.165438943538245,185,2016-05-01,5.176799292190069,0.5945945945945946
402,5,2016-11-01,2017-01-15,validation,3.4333926584717567,186,2016-06-01,5.163511630166351,0.5913978494623656
402,5,2016-12-01,2017-02-15,validation,3.979176104164583,187,2016-07-01,5.160739819476579,0.5935828877005348
402,5,2017-01-01,2017-03-15,validation,3.9753174277183945,188,2016-08-01,5.157968008786806,0.5957446808510638
402,5,2017-02-01,2017-04-15,validation,3.498899185006543,189,2016-09-01,5.155196198097034,0.5978835978835979
402,5,2017-03-01,2017-05-15,validation,1.9287000941978327,190,2016-10-01,5.152424387407262,0.6
402,5,2017-04-01,2017-06-15,validation,1.3410162647423896,191,2016-11-01,5.149652576717489,0.6020942408376964
402,5,2017-05-01,2017-07-15,validation,-0.5725206478039979,192,2016-12-01,5.126005411622129,0.6041666666666666
402,5,2017-06-01,2017-08-15,validation,-1.3397329571821714,193,2017-01-01,5.1023582465267685,0.6062176165803109
402,5,2017-07-01,2017-09-15,validation,-0.4786988557224703,194,2017-02-01,5.078711081431405,0.6082474226804123
402,5,2017-08-01,2017-10-15,validation,-0.9597002641009488,195,2017-03-01,5.055063916336044,0.6102564102564103
402,5,2017-09-01,2017-11-15,validation,-0.860014856363911,196,2017-04-01,5.03141675124068,0.6122448979591837
402,5,2017-10-01,2017-12-15,validation,0.0,197,2017-05-01,5.026875731265523,0.6091370558375635
402,5,2017-11-01,2018-01-15,validation,0.3846158587478498,198,2017-06-01,5.022334711290367,0.6060606060606061
402,5,2017-12-01,2018-02-15,validation,-0.4810014083784786,199,2017-07-01,5.017793691315209,0.6030150753768844
402,5,2018-01-01,2018-03-15,validation,-0.3864739109888937,200,2017-08-01,5.013252671340052,0.6
402,5,2018-02-01,2018-04-15,validation,-1.2554486479262827,201,2017-09-01,5.008711651364894,0.5970149253731343
402,5,2018-03-01,2018-05-15,validation,-1.1549695279272854,202,2017-10-01,5.007616796062759,0.594059405940594
402,5,2018-04-01,2018-06-15,validation,-1.061273829635212,203,2017-11-01,5.006521940760624,0.5960591133004927
402,5,2018-05-01,2018-07-15,validation,-0.871676221441664,204,2017-12-01,5.005427085458489,0.5931372549019608
402,5,2018-06-01,2018-08-15,validation,-0.7774577547129624,205,2018-01-01,5.004332230156354,0.5902439024390244
402,5,2018-07-01,2018-09-15,validation,0.1941748182910707,206,2018-02-01,5.003237374854219,0.587378640776699
402,5,2018-08-01,2018-10-15,validation,0.771459949533071,207,2018-03-01,4.9822695278911775,0.5845410628019324
402,5,2018-09-01,2018-11-15,validation,0.8691508118458202,208,2018-04-01,4.961301680928137,0.5817307692307693
402,5,2018-10-01,2018-12-15,validation,0.9680617710722929,209,2018-05-01,4.940333833965092,0.5789473684210527
402,5,2018-11-01,2019-01-15,validation,2.0280753052359657,210,2018-06-01,4.919365987002051,0.5761904761904761
402,5,2018-12-01,2019-02-15,validation,1.444416060790843,211,2018-07-01,4.898398140039006,0.5781990521327014
402,5,2019-01-01,2019-03-15,test,0.287769982761521,212,2018-08-01,4.892882518340116,0.5801886792452831
402,5,2019-02-01,2019-04-15,test,2.56302591663351,213,2018-09-01,4.887366896641226,0.5821596244131455
402,5,2019-03-01,2019-05-15,test,2.0029281875572735,214,2018-10-01,4.881851274942335,0.5841121495327103
402,5,2019-04-01,2019-06-15,test,0.0,215,2018-11-01,4.876335653243445,0.586046511627907
402,5,2019-05-01,2019-07-15,test,0.2863963771428501,216,2018-12-01,4.870820031544554,0.5879629629629629
402,5,2019-06-01,2019-08-15,test,0.0957395956326934,217,2019-01-01,4.863027570651806,0.5898617511520737
402,5,2019-07-01,2019-09-15,test,-2.4669182686784197,218,2019-02-01,4.855235109759058,0.591743119266055
402,5,2019-08-01,2019-10-15,test,-0.9487737205109426,219,2019-03-01,4.847442648866309,0.593607305936073
402,5,2019-09-01,2019-11-15,test,0.9514819641338156,220,2019-04-01,4.839650187973562,0.5909090909090909
402,5,2019-10-01,2019-12-15,test,1.0431578709815703,221,2019-05-01,4.831857727080813,0.5927601809954751
402,5,2019-11-01,2020-01-15,test,1.2363448019333312,222,2019-06-01,4.781139043774199,0.5945945945945946
402,5,2019-12-01,2020-02-15,test,1.1461443519006131,223,2019-07-01,4.730420360467585,0.5919282511210763
402,5,2020-01-01,2020-03-15,test,1.5137469747228849,224,2019-08-01,4.679701677160965,0.5892857142857143
402,5,2020-02-01,2020-04-15,test,-0.5698021114637797,225,2019-09-01,4.628982993854351,0.5911111111111111
402,5,2020-03-01,2020-05-15,test,-1.0431578709815703,226,2019-10-01,4.5782643105477305,0.5929203539823009
402,5,2020-04-01,2020-06-15,test,-0.3787883316936913,227,2019-11-01,4.539040333222551,0.5947136563876652
402,5,2020-05-01,2020-07-15,test,0.0949216967332411,228,2019-12-01,4.49981635589737,0.5964912280701754
402,5,2020-06-01,2020-08-15,test,0.9345862418236984,229,2020-01-01,4.460592378572184,0.5982532751091703
402,5,2020-07-01,2020-09-15,test,3.4631443969640685,230,2020-02-01,4.421368401247005,0.5956521739130435
402,5,2020-08-01,2020-10-15,test,5.2008005555556736,231,2020-03-01,4.382144423921819,0.5930735930735931
402,5,2020-09-01,2020-11-15,test,5.086625824905955,232,2020-04-01,4.333859321420486,0.5905172413793104
402,5,2020-10-01,2020-12-15,test,6.785370295669679,233,2020-05-01,4.2855742189191535,0.592274678111588
402,5,2020-11-01,2021-01-15,test,5.254832046624358,234,2020-06-01,4.237289116417815,0.594017094017094
402,5,2020-12-01,2021-02-15,test,5.981255994683554,235,2020-07-01,4.189004013916482,0.5957446808510638
402,5,2021-01-01,2021-03-15,test,6.820825002653308,236,2020-08-01,4.382144423921819,0.597457627118644
402,5,2021-02-01,2021-04-15,test,6.797040725930081,237,2020-09-01,4.539040333222551,0.5991561181434599
402,5,2021-03-01,2021-05-15,test,8.249469092082329,238,2020-10-01,4.730420360467585,0.6008403361344538
402,5,2021-04-01,2021-06-15,test,8.782011136448187,239,2020-11-01,4.847442648866309,0.602510460251046
402,5,2021-05-01,2021-07-15,test,8.07090633988663,240,2020-12-01,4.876335653243445,0.6041666666666666
402,5,2021-06-01,2021-08-15,test,6.305813596713694,241,2021-01-01,4.898398140039006,0.6058091286307054
402,5,2021-07-01,2021-09-15,test,5.809404265071816,242,2021-02-01,4.9822695278911775,0.6074380165289256
402,5,2021-08-01,2021-10-15,test,1.7799822701208612,243,2021-03-01,5.006521940760624,0.6090534979423868
402,5,2021-09-01,2021-11-15,test,2.396280792865113,244,2021-04-01,5.017793691315209,0.610655737704918
402,5,2021-10-01,2021-12-15,test,3.379496459393483,245,2021-05-01,5.042458565973736,0.6122448979591837
402,5,2021-11-01,2022-01-15,test,5.556985115481083,246,2021-06-01,5.086625824905955,0.6138211382113821
402,5,2021-12-01,2022-02-15,test,6.9840418947369365,247,2021-07-01,5.137047226355183,0.6153846153846154
402,5,2022-01-01,2022-03-15,test,7.9363925752439,248,2021-08-01,5.124441875992877,0.6169354838709677
402,5,2022-02-01,2022-04-15,test,7.669791786135693,249,2021-09-01,5.111836525630569,0.6184738955823293
402,5,2022-03-01,2022-05-15,test,4.23663963716292,250,2021-10-01,5.099231175268263,0.62
402,5,2022-04-01,2022-06-15,test,0.8968669982760247,251,2021-11-01,5.149652576717489,0.6215139442231076
402,5,2022-05-01,2022-07-15,test,-1.2682005107421013,252,2021-12-01,5.160739819476579,0.623015873015873
402,5,2022-06-01,2022-08-15,test,-2.550775954721285,253,2022-01-01,5.185884985399945,0.6245059288537549
402,5,2022-07-01,2022-09-15,test,-4.791335569589794,254,2022-02-01,5.21246030944738,0.6259842519685039
402,5,2022-08-01,2022-10-15,test,-4.159389729883678,255,2022-03-01,5.206630432501528,0.6274509803921569
402,5,2022-09-01,2022-11-15,test,-5.192005717835979,256,2022-04-01,5.2008005555556736,0.62890625
402,5,2022-10-01,2022-12-15,test,-6.353802080398729,257,2022-05-01,5.193342770477809,0.6264591439688716
402,5,2022-11-01,2023-01-15,test,-5.6264838586137955,258,2022-06-01,5.185884985399945,0.624031007751938
402,5,2022-12-01,2023-02-15,test,-3.670853389635109,259,2022-07-01,5.17842720032208,0.6216216216216216
402,5,2023-01-01,2023-03-15,test,-3.8572274786240257,260,2022-08-01,5.170969415244216,0.6192307692307693
402,5,2023-02-01,2023-04-15,test,-3.346925943940171,261,2022-09-01,5.163511630166351,0.6168582375478927
402,5,2023-03-01,2023-05-15,test,-2.593338202650486,262,2022-10-01,5.160739819476579,0.6145038167938931
402,5,2023-04-01,2023-06-15,test,-2.853842268433215,263,2022-11-01,5.157968008786806,0.6121673003802282
402,5,2023-05-01,2023-07-15,test,-2.9877070862944777,264,2022-12-01,5.155196198097034,0.6098484848484849
402,5,2023-06-01,2023-08-15,test,-1.373758978136319,265,2023-01-01,5.152424387407262,0.6075471698113207
402,5,2023-07-01,2023-09-15,test,0.8874604433474431,266,2023-02-01,5.149652576717489,0.6052631578947368
402,5,2023-08-01,2023-10-15,test,3.390155167568132,267,2023-03-01,5.137047226355183,0.602996254681648
402,5,2023-09-01,2023-11-15,test,5.079689328527515,268,2023-04-01,5.124441875992877,0.6007462686567164
402,5,2023-10-01,2023-12-15,test,5.811424104455476,269,2023-05-01,5.111836525630569,0.5985130111524164
402,5,2023-11-01,2024-01-15,test,4.7665893373152635,270,2023-06-01,5.099231175268263,0.5962962962962963
402,5,2023-12-01,2024-02-15,test,4.783350093756855,271,2023-07-01,5.086625824905955,0.5977859778597786
402,5,2024-01-01,2024-03-15,test,5.556985115481083,272,2023-08-01,5.075584010172901,0.5992647058823529
402,5,2024-02-01,2024-04-15,test,4.082199452025481,273,2023-09-01,5.083851226354579,0.6007326007326007
402,5,2024-03-01,2024-05-15,test,3.271497532473422,274,2023-10-01,5.111836525630569,0.6021897810218978
402,5,2024-04-01,2024-06-15,test,4.697833502101112,275,2023-11-01,5.099231175268263,0.6036363636363636
402,5,2024-05-01,2024-07-15,test,4.711151545207315,276,2023-12-01,5.086625824905955,0.605072463768116
402,5,2024-06-01,2024-08-15,test,3.6126302308957743,277,2024-01-01,5.137047226355183,0.6064981949458483
402,5,2024-07-01,2024-09-15,test,5.363018437343303,278,2024-02-01,5.124441875992877,0.6079136690647482
402,5,2024-08-01,2024-10-15,test,6.2384256266594384,279,2024-03-01,5.111836525630569,0.6093189964157706
402,5,2024-09-01,2024-11-15,test,6.726426258633378,280,2024-04-01,5.099231175268263,0.6107142857142858
402,5,2024-10-01,2024-12-15,test,6.572481502127481,281,2024-05-01,5.086625824905955,0.6120996441281139
402,5,2024-11-01,2025-01-15,test,7.1933270318033316,282,2024-06-01,5.085238525630267,0.6134751773049646
402,5,2024-12-01,2025-02-15,test,7.5741625774146115,283,2024-07-01,5.124441875992877,0.6148409893992933
402,5,2025-01-01,2025-03-15,test,7.450973993735044,284,2024-08-01,5.155196198097034,0.6161971830985915
402,5,2025-02-01,2025-04-15,test,4.598511324182297,285,2024-09-01,5.170969415244216,0.6175438596491228
402,5,2025-03-01,2025-05-15,test,2.232084551506297,286,2024-10-01,5.2008005555556736,0.6188811188811189
402,5,2025-04-01,2025-06-15,test,-1.015924755344777,287,2024-11-01,5.224120063339086,0.6202090592334495
402,5,2025-05-01,2025-07-15,test,-4.336722911512947,288,2024-12-01,5.244879204088591,0.6215277777777778
402,5,2025-06-01,2025-08-15,test,-7.240225759778518,289,2025-01-01,5.298106602911937,0.6228373702422145
402,5,2025-07-01,2025-09-15,test,-7.263465667396662,290,2025-02-01,5.276469324768149,0.6241379310344828
402,5,2025-08-01,2025-10-15,test,-7.066651204498164,291,2025-03-01,5.254832046624358,0.6254295532646048
402,5,2025-09-01,2025-11-15,test,-6.249839802262702,292,2025-04-01,5.249855625356474,0.6232876712328768
402,5,2025-10-01,2025-12-15,test,-3.308996019581034,293,2025-05-01,5.244879204088591,0.621160409556314
402,5,2025-11-01,2026-01-15,test,-3.3538641129147173,294,2025-06-01,5.239902782820707,0.6190476190476191
402,5,2025-12-01,2026-02-15,test,-3.0305349495328926,295,2025-07-01,5.234926361552823,0.6169491525423729
402,5,2026-01-01,2026-03-15,test,-2.8396520307585327,296,2025-08-01,5.229949940284939,0.6148648648648649
402,5,2026-02-01,2026-04-15,test,-2.7922460619623557,297,2025-09-01,5.224120063339086,0.6127946127946128
402,5,2026-03-01,2026-05-15,test,-2.537287254750442,298,2025-10-01,5.218290186393234,0.610738255033557
402,6,2015-01-01,2015-03-15,validation,0.7611835039630144,163,2014-07-01,6.9317346375759925,0.6503067484662577
402,6,2015-02-01,2015-04-15,validation,0.8591938296882873,164,2014-08-01,6.9256668078621075,0.6463414634146342
402,6,2015-03-01,2015-05-15,validation,0.7684956169383916,165,2014-09-01,6.9195989781482234,0.6424242424242425
402,6,2015-04-01,2015-06-15,validation,0.771459949533071,166,2014-10-01,6.913531148434338,0.6385542168674698
402,6,2015-05-01,2015-07-15,validation,0.3846158587478498,167,2014-11-01,6.887276845522694,0.6347305389221557
402,6,2015-06-01,2015-08-15,validation,-0.9597002641009488,168,2014-12-01,6.861022542611045,0.6309523809523809
402,6,2015-07-01,2015-09-15,validation,-1.8173623090739,169,2015-01-01,6.834768239699401,0.6331360946745562
402,6,2015-08-01,2015-10-15,validation,-2.5025367566940737,170,2015-02-01,6.808513936787757,0.6352941176470588
402,6,2015-09-01,2015-11-15,validation,-1.8349138668196652,171,2015-03-01,6.782259633876109,0.6374269005847953
402,6,2015-10-01,2015-12-15,validation,-0.771459949533071,172,2015-04-01,6.769068603298401,0.6395348837209303
402,6,2015-11-01,2016-01-15,validation,-0.9643276271804168,173,2015-05-01,6.755877572720692,0.6416184971098265
402,6,2015-12-01,2016-02-15,validation,-0.5802724212567334,174,2015-06-01,6.742686542142984,0.6379310344827587
402,6,2016-01-01,2016-03-15,validation,-2.739897418811399,175,2015-07-01,6.729495511565276,0.6342857142857142
402,6,2016-02-01,2016-04-15,validation,-1.769957709940062,176,2015-08-01,6.716304480987567,0.6306818181818182
402,6,2016-03-01,2016-05-15,validation,-1.968567507103014,177,2015-09-01,6.7132577904492585,0.6271186440677966
402,6,2016-04-01,2016-06-15,validation,-2.747964862646235,178,2015-10-01,6.71021109991095,0.6235955056179775
402,6,2016-05-01,2016-07-15,validation,-2.9500664396698184,179,2015-11-01,6.707164409372641,0.6201117318435754
402,6,2016-06-01,2016-08-15,validation,-2.0578874181654605,180,2015-12-01,6.704117718834333,0.6166666666666667
402,6,2016-07-01,2016-09-15,validation,0.2971770389157413,181,2016-01-01,6.701071028296024,0.6132596685082873
402,6,2016-08-01,2016-10-15,validation,0.2971770389157413,182,2016-02-01,6.690336391986183,0.6098901098901099
402,6,2016-09-01,2016-11-15,validation,2.0659859268874037,183,2016-03-01,6.679601755676341,0.6065573770491803
402,6,2016-10-01,2016-12-15,validation,3.1344387736351287,184,2016-04-01,6.6688671193664995,0.6032608695652174
402,6,2016-11-01,2017-01-15,validation,4.774408923214146,185,2016-05-01,6.658132483056659,0.6
402,6,2016-12-01,2017-02-15,validation,4.074278346234994,186,2016-06-01,6.647397846746816,0.5967741935483871
402,6,2017-01-01,2017-03-15,validation,3.498899185006543,187,2016-07-01,6.523957365996072,0.5989304812834224
402,6,2017-02-01,2017-04-15,validation,3.498899185006543,188,2016-08-01,6.40051688524531,0.601063829787234
402,6,2017-03-01,2017-05-15,validation,2.3100160948392734,189,2016-09-01,6.277076404494565,0.6031746031746031
402,6,2017-04-01,2017-06-15,validation,0.7684956169383916,190,2016-10-01,6.1536359237438205,0.6052631578947368
402,6,2017-05-01,2017-07-15,validation,-1.2446307151117608,191,2016-11-01,6.030195442993058,0.6073298429319371
402,6,2017-06-01,2017-08-15,validation,-0.9551170984343216,192,2016-12-01,5.994703143340258,0.609375
402,6,2017-07-01,2017-09-15,validation,-0.9597002641009488,193,2017-01-01,5.959210843687459,0.6113989637305699
402,6,2017-08-01,2017-10-15,validation,-0.4786988557224703,194,2017-02-01,5.923718544034654,0.6134020618556701
402,6,2017-09-01,2017-11-15,validation,-0.5725206478039979,195,2017-03-01,5.888226244381854,0.6153846153846154
402,6,2017-10-01,2017-12-15,validation,-0.287494208559913,196,2017-04-01,5.852733944729049,0.6173469387755102
402,6,2017-11-01,2018-01-15,validation,-0.0963855496306287,197,2017-05-01,5.8521112894154115,0.6142131979695431
402,6,2017-12-01,2018-02-15,validation,-0.8674753193673723,198,2017-06-01,5.851488634101774,0.6111111111111112
402,6,2018-01-01,2018-03-15,validation,-0.7744472395478041,199,2017-07-01,5.850865978788136,0.6080402010050251
402,6,2018-02-01,2018-04-15,validation,-0.8674753193673723,200,2017-08-01,5.850243323474498,0.605
402,6,2018-03-01,2018-05-15,validation,-1.348768038195125,201,2017-09-01,5.84962066816086,0.6019900497512438
402,6,2018-04-01,2018-06-15,validation,-1.3526776298201426,202,2017-10-01,5.786698436191994,0.599009900990099
402,6,2018-05-01,2018-07-15,validation,-1.163931665701856,203,2017-11-01,5.723776204223128,0.5960591133004927
402,6,2018-06-01,2018-08-15,validation,-0.1937985102678396,204,2017-12-01,5.6608539722542535,0.5931372549019608
402,6,2018-07-01,2018-09-15,validation,1.1594332780919814,205,2018-01-01,5.597931740285388,0.5902439024390244
402,6,2018-08-01,2018-10-15,validation,0.6753523015779805,206,2018-02-01,5.535009508316513,0.587378640776699
402,6,2018-09-01,2018-11-15,validation,0.6766579708873621,207,2018-03-01,5.485056770219415,0.5845410628019324
402,6,2018-10-01,2018-12-15,validation,1.7358198609757736,208,2018-04-01,5.435104032122316,0.5817307692307693
402,6,2018-11-01,2019-01-15,validation,2.0280753052359657,209,2018-05-01,5.385151294025212,0.5789473684210527
402,6,2018-12-01,2019-02-15,validation,1.2530284425624316,210,2018-06-01,5.335198555928113,0.5761904761904761
402,6,2019-01-01,2019-03-15,test,2.4669182686784197,211,2018-07-01,5.285245817831008,0.5781990521327014
402,6,2019-02-01,2019-04-15,test,1.8104353465988152,212,2018-08-01,5.274186642321795,0.5801886792452831
402,6,2019-03-01,2019-05-15,test,0.7677580899034808,213,2018-09-01,5.263127466812581,0.5821596244131455
402,6,2019-04-01,2019-06-15,test,0.2863963771428501,214,2018-10-01,5.252068291303367,0.5841121495327103
402,6,2019-05-01,2019-07-15,test,-0.0956480225957179,215,2018-11-01,5.241009115794154,0.586046511627907
402,6,2019-06-01,2019-08-15,test,-0.287769982761521,216,2018-12-01,5.229949940284939,0.5879629629629629
402,6,2019-07-01,2019-09-15,test,-1.7013642905456372,217,2019-01-01,5.165752156158415,0.5898617511520737
402,6,2019-08-01,2019-10-15,test,-0.283688133519977,218,2019-02-01,5.101554372031892,0.591743119266055
402,6,2019-09-01,2019-11-15,test,1.3295542481244205,219,2019-03-01,5.037356587905359,0.593607305936073
402,6,2019-10-01,2019-12-15,test,0.8543004021947631,220,2019-04-01,4.973158803778835,0.5954545454545455
402,6,2019-11-01,2020-01-15,test,0.7626347735063987,221,2019-05-01,4.908961019652303,0.5927601809954751
402,6,2019-12-01,2020-02-15,test,2.2793009528556674,222,2019-06-01,4.882050600364673,0.5900900900900901
402,6,2020-01-01,2020-03-15,test,0.0952834755271858,223,2019-07-01,4.855140181077043,0.5874439461883408
402,6,2020-02-01,2020-04-15,test,-0.6650855869909655,224,2019-08-01,4.82822976178941,0.5848214285714286
402,6,2020-03-01,2020-05-15,test,-0.5676458004804985,225,2019-09-01,4.80131934250178,0.5866666666666667
402,6,2020-04-01,2020-06-15,test,-0.3787883316936913,226,2019-10-01,4.774408923214146,0.588495575221239
402,6,2020-05-01,2020-07-15,test,2.0677428427787525,227,2019-11-01,4.758421823875097,0.5903083700440529
402,6,2020-06-01,2020-08-15,test,2.0446808977683695,228,2019-12-01,4.742434724536048,0.5921052631578947
402,6,2020-07-01,2020-09-15,test,5.105517080028488,229,2020-01-01,4.726447625196998,0.5938864628820961
402,6,2020-08-01,2020-10-15,test,5.562137895407027,230,2020-02-01,4.710460525857949,0.591304347826087
402,6,2020-09-01,2020-11-15,test,6.785370295669679,231,2020-03-01,4.694473426518897,0.5887445887445888
402,6,2020-10-01,2020-12-15,test,7.227653192669869,232,2020-04-01,4.665621989272479,0.5862068965517241
402,6,2020-11-01,2021-01-15,test,7.091350650628225,233,2020-05-01,4.636770552026061,0.5879828326180258
402,6,2020-12-01,2021-02-15,test,8.463197685717727,234,2020-06-01,4.607919114779638,0.5897435897435898
402,6,2021-01-01,2021-03-15,test,7.158378065781434,235,2020-07-01,4.710460525857949,0.5914893617021276
402,6,2021-02-01,2021-04-15,test,9.948213562846052,236,2020-08-01,4.774408923214146,0.5932203389830508
402,6,2021-03-01,2021-05-15,test,9.224294033448375,237,2020-09-01,4.882050600364673,0.5949367088607594
402,6,2021-04-01,2021-06-15,test,9.907424943890495,238,2020-10-01,5.026894655878018,0.5966386554621849
402,6,2021-05-01,2021-07-15,test,8.787755287747867,239,2020-11-01,5.155290224131069,0.5983263598326359
402,6,2021-06-01,2021-08-15,test,6.146957328199942,240,2020-12-01,5.241009115794154,0.6
402,6,2021-07-01,2021-09-15,test,4.931155107036833,241,2021-01-01,5.285245817831008,0.6016597510373444
402,6,2021-08-01,2021-10-15,test,3.371105734231161,242,2021-02-01,5.485056770219415,0.6033057851239669
402,6,2021-09-01,2021-11-15,test,4.504910266835793,243,2021-03-01,5.551286540570822,0.6049382716049383
402,6,2021-10-01,2021-12-15,test,6.273834063342321,244,2021-04-01,5.677131004508562,0.6065573770491803
402,6,2021-11-01,2022-01-15,test,6.825185626223185,245,2021-05-01,5.850243323474498,0.6081632653061224
402,6,2021-12-01,2022-02-15,test,7.0581434172089175,246,2021-06-01,5.852733944729049,0.6097560975609756
402,6,2022-01-01,2022-03-15,test,9.260915250245992,247,2021-07-01,5.8521112894154115,0.611336032388664
402,6,2022-02-01,2022-04-15,test,6.3452691111336,248,2021-08-01,5.851488634101774,0.6129032258064516
402,6,2022-03-01,2022-05-15,test,3.7912046022248624,249,2021-09-01,5.850865978788136,0.6144578313253012
402,6,2022-04-01,2022-06-15,test,0.0,250,2021-10-01,5.888226244381854,0.616
402,6,2022-05-01,2022-07-15,test,-2.476674432249304,251,2021-11-01,6.030195442993058,0.6175298804780877
402,6,2022-06-01,2022-08-15,test,-3.466812894587701,252,2021-12-01,6.123604951158566,0.6190476190476191
402,6,2022-07-01,2022-09-15,test,-5.483912404885771,253,2022-01-01,6.223083369285372,0.6205533596837944
402,6,2022-08-01,2022-10-15,test,-5.637440752774037,254,2022-02-01,6.302408082458832,0.6220472440944882
402,6,2022-09-01,2022-11-15,test,-7.250669078674754,255,2022-03-01,6.288121072900577,0.6235294117647059
402,6,2022-10-01,2022-12-15,test,-6.834957780120998,256,2022-04-01,6.273834063342321,0.62109375
402,6,2022-11-01,2023-01-15,test,-4.586890329501525,257,2022-05-01,6.248458716313847,0.6186770428015564
402,6,2022-12-01,2023-02-15,test,-4.549804313920003,258,2022-06-01,6.223083369285372,0.6162790697674418
402,6,2023-01-01,2023-03-15,test,-4.82497696683053,259,2022-07-01,6.1977080222568945,0.6138996138996139
402,6,2023-02-01,2023-04-15,test,-4.652001563489261,260,2022-08-01,6.17233267522842,0.6115384615384616
402,6,2023-03-01,2023-05-15,test,-3.334997968155484,261,2022-09-01,6.146957328199942,0.6091954022988506
402,6,2023-04-01,2023-06-15,test,-1.9481135571822072,262,2022-10-01,6.123604951158566,0.6068702290076335
402,6,2023-05-01,2023-07-15,test,-2.2527099024212127,263,2022-11-01,6.100252574117191,0.6045627376425855
402,6,2023-06-01,2023-08-15,test,-0.0802890448590609,264,2022-12-01,6.076900197075813,0.6022727272727273
402,6,2023-07-01,2023-09-15,test,2.085079548019042,265,2023-01-01,6.053547820034437,0.6
402,6,2023-08-01,2023-10-15,test,4.338029563022516,266,2023-02-01,6.030195442993058,0.5977443609022557
402,6,2023-09-01,2023-11-15,test,6.717152815706484,267,2023-03-01,5.994703143340258,0.5955056179775281
402,6,2023-10-01,2023-12-15,test,5.501586521188528,268,2023-04-01,5.959210843687459,0.5932835820895522
402,6,2023-11-01,2024-01-15,test,6.076820027034113,269,2023-05-01,5.923718544034654,0.5910780669144982
402,6,2023-12-01,2024-02-15,test,6.754604220152682,270,2023-06-01,5.888226244381854,0.5888888888888889
402,6,2024-01-01,2024-03-15,test,5.030073847479866,271,2023-07-01,5.852733944729049,0.5904059040590406
402,6,2024-02-01,2024-04-15,test,4.908961019652391,272,2023-08-01,5.8521112894154115,0.5919117647058824
402,6,2024-03-01,2024-05-15,test,4.387995918834164,273,2023-09-01,5.959210843687459,0.5934065934065934
402,6,2024-04-01,2024-06-15,test,6.021382234926165,274,2023-10-01,5.923718544034654,0.5948905109489051
402,6,2024-05-01,2024-07-15,test,5.583884357291602,275,2023-11-01,6.03952035980127,0.5963636363636363
402,6,2024-06-01,2024-08-15,test,4.836107169342085,276,2023-12-01,6.076820027034113,0.5978260869565217
402,6,2024-07-01,2024-09-15,test,7.065187194286349,277,2024-01-01,6.067495110225903,0.5992779783393501
402,6,2024-08-01,2024-10-15,test,7.84292464499412,278,2024-02-01,6.058170193417692,0.6007194244604317
402,6,2024-09-01,2024-11-15,test,7.896030234952533,279,2024-03-01,6.04884527660948,0.6021505376344086
402,6,2024-10-01,2024-12-15,test,8.066059843887619,280,2024-04-01,6.03952035980127,0.6035714285714285
402,6,2024-11-01,2025-01-15,test,8.797639515860922,281,2024-05-01,6.030195442993058,0.604982206405694
402,6,2024-12-01,2025-02-15,test,9.15314275067809,282,2024-06-01,6.0284328013796795,0.6063829787234043
402,6,2025-01-01,2025-03-15,test,6.203010342516979,283,2024-07-01,6.058170193417692,0.607773851590106
402,6,2025-02-01,2025-04-15,test,3.4016885278254527,284,2024-08-01,6.104874947500445,0.6091549295774648
402,6,2025-03-01,2025-05-15,test,0.4776535864153608,285,2024-09-01,6.17233267522842,0.6105263157894737
402,6,2025-04-01,2025-06-15,test,-2.732410427455356,286,2024-10-01,6.273834063342321,0.6118881118881119
402,6,2025-05-01,2025-07-15,test,-5.66124558651504,287,2024-11-01,6.330982101575345,0.6132404181184669
402,6,2025-06-01,2025-08-15,test,-8.511429318614727,288,2024-12-01,6.526546352501537,0.6145833333333334
402,6,2025-07-01,2025-09-15,test,-8.263474000855009,289,2025-01-01,6.466120605378888,0.615916955017301
402,6,2025-08-01,2025-10-15,test,-8.004270767353638,290,2025-02-01,6.405694858256249,0.6172413793103448
402,6,2025-09-01,2025-11-15,test,-5.025481691691613,291,2025-03-01,6.3452691111336,0.6185567010309279
402,6,2025-10-01,2025-12-15,test,-4.678386787916811,292,2025-04-01,6.330982101575345,0.6164383561643836
402,6,2025-11-01,2026-01-15,test,-4.301738508369102,293,2025-05-01,6.31669509201709,0.6143344709897611
402,6,2025-12-01,2026-02-15,test,-3.839660364216879,294,2025-06-01,6.302408082458832,0.6122448979591837
402,6,2026-01-01,2026-03-15,test,-3.7298656248178297,295,2025-07-01,6.288121072900577,0.6101694915254238
402,6,2026-02-01,2026-04-15,test,-1.3129291441793534,296,2025-08-01,6.273834063342321,0.6081081081081081
