commodity_code,horizon,month_ce,split,y_true,series,y_pred,high_risk_threshold,error
318,2,2015-01-01,validation,-3.77863356661381,no_change/none,0.0,1.570734361237919,3.77863356661381
318,2,2015-02-01,validation,-4.087256214181778,no_change/none,0.0,1.5509779385093654,4.087256214181778
318,2,2015-03-01,validation,-0.6230549750636527,no_change/none,0.0,1.531221515780815,0.6230549750636527
318,2,2015-04-01,validation,0.8810629682154847,no_change/none,0.0,1.511465093052264,-0.8810629682154847
318,2,2015-05-01,validation,-0.8788506033078569,no_change/none,0.0,1.4917086703237104,0.8788506033078569
318,2,2015-06-01,validation,-1.8975901459005409,no_change/none,0.0,1.4764859208616177,1.8975901459005409
318,2,2015-07-01,validation,-1.9096697456456369,no_change/none,0.0,1.4612631713995223,1.9096697456456369
318,2,2015-08-01,validation,-1.9342962843131415,no_change/none,0.0,1.4460404219374294,1.9342962843131415
318,2,2015-09-01,validation,-2.472474678276182,no_change/none,0.0,1.4308176724753363,2.472474678276182
318,2,2015-10-01,validation,-2.1053409197832273,no_change/none,0.0,1.4155949230132414,2.1053409197832273
318,2,2015-11-01,validation,-4.721038500991348,no_change/none,0.0,1.4155949230132414,4.721038500991348
318,2,2015-12-01,validation,-5.747135391447866,no_change/none,0.0,1.4155949230132414,5.747135391447866
318,2,2016-01-01,validation,-3.6572289623344463,no_change/none,0.0,1.4155949230132414,3.6572289623344463
318,2,2016-02-01,validation,-1.1331566009549654,no_change/none,0.0,1.4155949230132414,1.1331566009549654
318,2,2016-03-01,validation,-1.152750517106682,no_change/none,0.0,1.4155949230132414,1.152750517106682
318,2,2016-04-01,validation,-2.597548640326064,no_change/none,0.0,1.4115502338878907,2.597548640326064
318,2,2016-05-01,validation,-2.4946267946577727,no_change/none,0.0,1.4075055447625393,2.4946267946577727
318,2,2016-06-01,validation,-2.2173857494322213,no_change/none,0.0,1.4034608556371888,2.2173857494322213
318,2,2016-07-01,validation,-1.0455659104338544,no_change/none,0.0,1.399416166511838,1.0455659104338544
318,2,2016-08-01,validation,0.4474280394920704,no_change/none,0.0,1.3953714773864867,-0.4474280394920704
318,2,2016-09-01,validation,3.829628507728078,no_change/none,0.0,1.3721642111073795,-3.829628507728078
318,2,2016-10-01,validation,4.793946228911938,no_change/none,0.0,1.3489569448282694,-4.793946228911938
318,2,2016-11-01,validation,3.4094211342975633,no_change/none,0.0,1.4034608556371888,-3.4094211342975633
318,2,2016-12-01,validation,2.382733608055787,no_change/none,0.0,1.4155949230132414,-2.382733608055787
318,2,2017-01-01,validation,-0.5602255548669888,no_change/none,0.0,1.4155949230132414,0.5602255548669888
318,2,2017-02-01,validation,-1.9581045199107192,no_change/none,0.0,1.4764859208616177,1.9581045199107192
318,2,2017-03-01,validation,-0.4222384879848384,no_change/none,0.0,1.4612631713995246,0.4222384879848384
318,2,2017-04-01,validation,0.9838449000287852,no_change/none,0.0,1.4460404219374294,-0.9838449000287852
318,2,2017-05-01,validation,-0.1411432838407833,no_change/none,0.0,1.4308176724753363,0.1411432838407833
318,2,2017-06-01,validation,0.9742596198819342,no_change/none,0.0,1.4155949230132414,-0.9742596198819342
318,2,2017-07-01,validation,2.9229638314938633,no_change/none,0.0,1.4155949230132414,-2.9229638314938633
318,2,2017-08-01,validation,3.270046131093451,no_change/none,0.0,1.4155949230132414,-3.270046131093451
318,2,2017-09-01,validation,3.5044017240366543,no_change/none,0.0,1.4460404219374294,-3.5044017240366543
318,2,2017-10-01,validation,0.933962759613216,no_change/none,0.0,1.511465093052264,-0.933962759613216
318,2,2017-11-01,validation,0.7915608612661273,no_change/none,0.0,1.5904907839664697,-0.7915608612661273
318,2,2017-12-01,validation,2.102574170575089,no_change/none,0.0,1.570734361237919,-2.102574170575089
318,2,2018-01-01,validation,2.0806992505961297,no_change/none,0.0,1.5509779385093685,-2.0806992505961297
318,2,2018-02-01,validation,0.3893580519132023,no_change/none,0.0,1.6002139266991655,-0.3893580519132023
318,2,2018-03-01,validation,-0.5161301780225003,no_change/none,0.0,1.6268551211348747,0.5161301780225003
318,2,2018-04-01,validation,1.924369839262674,no_change/none,0.0,1.6147986407982096,-1.924369839262674
318,2,2018-05-01,validation,0.6447475590969809,no_change/none,0.0,1.6099370694318618,-0.6447475590969809
318,2,2018-06-01,validation,-0.1271455988196557,no_change/none,0.0,1.650968081808203,0.1271455988196557
318,2,2018-07-01,validation,3.0382083688122563,no_change/none,0.0,1.638911601471538,-3.0382083688122563
318,2,2018-08-01,validation,3.007745523727845,no_change/none,0.0,1.6268551211348747,-3.007745523727845
318,2,2018-09-01,validation,0.8690309191977441,no_change/none,0.0,1.67508104248153,-0.8690309191977441
318,2,2018-10-01,validation,-1.117330059812538,no_change/none,0.0,1.7385609805690558,1.117330059812538
318,2,2018-11-01,validation,-2.3765971597424773,no_change/none,0.0,1.7226909960471757,2.3765971597424773
318,2,2018-12-01,validation,-2.913442288996748,no_change/none,0.0,1.7068210115252929,2.913442288996748
318,2,2019-01-01,test,-2.0461071871340053,no_change/none,0.0,1.6909510270034125,2.0461071871340053
318,2,2019-02-01,test,-0.7741974153615772,no_change/none,0.0,1.67508104248153,0.7741974153615772
318,2,2019-03-01,test,0.900327624995878,no_change/none,0.0,1.6630245621448665,-0.900327624995878
318,2,2019-04-01,test,2.4313417742877874,no_change/none,0.0,1.650968081808203,-2.4313417742877874
318,2,2019-05-01,test,0.1279590705625111,no_change/none,0.0,1.638911601471538,-0.1279590705625111
318,2,2019-06-01,test,-3.081116640039827,no_change/none,0.0,1.6909510270034125,3.081116640039827
318,2,2019-07-01,test,-1.936793917805524,no_change/none,0.0,1.67508104248153,1.936793917805524
318,2,2019-08-01,test,-0.261096754072021,no_change/none,0.0,1.6630245621448665,0.261096754072021
318,2,2019-09-01,test,-2.108114960312069,no_change/none,0.0,1.650968081808203,2.108114960312069
318,2,2019-10-01,test,-4.820210181787754,no_change/none,0.0,1.638911601471538,4.820210181787754
318,2,2019-11-01,test,-3.799642960537053,no_change/none,0.0,1.6268551211348747,3.799642960537053
318,2,2019-12-01,test,-1.520416296043425,no_change/none,0.0,1.6147986407982096,1.520416296043425
318,2,2020-01-01,test,-4.67176245674592,no_change/none,0.0,1.6099370694318618,4.67176245674592
318,2,2020-02-01,test,-4.705073078599842,no_change/none,0.0,1.6050754980655142,4.705073078599842
318,2,2020-03-01,test,-5.971923470162288,no_change/none,0.0,1.6002139266991655,5.971923470162288
318,2,2020-04-01,test,-5.39861215581352,no_change/none,0.0,1.5953523553328182,5.39861215581352
318,2,2020-05-01,test,1.678147696200405,no_change/none,0.0,1.5904907839664697,-1.678147696200405
318,2,2020-06-01,test,3.184499568092125,no_change/none,0.0,1.570734361237919,-3.184499568092125
318,2,2020-07-01,test,2.539344808870858,no_change/none,0.0,1.6050754980655142,-2.539344808870858
318,2,2020-08-01,test,1.4815085785141235,no_change/none,0.0,1.638911601471538,-1.4815085785141235
318,2,2020-09-01,test,0.8810629682155735,no_change/none,0.0,1.675694373225305,-0.8810629682155735
318,2,2020-10-01,test,0.8784829555732898,no_change/none,0.0,1.67508104248153,-0.8784829555732898
318,2,2020-11-01,test,0.0,no_change/none,0.0,1.6630245621448665,0.0
318,2,2020-12-01,test,8.652535024859187,no_change/none,0.0,1.650968081808203,-8.652535024859187
318,2,2021-01-01,test,12.23211309648713,no_change/none,0.0,1.638911601471538,-12.23211309648713
318,2,2021-02-01,test,3.4168895615249717,no_change/none,0.0,1.675694373225305,-3.4168895615249717
318,2,2021-03-01,test,1.540466919498673,no_change/none,0.0,1.678147696200405,-1.540466919498673
318,2,2021-04-01,test,7.705673949497438,no_change/none,0.0,1.7391743113128308,-7.705673949497438
318,2,2021-05-01,test,8.775420081537089,no_change/none,0.0,1.7239176575347257,-8.775420081537089
318,2,2021-06-01,test,3.641036369584061,no_change/none,0.0,1.770166606521251,-3.641036369584061
318,2,2021-07-01,test,5.890717557969882,no_change/none,0.0,1.7945763008415485,-5.890717557969882
318,2,2021-08-01,test,9.457592687366034,no_change/none,0.0,1.797801229540852,-9.457592687366034
318,2,2021-09-01,test,10.733875566993234,no_change/none,0.0,1.8549308868804113,-10.733875566993234
318,2,2021-10-01,test,6.499749239435726,no_change/none,0.0,1.9023072240437255,-6.499749239435726
318,2,2021-11-01,test,0.9832920916238664,no_change/none,0.0,1.9467269954047952,-0.9832920916238664
318,2,2021-12-01,test,-1.785761740000602,no_change/none,0.0,2.000350033813609,1.785761740000602
318,2,2022-01-01,test,4.121330737987616,no_change/none,0.0,1.9802627296179764,-4.121330737987616
318,2,2022-02-01,test,9.721935807412583,no_change/none,0.0,1.9690841515469168,-9.721935807412583
318,2,2022-03-01,test,0.0,no_change/none,0.0,2.0405246422048706,0.0
318,2,2022-04-01,test,-6.763140088863029,no_change/none,0.0,2.089449218587714,6.763140088863029
318,2,2022-05-01,test,-6.097679649871601,no_change/none,0.0,2.085074234591922,6.097679649871601
318,2,2022-06-01,test,-3.762820150406121,no_change/none,0.0,2.0806992505961297,3.762820150406121
318,2,2022-07-01,test,1.1904902506318926,no_change/none,0.0,2.0606119464005004,-1.1904902506318926
318,2,2022-08-01,test,-0.2020202707275764,no_change/none,0.0,2.0405246422048706,0.2020202707275764
318,2,2022-09-01,test,-7.259190151767125,no_change/none,0.0,2.020437338009238,7.259190151767125
318,2,2022-10-01,test,-8.544995302141878,no_change/none,0.0,2.000350033813609,8.544995302141878
318,2,2022-11-01,test,-9.562836403567765,no_change/none,0.0,1.9802627296179764,9.562836403567765
318,2,2022-12-01,test,-9.223122421603414,no_change/none,0.0,1.9690841515469168,9.223122421603414
318,2,2023-01-01,test,-7.383873275339692,no_change/none,0.0,1.9579055734758568,7.383873275339692
318,2,2023-02-01,test,-4.318993275041105,no_change/none,0.0,1.9467269954047952,4.318993275041105
318,2,2023-03-01,test,-2.158813997363485,no_change/none,0.0,1.9355484173337352,2.158813997363485
318,2,2023-04-01,test,-5.441756987071322,no_change/none,0.0,1.924369839262674,5.441756987071322
318,2,2023-05-01,test,-2.3377688009062148,no_change/none,0.0,1.9133385316532,2.3377688009062148
318,2,2023-06-01,test,5.94490270260799,no_change/none,0.0,1.9023072240437255,-5.94490270260799
318,2,2023-07-01,test,3.992803395273992,no_change/none,0.0,1.89127591643425,-3.992803395273992
318,2,2023-08-01,test,2.3559676173891653,no_change/none,0.0,1.9355484173337352,-2.3559676173891653
318,2,2023-09-01,test,0.0,no_change/none,0.0,1.9802627296179764,0.0
318,2,2023-10-01,test,-6.7156323679649965,no_change/none,0.0,2.0606119464005004,6.7156323679649965
318,2,2023-11-01,test,-6.521214864704561,no_change/none,0.0,2.0405246422048706,6.521214864704561
318,2,2023-12-01,test,-1.0540282035432114,no_change/none,0.0,2.020437338009238,1.0540282035432114
318,2,2024-01-01,test,-0.5405418566907905,no_change/none,0.0,2.000350033813609,0.5405418566907905
318,2,2024-02-01,test,-4.746653723892358,no_change/none,0.0,1.9802627296179764,4.746653723892358
318,2,2024-03-01,test,-6.003197903568047,no_change/none,0.0,1.9690841515469168,6.003197903568047
318,2,2024-04-01,test,0.6920442844573493,no_change/none,0.0,1.9579055734758568,-0.6920442844573493
318,2,2024-05-01,test,5.186866839652016,no_change/none,0.0,1.9467269954047952,-5.186866839652016
318,2,2024-06-01,test,1.233737375984134,no_change/none,0.0,1.9355484173337352,-1.233737375984134
318,2,2024-07-01,test,-0.5479465764626212,no_change/none,0.0,1.9802627296179764,0.5479465764626212
318,2,2024-08-01,test,4.0058760552004635,no_change/none,0.0,1.9690841515469168,-4.0058760552004635
318,2,2024-09-01,test,1.634913800153015,no_change/none,0.0,1.9579055734758568,-1.634913800153015
318,2,2024-10-01,test,-3.4623964566048215,no_change/none,0.0,2.020437338009238,3.4623964566048215
318,2,2024-11-01,test,6.030660623099049,no_change/none,0.0,2.000350033813609,-6.030660623099049
318,2,2024-12-01,test,11.022670530899958,no_change/none,0.0,1.9802627296179764,-11.022670530899958
318,2,2025-01-01,test,-0.1273074646797489,no_change/none,0.0,2.0606119464005004,0.1273074646797489
318,2,2025-02-01,test,-7.168372854221605,no_change/none,0.0,2.0938242025835057,7.168372854221605
318,2,2025-03-01,test,-1.153119759919008,no_change/none,0.0,2.089449218587714,1.153119759919008
318,2,2025-04-01,test,5.947356463528486,no_change/none,0.0,2.085074234591922,-5.947356463528486
318,2,2025-05-01,test,7.9249371654140255,no_change/none,0.0,2.0806992505961297,-7.9249371654140255
318,2,2025-06-01,test,4.797082778602935,no_change/none,0.0,2.0981991865792975,-4.797082778602935
318,2,2025-07-01,test,-0.1191185370152503,no_change/none,0.0,2.144683010575898,0.1191185370152503
318,2,2025-08-01,test,-6.282258592205547,no_change/none,0.0,2.1847462350774904,6.282258592205547
318,2,2025-09-01,test,-3.0250340464665904,no_change/none,0.0,2.178750902826963,3.0250340464665904
318,2,2025-10-01,test,-2.397591187571102,no_change/none,0.0,2.1727555705764345,2.397591187571102
318,2,2025-11-01,test,-0.3692311887127708,no_change/none,0.0,2.1587192905761663,0.3692311887127708
318,2,2025-12-01,test,11.33742963813793,no_change/none,0.0,2.144683010575898,-11.33742963813793
318,2,2026-01-01,test,20.848672453314077,no_change/none,0.0,2.1306467305756276,-20.848672453314077
318,2,2026-02-01,test,24.457697191695704,no_change/none,0.0,2.178750902826963,-24.457697191695704
318,2,2026-03-01,test,12.144665340945073,no_change/none,0.0,2.2027322318290743,-12.144665340945073
318,2,2026-04-01,test,-11.03331763272042,no_change/none,0.0,2.216879031246677,11.03331763272042
318,2,2026-05-01,test,-17.06873695126143,no_change/none,0.0,2.23050415771243,17.06873695126143
318,2,2026-06-01,test,-7.234558711459194,no_change/none,0.0,2.227141348841979,7.234558711459194
318,3,2015-01-01,validation,-5.5330645317047455,no_change/none,0.0,1.987207415200132,5.5330645317047455
318,3,2015-02-01,validation,-2.9558802241544946,no_change/none,0.0,1.985818478083701,2.9558802241544946
318,3,2015-03-01,validation,-0.8733679968754515,no_change/none,0.0,1.9844295409672696,0.8733679968754515
318,3,2015-04-01,validation,0.2525253867194266,no_change/none,0.0,1.9830406038508388,-0.2525253867194266
318,3,2015-05-01,validation,-2.1479031677123395,no_change/none,0.0,1.9816516667344075,2.1479031677123395
318,3,2015-06-01,validation,-2.538207327141695,no_change/none,0.0,1.9802627296179764,2.538207327141695
318,3,2015-07-01,validation,-3.2033488487176243,no_change/none,0.0,1.9802627296179764,3.2033488487176243
318,3,2015-08-01,validation,-3.113091859517336,no_change/none,0.0,1.9802627296179764,3.113091859517336
318,3,2015-09-01,validation,-3.3990200228552148,no_change/none,0.0,1.9802627296179764,3.3990200228552148
318,3,2015-10-01,validation,-5.899834076195543,no_change/none,0.0,1.9802627296179764,5.899834076195543
318,3,2015-11-01,validation,-6.673680736026899,no_change/none,0.0,1.9802627296179764,6.673680736026899
318,3,2015-12-01,validation,-7.451722118746762,no_change/none,0.0,1.9588309178156404,7.451722118746762
318,3,2016-01-01,validation,-3.0857988359905164,no_change/none,0.0,1.9373991060133016,3.0857988359905164
318,3,2016-02-01,validation,-2.857337244405578,no_change/none,0.0,1.9159672942109656,2.857337244405578
318,3,2016-03-01,validation,-2.0261185139821336,no_change/none,0.0,1.8945354824086296,2.0261185139821336
318,3,2016-04-01,validation,-4.218807438108385,no_change/none,0.0,1.873103670606291,4.218807438108385
318,3,2016-05-01,validation,-3.090753746307673,no_change/none,0.0,1.8366312202708477,3.090753746307673
318,3,2016-06-01,validation,-2.6668247082161756,no_change/none,0.0,1.8001587699353994,2.6668247082161756
318,3,2016-07-01,validation,-0.1486989121578297,no_change/none,0.0,1.7636863195999564,0.1486989121578297
318,3,2016-08-01,validation,3.3801895489441236,no_change/none,0.0,1.7272138692645131,-3.3801895489441236
318,3,2016-09-01,validation,5.690813227187963,no_change/none,0.0,1.6907414189290648,-5.690813227187963
318,3,2016-10-01,validation,6.3421826437496165,no_change/none,0.0,1.666853248434378,-6.3421826437496165
318,3,2016-11-01,validation,4.243918327515672,no_change/none,0.0,1.8001587699353994,-4.243918327515672
318,3,2016-12-01,validation,0.9880108599706894,no_change/none,0.0,1.9159672942109656,-0.9880108599706894
318,3,2017-01-01,validation,-1.1236073266926103,no_change/none,0.0,1.9802627296179764,1.1236073266926103
318,3,2017-02-01,validation,-1.816961236069936,no_change/none,0.0,1.9802627296179764,1.816961236069936
318,3,2017-03-01,validation,0.4204631282031634,no_change/none,0.0,1.9802627296179764,-0.4204631282031634
318,3,2017-04-01,validation,0.0,no_change/none,0.0,1.9802627296179764,0.0
318,3,2017-05-01,validation,1.816961236069936,no_change/none,0.0,1.9802627296179764,-1.816961236069936
318,3,2017-06-01,validation,1.939118931465078,no_change/none,0.0,1.9802627296179764,-1.939118931465078
318,3,2017-07-01,validation,5.228150651004171,no_change/none,0.0,1.9802627296179764,-5.228150651004171
318,3,2017-08-01,validation,4.469261035619798,no_change/none,0.0,1.9588309178156404,-4.469261035619798
318,3,2017-09-01,validation,3.2391495791235236,no_change/none,0.0,1.963805210356818,-3.2391495791235236
318,3,2017-10-01,validation,1.990775765792474,no_change/none,0.0,1.9802627296179764,-1.990775765792474
318,3,2017-11-01,validation,1.8373220256619585,no_change/none,0.0,1.9816516667344075,-1.8373220256619585
318,3,2017-12-01,validation,3.1375122567753877,no_change/none,0.0,1.987207415200132,-3.1375122567753877
318,3,2018-01-01,validation,1.4351192163090332,no_change/none,0.0,1.9900620956740056,-1.4351192163090332
318,3,2018-02-01,validation,0.5188079081777985,no_change/none,0.0,1.9893484255555376,-0.5188079081777985
318,3,2018-03-01,validation,1.2787898049755777,no_change/none,0.0,2.041954788253247,-1.2787898049755777
318,3,2018-04-01,validation,0.7741974153615772,no_change/none,0.0,2.0163652770228624,-0.7741974153615772
318,3,2018-05-01,validation,1.667774384178422,no_change/none,0.0,1.990775765792474,-1.667774384178422
318,3,2018-06-01,validation,1.8880359449111592,no_change/none,0.0,1.9900620956740056,-1.8880359449111592
318,3,2018-07-01,validation,4.030772348809286,no_change/none,0.0,1.9893484255555376,-4.030772348809286
318,3,2018-08-01,validation,2.8842124629285593,no_change/none,0.0,1.988634755437069,-2.8842124629285593
318,3,2018-09-01,validation,-0.1247660798155081,no_change/none,0.0,1.9879210853186005,0.1247660798155081
318,3,2018-10-01,validation,-2.500130220541763,no_change/none,0.0,1.990775765792474,2.500130220541763
318,3,2018-11-01,validation,-3.90723928801,no_change/none,0.0,2.09313381071402,3.90723928801
318,3,2018-12-01,validation,-3.4289073478632304,no_change/none,0.0,2.0675442994836355,3.4289073478632304
318,3,2019-01-01,test,-2.3048395436291003,no_change/none,0.0,2.041954788253247,2.3048395436291003
318,3,2019-02-01,test,0.3848625661293958,no_change/none,0.0,2.0163652770228624,-0.3848625661293958
318,3,2019-03-01,test,2.1726094177926925,no_change/none,0.0,1.990775765792474,-2.1726094177926925
318,3,2019-04-01,test,1.287019052053484,no_change/none,0.0,1.9900620956740056,-1.287019052053484
318,3,2019-05-01,test,-1.808834847243013,no_change/none,0.0,1.9893484255555376,1.808834847243013
318,3,2019-06-01,test,-3.081116640039827,no_change/none,0.0,2.041954788253247,3.081116640039827
318,3,2019-07-01,test,-2.197890671877545,no_change/none,0.0,2.0163652770228624,2.197890671877545
318,3,2019-08-01,test,-2.108114960312069,no_change/none,0.0,1.990775765792474,2.108114960312069
318,3,2019-09-01,test,-5.081306935859775,no_change/none,0.0,1.9900620956740056,5.081306935859775
318,3,2019-10-01,test,-5.6466611667771005,no_change/none,0.0,1.9893484255555376,5.6466611667771005
318,3,2019-11-01,test,-4.493608271591132,no_change/none,0.0,1.988634755437069,4.493608271591132
318,3,2019-12-01,test,-5.498213441735267,no_change/none,0.0,1.9879210853186005,5.498213441735267
318,3,2020-01-01,test,-5.399038389653921,no_change/none,0.0,1.987207415200132,5.399038389653921
318,3,2020-02-01,test,-9.94972061585413,no_change/none,0.0,1.985818478083701,9.94972061585413
318,3,2020-03-01,test,-6.125888088721521,no_change/none,0.0,1.98442954096727,6.125888088721521
318,3,2020-04-01,test,-3.566499841053883,no_change/none,0.0,1.9830406038508388,3.566499841053883
318,3,2020-05-01,test,3.0305349495328926,no_change/none,0.0,1.9816516667344075,-3.0305349495328926
318,3,2020-06-01,test,4.3714571236304955,no_change/none,0.0,1.9802627296179764,-4.3714571236304955
318,3,2020-07-01,test,2.833895831846611,no_change/none,0.0,1.9802627296179764,-2.833895831846611
318,3,2020-08-01,test,2.068020523753944,no_change/none,0.0,1.98442954096727,-2.068020523753944
318,3,2020-09-01,test,1.173033978549043,no_change/none,0.0,1.988634755437069,-1.173033978549043
318,3,2020-10-01,test,0.5865119452398204,no_change/none,0.0,2.0163652770228624,-0.5865119452398204
318,3,2020-11-01,test,8.944506035192656,no_change/none,0.0,2.068020523753944,-8.944506035192656
318,3,2020-12-01,test,11.94014208615366,no_change/none,0.0,2.052571572161651,-11.94014208615366
318,3,2021-01-01,test,12.361395596717628,no_change/none,0.0,2.037122620569358,-12.361395596717628
318,3,2021-02-01,test,4.828073980793146,no_change/none,0.0,2.0883016430301287,-4.828073980793146
318,3,2021-03-01,test,7.834956449727937,no_change/none,0.0,2.129500541114063,-7.834956449727937
318,3,2021-04-01,test,10.186604500805265,no_change/none,0.0,2.1726094177926925,-10.186604500805265
318,3,2021-05-01,test,9.935525899813324,no_change/none,0.0,2.172726340019686,-9.935525899813324
318,3,2021-06-01,test,8.371648109277707,no_change/none,0.0,2.1820649032010224,-8.371648109277707
318,3,2021-07-01,test,10.61769850564227,no_change/none,0.0,2.207854585151781,-10.61769850564227
318,3,2021-08-01,test,15.46448730668688,no_change/none,0.0,2.274923373273866,-15.46448730668688
318,3,2021-09-01,test,11.226730187108114,no_change/none,0.0,2.4256977645559896,-11.226730187108114
318,3,2021-10-01,test,6.990186710944712,no_change/none,0.0,2.4703530824891033,-6.990186710944712
318,3,2021-11-01,test,-1.2929071198857225,no_change/none,0.0,2.578602188878291,1.2929071198857225
318,3,2021-12-01,test,4.611768209496603,no_change/none,0.0,2.71955375682798,-4.611768209496603
318,3,2022-01-01,test,7.445736595902996,no_change/none,0.0,2.8439591580630017,-7.445736595902996
318,3,2022-02-01,test,6.397529949497205,no_change/none,0.0,2.833895831846611,-6.397529949497205
318,3,2022-03-01,test,-3.4387342309476487,no_change/none,0.0,2.87414913671217,3.4387342309476487
318,3,2022-04-01,test,-9.42208550778698,no_change/none,0.0,2.934231073938422,9.42208550778698
318,3,2022-05-01,test,-7.20155438135377,no_change/none,0.0,2.967576814611661,7.20155438135377
318,3,2022-06-01,test,-1.46845516829206,no_change/none,0.0,2.967576814611661,1.46845516829206
318,3,2022-07-01,test,-1.3058950022097449,no_change/none,0.0,2.967576814611661,1.3058950022097449
318,3,2022-08-01,test,-4.964825169653064,no_change/none,0.0,2.9509039442750415,4.964825169653064
318,3,2022-09-01,test,-11.041380554983515,no_change/none,0.0,2.934231073938422,11.041380554983515
318,3,2022-10-01,test,-14.325641302493253,no_change/none,0.0,2.9175582036018004,14.325641302493253
318,3,2022-11-01,test,-13.005312824819804,no_change/none,0.0,2.900885333265181,13.005312824819804
318,3,2022-12-01,test,-13.164519275691069,no_change/none,0.0,2.8842124629285593,13.164519275691069
318,3,2023-01-01,test,-7.761469696293144,no_change/none,0.0,2.87414913671217,7.761469696293144
318,3,2023-02-01,test,-6.100210851451138,no_change/none,0.0,2.864085810495782,6.100210851451138
318,3,2023-03-01,test,-5.819353408024774,no_change/none,0.0,2.854022484279391,5.819353408024774
318,3,2023-04-01,test,-4.118986377316247,no_change/none,0.0,2.8439591580630017,4.118986377316247
318,3,2023-05-01,test,2.2843632919467005,no_change/none,0.0,2.833895831846611,-2.2843632919467005
318,3,2023-06-01,test,5.315574005029067,no_change/none,0.0,2.795781806840403,-5.315574005029067
318,3,2023-07-01,test,6.9780997102420805,no_change/none,0.0,2.7576677818341944,-6.9780997102420805
318,3,2023-08-01,test,-0.6293286975789236,no_change/none,0.0,2.71955375682798,0.6293286975789236
318,3,2023-09-01,test,-3.730336052996907,no_change/none,0.0,2.8439591580630017,3.730336052996907
318,3,2023-10-01,test,-9.50651117967265,no_change/none,0.0,2.8842124629285593,9.50651117967265
318,3,2023-11-01,test,-4.784364256540119,no_change/none,0.0,2.87414913671217,4.784364256540119
318,3,2023-12-01,test,-3.331420668398444,no_change/none,0.0,2.864085810495782,3.331420668398444
318,3,2024-01-01,test,-3.009803115727916,no_change/none,0.0,2.854022484279391,3.009803115727916
318,3,2024-02-01,test,-8.28059036842328,no_change/none,0.0,2.8439591580630017,8.28059036842328
318,3,2024-03-01,test,-1.777216974579776,no_change/none,0.0,2.833895831846611,1.777216974579776
318,3,2024-04-01,test,1.652930195121094,no_change/none,0.0,2.795781806840403,-1.652930195121094
318,3,2024-05-01,test,5.459718304972405,no_change/none,0.0,2.7576677818341944,-5.459718304972405
318,3,2024-06-01,test,0.4129393342011234,no_change/none,0.0,2.71955375682798,-0.4129393342011234
318,3,2024-07-01,test,4.278727520520853,no_change/none,0.0,2.681439731821772,-4.278727520520853
318,3,2024-08-01,test,0.8141157583700043,no_change/none,0.0,2.833895831846611,-0.8141157583700043
318,3,2024-09-01,test,1.3642776403786527,no_change/none,0.0,2.795781806840403,-1.3642776403786527
318,3,2024-10-01,test,2.8389003262685897,no_change/none,0.0,2.864085810495782,-2.8389003262685897
318,3,2024-11-01,test,10.752034371125596,no_change/none,0.0,2.854022484279391,-10.752034371125596
318,3,2024-12-01,test,6.173989318193662,no_change/none,0.0,2.8439591580630017,-6.173989318193662
318,3,2025-01-01,test,-2.446999106195058,no_change/none,0.0,2.8389003262685897,2.446999106195058
318,3,2025-02-01,test,-6.001800972625304,no_change/none,0.0,2.875150035596566,6.001800972625304
318,3,2025-03-01,test,3.627664822013177,no_change/none,0.0,2.934231073938422,-3.627664822013177
318,3,2025-04-01,test,9.091509047010328,no_change/none,0.0,2.9175582036018004,-9.091509047010328
318,3,2025-05-01,test,9.57786736053512,no_change/none,0.0,2.900885333265181,-9.57786736053512
318,3,2025-06-01,test,3.0250340464665904,no_change/none,0.0,2.967576814611661,-3.0250340464665904
318,3,2025-07-01,test,-4.629328397084453,no_change/none,0.0,2.967576814611661,4.629328397084453
318,3,2025-08-01,test,-4.797082778602935,no_change/none,0.0,3.0053516955644013,4.797082778602935
318,3,2025-09-01,test,-6.907801047640305,no_change/none,0.0,3.0272344076931113,6.907801047640305
318,3,2025-10-01,test,1.115944624889842,no_change/none,0.0,3.026134227079851,-1.115944624889842
318,3,2025-11-01,test,7.454662636964216,no_change/none,0.0,3.0250340464665904,-7.454662636964216
318,3,2025-12-01,test,24.36220826577502,no_change/none,0.0,3.013542600095605,-24.36220826577502
318,3,2026-01-01,test,32.28159101737269,no_change/none,0.0,3.00205115372462,-32.28159101737269
318,3,2026-02-01,test,25.16944396858216,no_change/none,0.0,3.0272344076931113,-25.16944396858216
318,3,2026-03-01,test,0.3996009313381954,no_change/none,0.0,3.0519304109813934,-0.3996009313381954
318,3,2026-04-01,test,-16.356990174374975,no_change/none,0.0,3.1375122567753877,16.356990174374975
318,3,2026-05-01,test,-18.97962312106607,no_change/none,0.0,3.218822114653898,18.97962312106607
318,4,2015-01-01,validation,-4.401688541677462,no_change/none,0.0,2.2027322318290743,4.401688541677462
318,4,2015-02-01,validation,-3.2061932459662934,no_change/none,0.0,2.2027322318290743,3.2061932459662934
318,4,2015-03-01,validation,-1.5019055783715096,no_change/none,0.0,2.1736288669674426,1.5019055783715096
318,4,2015-04-01,validation,-1.016527177685056,no_change/none,0.0,2.1445255021058065,1.016527177685056
318,4,2015-05-01,validation,-2.7885203489534938,no_change/none,0.0,2.115422137244175,2.7885203489534938
318,4,2015-06-01,validation,-3.8318864302136824,no_change/none,0.0,2.086318772382543,3.8318864302136824
318,4,2015-07-01,validation,-4.382144423921819,no_change/none,0.0,2.057215407520907,4.382144423921819
318,4,2015-08-01,validation,-4.039637204096369,no_change/none,0.0,2.041824871940322,4.039637204096369
318,4,2015-09-01,validation,-7.19351317926753,no_change/none,0.0,2.0264343363597344,7.19351317926753
318,4,2015-10-01,validation,-7.852476311231094,no_change/none,0.0,2.011043800779149,7.852476311231094
318,4,2015-11-01,validation,-8.378267463325795,no_change/none,0.0,1.995653265198564,8.378267463325795
318,4,2015-12-01,validation,-6.880291992402832,no_change/none,0.0,1.9802627296179764,6.880291992402832
318,4,2016-01-01,validation,-4.809979479441129,no_change/none,0.0,1.9659821149448409,4.809979479441129
318,4,2016-02-01,validation,-3.7307052412810298,no_change/none,0.0,1.9517015002717024,3.7307052412810298
318,4,2016-03-01,validation,-3.647377311764455,no_change/none,0.0,1.9374208855985668,3.647377311764455
318,4,2016-04-01,validation,-4.814934389758285,no_change/none,0.0,1.9231402709254308,4.814934389758285
318,4,2016-05-01,validation,-3.540192705091627,no_change/none,0.0,1.908859656252293,3.540192705091627
318,4,2016-06-01,validation,-1.769957709940151,no_change/none,0.0,1.901708459123093,1.769957709940151
318,4,2016-07-01,validation,2.7840625972942235,no_change/none,0.0,1.894557261993892,-2.7840625972942235
318,4,2016-08-01,validation,5.241374268404009,no_change/none,0.0,1.887406064864692,-5.241374268404009
318,4,2016-09-01,validation,7.239049642025641,no_change/none,0.0,1.880254867735492,-7.239049642025641
318,4,2016-10-01,validation,7.176679836967725,no_change/none,0.0,1.873103670606291,-7.176679836967725
318,4,2016-11-01,validation,2.8491955794305746,no_change/none,0.0,1.901708459123093,-2.8491955794305746
318,4,2016-12-01,validation,0.4246290881450676,no_change/none,0.0,1.9517015002717024,-0.4246290881450676
318,4,2017-01-01,validation,-0.9824640428518272,no_change/none,0.0,2.011043800779149,0.9824640428518272
318,4,2017-02-01,validation,-0.9742596198819342,no_change/none,0.0,2.086318772382543,0.9742596198819342
318,4,2017-03-01,validation,-0.5633817718256218,no_change/none,0.0,2.2027322318290743,0.5633817718256218
318,4,2017-04-01,validation,1.9581045199107192,no_change/none,0.0,2.1736288669674426,-1.9581045199107192
318,4,2017-05-01,validation,2.78182054765308,no_change/none,0.0,2.1445255021058105,-2.78182054765308
318,4,2017-06-01,validation,4.244305750975386,no_change/none,0.0,2.115422137244175,-4.244305750975386
318,4,2017-07-01,validation,6.427365555530518,no_change/none,0.0,2.086318772382543,-6.427365555530518
318,4,2017-08-01,validation,4.2040088907066675,no_change/none,0.0,2.057215407520907,-4.2040088907066675
318,4,2017-09-01,validation,4.295962585302782,no_change/none,0.0,2.1736288669674426,-4.295962585302782
318,4,2017-10-01,validation,3.036536930188305,no_change/none,0.0,2.2027322318290743,-3.036536930188305
318,4,2017-11-01,validation,2.872260111862257,no_change/none,0.0,2.2548736096052666,-2.872260111862257
318,4,2017-12-01,validation,2.491932222488291,no_change/none,0.0,2.3951336823787592,-2.491932222488291
318,4,2018-01-01,validation,1.5645690725736294,no_change/none,0.0,2.643325706815558,-1.5645690725736294
318,4,2018-02-01,validation,2.3137278911758763,no_change/none,0.0,2.7541215794855773,-2.3137278911758763
318,4,2018-03-01,validation,0.1286173810744806,no_change/none,0.0,2.783165777437766,-0.1286173810744806
318,4,2018-04-01,validation,1.7972242404430183,no_change/none,0.0,2.782717367509538,-1.7972242404430183
318,4,2018-05-01,validation,3.682955927909237,no_change/none,0.0,2.7822689575813087,-3.682955927909237
318,4,2018-06-01,validation,2.8805999249081893,no_change/none,0.0,2.78182054765308,-2.8805999249081893
318,4,2018-07-01,validation,3.90723928801,no_change/none,0.0,2.7541215794855773,-3.90723928801
318,4,2018-08-01,validation,1.890415463915307,no_change/none,0.0,2.7264226113180743,-1.890415463915307
318,4,2018-09-01,validation,-1.5075662405447332,no_change/none,0.0,2.782717367509538,1.5075662405447332
318,4,2018-10-01,validation,-4.030772348809286,no_change/none,0.0,2.7970891937214946,4.030772348809286
318,4,2018-11-01,validation,-4.422704346876483,no_change/none,0.0,2.8491955794305746,4.422704346876483
318,4,2018-12-01,validation,-3.6876397043583258,no_change/none,0.0,2.836168983003305,3.6876397043583258
318,4,2019-01-01,test,-1.1457795621381273,no_change/none,0.0,2.823142386576035,1.1457795621381273
318,4,2019-02-01,test,1.6571443589262105,no_change/none,0.0,2.8101157901487643,-1.6571443589262105
318,4,2019-03-01,test,1.0282866955583891,no_change/none,0.0,2.7970891937214946,-1.0282866955583891
318,4,2019-04-01,test,-0.6497748657520397,no_change/none,0.0,2.7840625972942235,0.6497748657520397
318,4,2019-05-01,test,-1.808834847243013,no_change/none,0.0,2.7836141873659948,1.808834847243013
318,4,2019-06-01,test,-3.342213394111848,no_change/none,0.0,2.783165777437766,3.342213394111848
318,4,2019-07-01,test,-4.044908878117592,no_change/none,0.0,2.782717367509538,4.044908878117592
318,4,2019-08-01,test,-5.081306935859775,no_change/none,0.0,2.7822689575813087,5.081306935859775
318,4,2019-09-01,test,-5.9077579208491215,no_change/none,0.0,2.78182054765308,5.9077579208491215
318,4,2019-10-01,test,-6.340626477831179,no_change/none,0.0,2.7541215794855773,6.340626477831179
318,4,2019-11-01,test,-8.471405417282973,no_change/none,0.0,2.7264226113180743,8.471405417282973
318,4,2019-12-01,test,-6.225489374643267,no_change/none,0.0,2.6987236431505677,6.225489374643267
318,4,2020-01-01,test,-10.643685926908208,no_change/none,0.0,2.6710246749830646,10.643685926908208
318,4,2020-02-01,test,-10.103685234413362,no_change/none,0.0,2.643325706815558,10.103685234413362
318,4,2020-03-01,test,-4.293775773961883,no_change/none,0.0,2.6130470099501064,4.293775773961883
318,4,2020-04-01,test,-2.214112587721395,no_change/none,0.0,2.582768313084655,2.214112587721395
318,4,2020-05-01,test,4.217492505071263,no_change/none,0.0,2.552489616219199,-4.217492505071263
318,4,2020-06-01,test,4.666008146606249,no_change/none,0.0,2.522210919353747,-4.666008146606249
318,4,2020-07-01,test,3.4204077770864316,no_change/none,0.0,2.491932222488291,-3.4204077770864316
318,4,2020-08-01,test,2.359991534087414,no_change/none,0.0,2.4601629132445453,-2.359991534087414
318,4,2020-09-01,test,0.8810629682155735,no_change/none,0.0,2.582768313084655,-0.8810629682155735
318,4,2020-10-01,test,9.531017980432477,no_change/none,0.0,2.6987236431505677,-9.531017980432477
318,4,2020-11-01,test,12.23211309648713,no_change/none,0.0,2.7822689575813087,-12.23211309648713
318,4,2020-12-01,test,12.06942458638416,no_change/none,0.0,2.78182054765308,-12.06942458638416
318,4,2021-01-01,test,13.772580015985804,no_change/none,0.0,2.7541215794855773,-13.772580015985804
318,4,2021-02-01,test,11.12256351102241,no_change/none,0.0,2.783165777437766,-11.12256351102241
318,4,2021-03-01,test,10.315887001035762,no_change/none,0.0,2.8101157901487643,-10.315887001035762
318,4,2021-04-01,test,11.3467103190815,no_change/none,0.0,2.8538084859169115,-11.3467103190815
318,4,2021-05-01,test,14.666137639506973,no_change/none,0.0,2.872260111862257,-14.666137639506973
318,4,2021-06-01,test,13.098629056950095,no_change/none,0.0,2.878931962299003,-13.098629056950095
318,4,2021-07-01,test,16.624593124963116,no_change/none,0.0,2.932786058730274,-16.624593124963116
318,4,2021-08-01,test,15.95734192680176,no_change/none,0.0,2.967576814611661,-15.95734192680176
318,4,2021-09-01,test,11.7171676586171,no_change/none,0.0,2.981368837726991,-11.7171676586171
318,4,2021-10-01,test,4.713987499435124,no_change/none,0.0,3.036536930188305,-4.713987499435124
318,4,2021-11-01,test,5.104622829611483,no_change/none,0.0,3.0690400793779564,-5.104622829611483
318,4,2021-12-01,test,7.936174067411983,no_change/none,0.0,3.2831110129220145,-7.936174067411983
318,4,2022-01-01,test,4.121330737987616,no_change/none,0.0,3.4725122045282584,-4.121330737987616
318,4,2022-02-01,test,2.958795718549556,no_change/none,0.0,3.5771262621346467,-2.958795718549556
318,4,2022-03-01,test,-6.097679649871601,no_change/none,0.0,3.682955927909237,6.097679649871601
318,4,2022-04-01,test,-10.52596023926915,no_change/none,0.0,3.852988604447936,10.52596023926915
318,4,2022-05-01,test,-4.907189399239709,no_change/none,0.0,3.902542282239043,4.907189399239709
318,4,2022-06-01,test,-3.9648404211336974,no_change/none,0.0,3.9001937793535646,3.9648404211336974
318,4,2022-07-01,test,-6.068699901135233,no_change/none,0.0,3.897845276468086,6.068699901135233
318,4,2022-08-01,test,-8.747015572869454,no_change/none,0.0,3.8954967735826074,8.747015572869454
318,4,2022-09-01,test,-16.82202655533489,no_change/none,0.0,3.852988604447936,16.82202655533489
318,4,2022-10-01,test,-17.76811772374529,no_change/none,0.0,3.810480435313264,17.76811772374529
318,4,2022-11-01,test,-16.946709678907457,no_change/none,0.0,3.7679722661785866,16.946709678907457
318,4,2022-12-01,test,-13.54211569664452,no_change/none,0.0,3.725464097043915,13.54211569664452
318,4,2023-01-01,test,-9.542687272703176,no_change/none,0.0,3.682955927909237,9.542687272703176
318,4,2023-02-01,test,-9.760750262112428,no_change/none,0.0,3.6564985114655904,9.760750262112428
318,4,2023-03-01,test,-4.496582798269699,no_change/none,0.0,3.630041095021944,4.496582798269699
318,4,2023-04-01,test,0.5031457155366681,no_change/none,0.0,3.6035836785782935,-0.5031457155366681
318,4,2023-05-01,test,1.655034594367777,no_change/none,0.0,3.5771262621346467,-1.655034594367777
318,4,2023-06-01,test,8.300870319997156,no_change/none,0.0,3.5506688456909963,-8.300870319997156
318,4,2023-07-01,test,3.992803395273992,no_change/none,0.0,3.5246166319700847,-3.992803395273992
318,4,2023-08-01,test,-4.359664750575831,no_change/none,0.0,3.4985644182491735,4.359664750575831
318,4,2023-09-01,test,-6.521214864704561,no_change/none,0.0,3.4725122045282584,6.521214864704561
318,4,2023-10-01,test,-7.769660571508208,no_change/none,0.0,3.5771262621346467,7.769660571508208
318,4,2023-11-01,test,-7.061756721395351,no_change/none,0.0,3.682955927909237,7.061756721395351
318,4,2023-12-01,test,-5.800681927435569,no_change/none,0.0,3.6564985114655904,5.800681927435569
318,4,2024-01-01,test,-6.543739760258838,no_change/none,0.0,3.630041095021944,6.543739760258838
318,4,2024-02-01,test,-4.0546094394350085,no_change/none,0.0,3.6035836785782935,4.0546094394350085
318,4,2024-03-01,test,-0.8163310639160315,no_change/none,0.0,3.5771262621346467,0.8163310639160315
318,4,2024-04-01,test,1.9257816604414837,no_change/none,0.0,3.5506688456909963,-1.9257816604414837
318,4,2024-05-01,test,4.638920263189394,no_change/none,0.0,3.5246166319700847,-4.638920263189394
318,4,2024-06-01,test,5.239613431184598,no_change/none,0.0,3.4985644182491735,-5.239613431184598
318,4,2024-07-01,test,1.0869672236903938,no_change/none,0.0,3.4725122045282584,-1.0869672236903938
318,4,2024-08-01,test,0.543479598595642,no_change/none,0.0,3.4464599908073468,-0.543479598595642
318,4,2024-09-01,test,7.665574423252064,no_change/none,0.0,3.5506688456909963,-7.665574423252064
318,4,2024-10-01,test,7.560274074295137,no_change/none,0.0,3.6564985114655904,-7.560274074295137
318,4,2024-11-01,test,5.9033531584193,no_change/none,0.0,3.630041095021944,-5.9033531584193
318,4,2024-12-01,test,3.854297676678353,no_change/none,0.0,3.6035836785782935,-3.854297676678353
318,4,2025-01-01,test,-1.280427224598757,no_change/none,0.0,3.725464097043915,1.280427224598757
318,4,2025-02-01,test,-1.2210163906931193,no_change/none,0.0,3.8954967735826074,1.2210163906931193
318,4,2025-03-01,test,6.7718174054950175,no_change/none,0.0,3.904890785124522,-6.7718174054950175
318,4,2025-04-01,test,10.74443924213142,no_change/none,0.0,3.902542282239043,-10.74443924213142
318,4,2025-05-01,test,7.805818628398775,no_change/none,0.0,3.9001937793535646,-7.805818628398775
318,4,2025-06-01,test,-1.4851758136026127,no_change/none,0.0,3.897845276468086,1.4851758136026127
318,4,2025-07-01,test,-3.1441525834818407,no_change/none,0.0,3.90723928801,3.1441525834818407
318,4,2025-08-01,test,-8.67984977977665,no_change/none,0.0,3.9756905738211943,8.67984977977665
318,4,2025-09-01,test,-3.394265235179361,no_change/none,0.0,4.046441029324914,3.394265235179361
318,4,2025-10-01,test,8.939838450566828,no_change/none,0.0,4.028561817974606,-8.939838450566828
318,4,2025-11-01,test,20.479441264601306,no_change/none,0.0,4.0106826066243,-20.479441264601306
318,4,2025-12-01,test,35.795126829833634,no_change/none,0.0,3.992803395273992,-35.795126829833634
318,4,2026-01-01,test,32.99333779425915,no_change/none,0.0,3.9756905738211943,-32.99333779425915
318,4,2026-02-01,test,13.424379558975286,no_change/none,0.0,4.046441029324914,-13.424379558975286
318,4,2026-03-01,test,-4.924071610316361,no_change/none,0.0,4.097851966410362,4.924071610316361
318,4,2026-04-01,test,-18.267876344179612,no_change/none,0.0,4.137866368531428,18.267876344179612
318,5,2015-01-01,validation,-4.652001563489261,no_change/none,0.0,2.541443796560481,4.652001563489261
318,5,2015-02-01,validation,-3.834730827462351,no_change/none,0.0,2.5392888853811346,3.834730827462351
318,5,2015-03-01,validation,-2.770958142775992,no_change/none,0.0,2.5371339742017884,2.770958142775992
318,5,2015-04-01,validation,-1.6571443589262105,no_change/none,0.0,2.5337430188404397,1.6571443589262105
318,5,2015-05-01,validation,-4.082199452025481,no_change/none,0.0,2.530352063479091,4.082199452025481
318,5,2015-06-01,validation,-5.010682005417877,no_change/none,0.0,2.5269611081177423,5.010682005417877
318,5,2015-07-01,validation,-5.308689768500852,no_change/none,0.0,2.523570152756394,5.308689768500852
318,5,2015-08-01,validation,-7.834130360508684,no_change/none,0.0,2.520179197395045,7.834130360508684
318,5,2015-09-01,validation,-9.14615541430308,no_change/none,0.0,2.5172134068270413,9.14615541430308
318,5,2015-10-01,validation,-9.55706303852999,no_change/none,0.0,2.5142476162590377,9.55706303852999
318,5,2015-11-01,validation,-7.806837336981864,no_change/none,0.0,2.511281825691034,7.806837336981864
318,5,2015-12-01,validation,-8.604472635853444,no_change/none,0.0,2.508316035123031,8.604472635853444
318,5,2016-01-01,validation,-5.68334747631658,no_change/none,0.0,2.505350244555027,5.68334747631658
318,5,2016-02-01,validation,-5.3519640390633505,no_change/none,0.0,2.488352230461751,5.3519640390633505
318,5,2016-03-01,validation,-4.243504263414355,no_change/none,0.0,2.4713542163684727,4.243504263414355
318,5,2016-04-01,validation,-5.2643733485422395,no_change/none,0.0,2.454356202275197,5.2643733485422395
318,5,2016-05-01,validation,-2.6433257068156024,no_change/none,0.0,2.437358188181921,2.6433257068156024
318,5,2016-06-01,validation,1.1628037995119025,no_change/none,0.0,2.4203601740886427,-1.1628037995119025
318,5,2016-07-01,validation,4.645247316754109,no_change/none,0.0,2.4005256164952917,-4.645247316754109
318,5,2016-08-01,validation,6.789610683241687,no_change/none,0.0,2.3806910589019377,-6.789610683241687
318,5,2016-09-01,validation,8.07354683524375,no_change/none,0.0,2.3608565013085863,-8.07354683524375
318,5,2016-10-01,validation,5.781957088882628,no_change/none,0.0,2.3410219437152353,-5.781957088882628
318,5,2016-11-01,validation,2.285813807604953,no_change/none,0.0,2.3211873861218812,-2.285813807604953
318,5,2016-12-01,validation,0.565772371985851,no_change/none,0.0,2.4005256164952917,-0.565772371985851
318,5,2017-01-01,validation,-0.1397624266638253,no_change/none,0.0,2.4713542163684727,0.1397624266638253
318,5,2017-02-01,validation,-1.9581045199107192,no_change/none,0.0,2.511281825691034,1.9581045199107192
318,5,2017-03-01,validation,1.3947227480850977,no_change/none,0.0,2.523570152756394,-1.3947227480850977
318,5,2017-04-01,validation,2.9229638314938633,no_change/none,0.0,2.520179197395045,-2.9229638314938633
318,5,2017-05-01,validation,5.0870073671633875,no_change/none,0.0,2.5172134068270413,-5.0870073671633875
318,5,2017-06-01,validation,5.443520655501732,no_change/none,0.0,2.514247616259038,-5.443520655501732
318,5,2017-07-01,validation,6.162113410617387,no_change/none,0.0,2.511281825691034,-6.162113410617387
318,5,2017-08-01,validation,5.2608218968859255,no_change/none,0.0,2.508316035123031,-5.2608218968859255
318,5,2017-09-01,validation,5.3417237496986125,no_change/none,0.0,2.520179197395045,-5.3417237496986125
318,5,2017-10-01,validation,4.071475016388604,no_change/none,0.0,2.5337430188404397,-4.071475016388604
318,5,2017-11-01,validation,2.2266800775751605,no_change/none,0.0,2.543598707739827,-2.2266800775751605
318,5,2017-12-01,validation,2.621382078752887,no_change/none,0.0,2.6373611119209808,-2.621382078752887
318,5,2018-01-01,validation,3.359489055571707,no_change/none,0.0,2.801824754022511,-3.359489055571707
318,5,2018-02-01,validation,1.1635554672747794,no_change/none,0.0,2.9229638314938633,-1.1635554672747794
318,5,2018-03-01,validation,1.1516442061559218,no_change/none,0.0,2.958654217988102,-1.1516442061559218
318,5,2018-04-01,validation,3.8124057841738335,no_change/none,0.0,2.949731621364543,-3.8124057841738335
318,5,2018-05-01,validation,4.675519907906267,no_change/none,0.0,2.940809024740983,-4.675519907906267
318,5,2018-06-01,validation,2.7570668641089036,no_change/none,0.0,2.967576814611661,-2.7570668641089036
318,5,2018-07-01,validation,2.913442288996748,no_change/none,0.0,2.967576814611661,-2.913442288996748
318,5,2018-08-01,validation,0.507615303186082,no_change/none,0.0,2.958654217988102,-0.507615303186082
318,5,2018-09-01,validation,-3.0382083688122563,no_change/none,0.0,2.967576814611661,3.0382083688122563
318,5,2018-10-01,validation,-4.546237407675768,no_change/none,0.0,3.0114124354371445,4.546237407675768
318,5,2018-11-01,validation,-4.681436703371578,no_change/none,0.0,2.9894946250244043,4.681436703371578
318,5,2018-12-01,validation,-2.5285797228673523,no_change/none,0.0,2.967576814611661,2.5285797228673523
318,5,2019-01-01,test,0.1265022306586871,no_change/none,0.0,2.967576814611661,-0.1265022306586871
318,5,2019-02-01,test,0.512821636691907,no_change/none,0.0,2.967576814611661,-0.512821636691907
318,5,2019-03-01,test,-0.9085072222471346,no_change/none,0.0,2.967576814611661,0.9085072222471346
318,5,2019-04-01,test,-0.6497748657520397,no_change/none,0.0,2.967576814611661,0.6497748657520397
318,5,2019-05-01,test,-2.0699316013150337,no_change/none,0.0,2.967576814611661,2.0699316013150337
318,5,2019-06-01,test,-5.189231600351896,no_change/none,0.0,2.958654217988102,5.189231600351896
318,5,2019-07-01,test,-7.018100853665299,no_change/none,0.0,2.949731621364543,7.018100853665299
318,5,2019-08-01,test,-5.9077579208491215,no_change/none,0.0,2.940809024740983,5.9077579208491215
318,5,2019-09-01,test,-6.6017232319032,no_change/none,0.0,2.9318864281174237,6.6017232319032
318,5,2019-10-01,test,-10.31842362352302,no_change/none,0.0,2.9229638314938633,10.31842362352302
318,5,2019-11-01,test,-9.198681350190974,no_change/none,0.0,2.9210595229944403,9.198681350190974
318,5,2019-12-01,test,-11.470136911897557,no_change/none,0.0,2.9191552144950172,11.470136911897557
318,5,2020-01-01,test,-10.79765054546744,no_change/none,0.0,2.9172509059955942,10.79765054546744
318,5,2020-02-01,test,-8.271572919653725,no_change/none,0.0,2.915346597496171,8.271572919653725
318,5,2020-03-01,test,-2.9413885206293955,no_change/none,0.0,2.913442288996748,2.9413885206293955
318,5,2020-04-01,test,-1.0271550321830247,no_change/none,0.0,2.8850618281283342,1.0271550321830247
318,5,2020-05-01,test,4.512043528047016,no_change/none,0.0,2.85668136725992,-4.512043528047016
318,5,2020-06-01,test,5.252520091846069,no_change/none,0.0,2.828300906391502,-5.252520091846069
318,5,2020-07-01,test,3.712378787419901,no_change/none,0.0,2.7999204455230875,-3.712378787419901
318,5,2020-08-01,test,2.068020523753944,no_change/none,0.0,2.7715399846546696,-2.068020523753944
318,5,2020-09-01,test,9.82556900340823,no_change/none,0.0,2.7686453605455164,-9.82556900340823
318,5,2020-10-01,test,12.81862504172695,no_change/none,0.0,2.85668136725992,-12.81862504172695
318,5,2020-11-01,test,12.361395596717628,no_change/none,0.0,2.9172509059955942,-12.361395596717628
318,5,2020-12-01,test,13.480609005652331,no_change/none,0.0,2.9318864281174237,-13.480609005652331
318,5,2021-01-01,test,20.067069546215063,no_change/none,0.0,2.9229638314938633,-20.067069546215063
318,5,2021-02-01,test,13.603494062330237,no_change/none,0.0,2.958654217988102,-13.603494062330237
318,5,2021-03-01,test,11.475992819311998,no_change/none,0.0,2.967576814611661,-11.475992819311998
318,5,2021-04-01,test,16.077322058775145,no_change/none,0.0,3.0114124354371445,-16.077322058775145
318,5,2021-05-01,test,19.39311858717936,no_change/none,0.0,3.1336305044546413,-19.39311858717936
318,5,2021-06-01,test,19.10552367627094,no_change/none,0.0,3.359489055571707,-19.10552367627094
318,5,2021-07-01,test,17.117447745077996,no_change/none,0.0,3.5124328876671407,-17.117447745077996
318,5,2021-08-01,test,16.447779398310747,no_change/none,0.0,3.6476948107283422,-16.447779398310747
318,5,2021-09-01,test,9.440968447107512,no_change/none,0.0,3.7523895861214744,-9.440968447107512
318,5,2021-10-01,test,11.111517448932329,no_change/none,0.0,3.864219630616792,-11.111517448932329
318,5,2021-11-01,test,8.429028687526863,no_change/none,0.0,4.071475016388604,-8.429028687526863
318,5,2021-12-01,test,4.611768209496603,no_change/none,0.0,4.080054564898141,-4.611768209496603
318,5,2022-01-01,test,0.6825965070399675,no_change/none,0.0,4.34010589763843,-0.6825965070399675
318,5,2022-02-01,test,0.2998502996256036,no_change/none,0.0,4.565325043529854,-0.2998502996256036
318,5,2022-03-01,test,-7.20155438135377,no_change/none,0.0,4.651301834984541,7.20155438135377
318,5,2022-04-01,test,-8.231595257155089,no_change/none,0.0,4.675519907906267,8.231595257155089
318,5,2022-05-01,test,-7.403574652081346,no_change/none,0.0,4.669465389675835,7.403574652081346
318,5,2022-06-01,test,-8.727645320059185,no_change/none,0.0,4.663410871445405,8.727645320059185
318,5,2022-07-01,test,-9.850890304351624,no_change/none,0.0,4.657356353214972,9.850890304351624
318,5,2022-08-01,test,-14.52766157322083,no_change/none,0.0,4.651301834984541,14.52766157322083
318,5,2022-09-01,test,-20.26450297658693,no_change/none,0.0,4.645247316754109,20.26450297658693
318,5,2022-10-01,test,-21.709514577832945,no_change/none,0.0,4.6385514953026075,21.709514577832945
318,5,2022-11-01,test,-17.32430609986091,no_change/none,0.0,4.631855673851107,17.32430609986091
318,5,2022-12-01,test,-15.323333273054551,no_change/none,0.0,4.625159852399605,15.323333273054551
318,5,2023-01-01,test,-13.203226683364466,no_change/none,0.0,4.618464030948105,13.203226683364466
318,5,2023-02-01,test,-8.437979652357352,no_change/none,0.0,4.611768209496603,8.437979652357352
318,5,2023-03-01,test,0.1255492945832159,no_change/none,0.0,4.591823273206686,-0.1255492945832159
318,5,2023-04-01,test,-0.1261829820422555,no_change/none,0.0,4.571878336916771,0.1261829820422555
318,5,2023-05-01,test,4.640330909335866,no_change/none,0.0,4.551933400626852,-4.640330909335866
318,5,2023-06-01,test,5.315574005029067,no_change/none,0.0,4.531988464336935,-5.315574005029067
318,5,2023-07-01,test,0.262467342277084,no_change/none,0.0,4.512043528047016,-0.262467342277084
318,5,2023-08-01,test,-7.1505435622834845,no_change/none,0.0,4.426074712842723,7.1505435622834845
318,5,2023-09-01,test,-4.784364256540119,no_change/none,0.0,4.34010589763843,4.784364256540119
318,5,2023-10-01,test,-10.04705303636344,no_change/none,0.0,4.551933400626852,10.04705303636344
318,5,2023-11-01,test,-9.531017980432477,no_change/none,0.0,4.617480749464456,9.531017980432477
318,5,2023-12-01,test,-9.334618571966493,no_change/none,0.0,4.611768209496603,9.334618571966493
318,5,2024-01-01,test,-2.3177588312705666,no_change/none,0.0,4.591823273206686,2.3177588312705666
318,5,2024-02-01,test,-3.093723528771264,no_change/none,0.0,4.571878336916771,3.093723528771264
318,5,2024-03-01,test,-0.543479598595642,no_change/none,0.0,4.551933400626852,0.543479598595642
318,5,2024-04-01,test,1.1049836186584727,no_change/none,0.0,4.531988464336935,-1.1049836186584727
318,5,2024-05-01,test,9.465594360172869,no_change/none,0.0,4.512043528047016,-9.465594360172869
318,5,2024-06-01,test,2.0478531343541384,no_change/none,0.0,4.426074712842723,-2.0478531343541384
318,5,2024-07-01,test,0.8163310639160315,no_change/none,0.0,4.34010589763843,-0.8163310639160315
318,5,2024-08-01,test,6.844776381469053,no_change/none,0.0,4.2541370824341245,-6.844776381469053
318,5,2024-09-01,test,12.386948171278611,no_change/none,0.0,4.168168267229831,-12.386948171278611
318,5,2024-10-01,test,2.7115928615888407,no_change/none,0.0,4.512043528047016,-2.7115928615888407
318,5,2024-11-01,test,3.583661516903991,no_change/none,0.0,4.426074712842723,-3.583661516903991
318,5,2024-12-01,test,5.020869558274654,no_change/none,0.0,4.34010589763843,-5.020869558274654
318,5,2025-01-01,test,3.500357357333428,no_change/none,0.0,4.551933400626852,-3.500357357333428
318,5,2025-02-01,test,1.9231361927887216,no_change/none,0.0,4.617480749464456,-1.9231361927887216
318,5,2025-03-01,test,8.424747600616111,no_change/none,0.0,4.611768209496603,-8.424747600616111
318,5,2025-04-01,test,8.972390509995076,no_change/none,0.0,4.591823273206686,-8.972390509995076
318,5,2025-05-01,test,3.295608768329572,no_change/none,0.0,4.6289058294001615,-3.295608768329572
318,5,2025-06-01,test,0.0,no_change/none,0.0,4.623193289432308,0.0
318,5,2025-07-01,test,-7.026919584655555,no_change/none,0.0,4.617480749464456,7.026919584655555
318,5,2025-08-01,test,-5.1663139673157055,no_change/none,0.0,4.640330909335866,5.1663139673157055
318,5,2025-09-01,test,4.429628590497625,no_change/none,0.0,4.64426403527046,-4.429628590497625
318,5,2025-10-01,test,21.96461707820392,no_change/none,0.0,4.6432807537868115,-21.96461707820392
318,5,2025-11-01,test,31.91235982865992,no_change/none,0.0,4.642297472303163,-31.91235982865992
318,5,2025-12-01,test,36.50687360672009,no_change/none,0.0,4.641314190819514,-36.50687360672009
318,5,2026-01-01,test,21.248273384652272,no_change/none,0.0,4.640330909335866,-21.248273384652272
318,5,2026-02-01,test,8.10070701732073,no_change/none,0.0,4.634618369368013,-8.10070701732073
318,5,2026-03-01,test,-6.834957780120998,no_change/none,0.0,4.6432807537868115,6.834957780120998
318,6,2015-01-01,validation,-5.280539144985319,no_change/none,0.0,2.924738512033524,5.280539144985319
318,6,2015-02-01,validation,-5.103783391866834,no_change/none,0.0,2.9033193607444567,5.103783391866834
318,6,2015-03-01,validation,-3.4115753240171465,no_change/none,0.0,2.88190020945539,3.4115753240171465
318,6,2015-04-01,validation,-2.9508234619981977,no_change/none,0.0,2.86048105816632,2.9508234619981977
318,6,2015-05-01,validation,-5.260995027229676,no_change/none,0.0,2.8592249133227465,5.260995027229676
318,6,2015-06-01,validation,-5.93722734999691,no_change/none,0.0,2.8579687684791732,5.93722734999691
318,6,2015-07-01,validation,-9.103182924913169,no_change/none,0.0,2.8567126236356,9.103182924913169
318,6,2015-08-01,validation,-9.786772595544235,no_change/none,0.0,2.8554564787920267,9.786772595544235
318,6,2015-09-01,validation,-10.850742141601977,no_change/none,0.0,2.8542003339484534,10.850742141601977
318,6,2015-10-01,validation,-8.985632912186059,no_change/none,0.0,2.8336595328641514,8.985632912186059
318,6,2015-11-01,validation,-9.531017980432477,no_change/none,0.0,2.8131187317798463,9.531017980432477
318,6,2015-12-01,validation,-9.477840632728896,no_change/none,0.0,2.792577930695544,9.477840632728896
318,6,2016-01-01,validation,-7.304606274098901,no_change/none,0.0,2.772037129611242,7.304606274098901
318,6,2016-02-01,validation,-5.948090990713251,no_change/none,0.0,2.7514963285269367,5.948090990713251
318,6,2016-03-01,validation,-4.692943222198309,no_change/none,0.0,2.744595169860107,4.692943222198309
318,6,2016-04-01,validation,-4.367506350266215,no_change/none,0.0,2.737694011193277,4.367506350266215
318,6,2016-05-01,validation,0.2894358026364507,no_change/none,0.0,2.730792852526447,-0.2894358026364507
318,6,2016-06-01,validation,3.023988518971787,no_change/none,0.0,2.7238916938596174,-3.023988518971787
318,6,2016-07-01,validation,6.193483731591787,no_change/none,0.0,2.716990535192787,-6.193483731591787
318,6,2016-08-01,validation,7.624107876459796,no_change/none,0.0,2.6810192229945895,-7.624107876459796
318,6,2016-09-01,validation,6.678824087158652,no_change/none,0.0,2.6450479107963867,-6.678824087158652
318,6,2016-10-01,validation,5.218575317057006,no_change/none,0.0,2.6090765985981887,-5.218575317057006
318,6,2016-11-01,validation,2.426957091445736,no_change/none,0.0,2.5731052863999913,-2.426957091445736
318,6,2016-12-01,validation,1.4084739881738528,no_change/none,0.0,2.716990535192787,-1.4084739881738528
318,6,2017-01-01,validation,-1.1236073266926103,no_change/none,0.0,2.744595169860107,1.1236073266926103
318,6,2017-02-01,validation,0.0,no_change/none,0.0,2.8131187317798463,0.0
318,6,2017-03-01,validation,2.3595820596682415,no_change/none,0.0,2.8567126236356,-2.3595820596682415
318,6,2017-04-01,validation,5.228150651004171,no_change/none,0.0,2.88190020945539,-5.228150651004171
318,6,2017-05-01,validation,6.286222271689734,no_change/none,0.0,2.86048105816632,-6.286222271689734
318,6,2017-06-01,validation,5.178268510588602,no_change/none,0.0,2.8592249133227465,-5.178268510588602
318,6,2017-07-01,validation,7.218926416796645,no_change/none,0.0,2.8579687684791732,-7.218926416796645
318,6,2017-08-01,validation,6.306583061281756,no_change/none,0.0,2.8567126236356,-6.306583061281756
318,6,2017-09-01,validation,6.376661835898911,no_change/none,0.0,2.8554564787920267,-6.376661835898911
318,6,2017-10-01,validation,3.4258949821015072,no_change/none,0.0,2.86048105816632,-3.4258949821015072
318,6,2017-11-01,validation,2.3561299338397568,no_change/none,0.0,2.946157663322594,-2.3561299338397568
318,6,2017-12-01,validation,4.416302061750965,no_change/none,0.0,2.967576814611661,-4.416302061750965
318,6,2018-01-01,validation,2.2093166316706103,no_change/none,0.0,2.9901414963557116,-2.2093166316706103
318,6,2018-02-01,validation,2.1865822923562206,no_change/none,0.0,3.109708192158916,-2.1865822923562206
318,6,2018-03-01,validation,3.166825749886737,no_change/none,0.0,3.4525868849073937,-3.166825749886737
318,6,2018-04-01,validation,4.804969764170863,no_change/none,0.0,3.447248504346217,-4.804969764170863
318,6,2018-05-01,validation,4.551986847106981,no_change/none,0.0,3.4419101237850396,-4.551986847106981
318,6,2018-06-01,validation,1.763269865095651,no_change/none,0.0,3.491819669220835,-1.763269865095651
318,6,2018-07-01,validation,1.530642128267523,no_change/none,0.0,3.472203277064116,-1.530642128267523
318,6,2018-08-01,validation,-1.0230268250814412,no_change/none,0.0,3.4525868849073937,1.0230268250814412
318,6,2018-09-01,validation,-3.5536734276787385,no_change/none,0.0,3.447248504346217,3.5536734276787385
318,6,2018-10-01,validation,-4.804969764170863,no_change/none,0.0,3.5114360613775575,4.804969764170863
318,6,2018-11-01,validation,-3.522376721880605,no_change/none,0.0,3.605406491077031,3.522376721880605
318,6,2018-12-01,validation,-1.256297930070538,no_change/none,0.0,3.5780376683840154,1.256297930070538
318,6,2019-01-01,test,-1.0178204915756162,no_change/none,0.0,3.5506688456909963,1.0178204915756162
318,6,2019-02-01,test,-1.4239722811136168,no_change/none,0.0,3.531052453534277,1.4239722811136168
318,6,2019-03-01,test,-0.9085072222471346,no_change/none,0.0,3.5114360613775575,0.9085072222471346
318,6,2019-04-01,test,-0.9108716198240608,no_change/none,0.0,3.491819669220835,0.9108716198240608
318,6,2019-05-01,test,-3.9169498075550817,no_change/none,0.0,3.472203277064116,3.9169498075550817
318,6,2019-06-01,test,-8.162423575899602,no_change/none,0.0,3.4525868849073937,8.162423575899602
318,6,2019-07-01,test,-7.844551838654645,no_change/none,0.0,3.447248504346217,7.844551838654645
318,6,2019-08-01,test,-6.6017232319032,no_change/none,0.0,3.4419101237850396,6.6017232319032
318,6,2019-09-01,test,-10.579520377595042,no_change/none,0.0,3.436571743223862,10.579520377595042
318,6,2019-10-01,test,-11.04569955643102,no_change/none,0.0,3.431233362662685,11.04569955643102
318,6,2019-11-01,test,-14.44332888744526,no_change/none,0.0,3.4258949821015072,14.44332888744526
318,6,2019-12-01,test,-11.624101530456787,no_change/none,0.0,3.3740811356585563,11.624101530456787
318,6,2020-01-01,test,-8.965538230707804,no_change/none,0.0,3.322267289215605,8.965538230707804
318,6,2020-02-01,test,-6.919185666321237,no_change/none,0.0,3.2704534427726464,6.919185666321237
318,6,2020-03-01,test,-1.754430965091025,no_change/none,0.0,3.218639596329695,1.754430965091025
318,6,2020-04-01,test,-0.7326040092072716,no_change/none,0.0,3.166825749886737,0.7326040092072716
318,6,2020-05-01,test,5.098555473286837,no_change/none,0.0,3.1382583037037484,-5.098555473286837
318,6,2020-06-01,test,5.5444911021795384,no_change/none,0.0,3.10969085752076,-5.5444911021795384
318,6,2020-07-01,test,3.4204077770864316,no_change/none,0.0,3.0811234113377677,-3.4204077770864316
318,6,2020-08-01,test,11.0125265589466,no_change/none,0.0,3.0525559651547796,-11.0125265589466
318,6,2020-09-01,test,13.113176064702705,no_change/none,0.0,3.023988518971787,-13.113176064702705
318,6,2020-10-01,test,12.947907541957449,no_change/none,0.0,3.0127061780997626,-12.947907541957449
318,6,2020-11-01,test,13.772580015985804,no_change/none,0.0,3.10969085752076,-13.772580015985804
318,6,2020-12-01,test,19.775098535881597,no_change/none,0.0,3.2704534427726464,-19.775098535881597
318,6,2021-01-01,test,22.54800009752289,no_change/none,0.0,3.4215052180894467,-22.54800009752289
318,6,2021-02-01,test,14.76359988060647,no_change/none,0.0,3.4258949821015072,-14.76359988060647
318,6,2021-03-01,test,16.206604559005644,no_change/none,0.0,3.447248504346217,-16.206604559005644
318,6,2021-04-01,test,20.804303006447533,no_change/none,0.0,3.5114360613775575,-20.804303006447533
318,6,2021-05-01,test,25.400013206500205,no_change/none,0.0,3.605406491077031,-25.400013206500205
318,6,2021-06-01,test,19.59837829638582,no_change/none,0.0,3.766450257729976,-19.59837829638582
318,6,2021-07-01,test,17.607885216586983,no_change/none,0.0,4.082199452025526,-17.607885216586983
318,6,2021-08-01,test,14.171580186801158,no_change/none,0.0,4.349481539805881,-14.171580186801158
318,6,2021-09-01,test,15.838498396604717,no_change/none,0.0,4.4977129329645775,-15.838498396604717
318,6,2021-10-01,test,14.435923306847709,no_change/none,0.0,4.653180013932536,-14.435923306847709
318,6,2021-11-01,test,5.104622829611483,no_change/none,0.0,4.863686905994063,-5.104622829611483
318,6,2021-12-01,test,1.173033978548954,no_change/none,0.0,5.098555473286837,-1.173033978548954
318,6,2022-01-01,test,-1.976348911883985,no_change/none,0.0,5.16232590312825,1.976348911883985
318,6,2022-02-01,test,-0.8040244318565648,no_change/none,0.0,5.202452594469645,0.8040244318565648
318,6,2022-03-01,test,-4.907189399239709,no_change/none,0.0,5.222405450635872,4.907189399239709
318,6,2022-04-01,test,-10.727980509996726,no_change/none,0.0,5.290496108599095,10.727980509996726
318,6,2022-05-01,test,-12.166379551006834,no_change/none,0.0,5.228150651004171,12.166379551006834
318,6,2022-06-01,test,-12.509835723275575,no_change/none,0.0,5.226235584214738,12.509835723275575
318,6,2022-07-01,test,-15.631536304702998,no_change/none,0.0,5.224320517425305,15.631536304702998
318,6,2022-08-01,test,-17.970137994472868,no_change/none,0.0,5.222405450635872,17.970137994472868
318,6,2022-09-01,test,-24.205899830674586,no_change/none,0.0,5.220490383846439,24.205899830674586
318,6,2022-10-01,test,-22.087110998786397,no_change/none,0.0,5.218575317057006,22.087110998786397
318,6,2022-11-01,test,-19.10552367627094,no_change/none,0.0,5.210513955763326,19.10552367627094
318,6,2022-12-01,test,-18.98387268371584,no_change/none,0.0,5.202452594469645,18.98387268371584
318,6,2023-01-01,test,-11.880456073609391,no_change/none,0.0,5.194391233175963,11.880456073609391
318,6,2023-02-01,test,-3.815847559504437,no_change/none,0.0,5.1863298718822834,3.815847559504437
318,6,2023-03-01,test,-0.5037794029957077,no_change/none,0.0,5.178268510588602,0.5037794029957077
318,6,2023-04-01,test,2.859113332925834,no_change/none,0.0,5.163539374393179,-2.859113332925834
318,6,2023-05-01,test,1.655034594367777,no_change/none,0.0,5.148810238197756,-1.655034594367777
318,6,2023-06-01,test,1.5852379520321591,no_change/none,0.0,5.13408110200233,-1.5852379520321591
318,6,2023-07-01,test,-2.5284114694305693,no_change/none,0.0,5.119351965806907,2.5284114694305693
318,6,2023-08-01,test,-5.413692954119043,no_change/none,0.0,5.104622829611483,5.413692954119043
318,6,2023-09-01,test,-7.061756721395351,no_change/none,0.0,5.103409358346553,7.061756721395351
318,6,2023-10-01,test,-12.516314295400566,no_change/none,0.0,5.102195887081624,12.516314295400566
318,6,2023-11-01,test,-13.0649546249634,no_change/none,0.0,5.100982415816695,13.0649546249634
318,6,2023-12-01,test,-5.10863764297822,no_change/none,0.0,5.099768944551766,5.10863764297822
318,6,2024-01-01,test,-1.356872920606822,no_change/none,0.0,5.098555473286837,1.356872920606822
318,6,2024-02-01,test,-2.8208720634508744,no_change/none,0.0,5.0398383314636455,2.8208720634508744
318,6,2024-03-01,test,-1.3642776403786527,no_change/none,0.0,4.981121189640454,1.3642776403786527
318,6,2024-04-01,test,5.931657715641947,no_change/none,0.0,4.922404047817254,-5.931657715641947
318,6,2024-05-01,test,6.2738340633424095,no_change/none,0.0,4.863686905994063,-6.2738340633424095
318,6,2024-06-01,test,1.777216974579776,no_change/none,0.0,4.804969764170863,-1.777216974579776
318,6,2024-07-01,test,7.117627846789443,no_change/none,0.0,4.75437318075809,-7.117627846789443
318,6,2024-08-01,test,11.5661501294956,no_change/none,0.0,4.703776597345316,-11.5661501294956
318,6,2024-09-01,test,7.538266958572315,no_change/none,0.0,4.653180013932536,-7.538266958572315
318,6,2024-10-01,test,0.3919012200735317,no_change/none,0.0,4.863686905994063,-0.3919012200735317
318,6,2024-11-01,test,4.750233398500292,no_change/none,0.0,5.098555473286837,-4.750233398500292
318,6,2024-12-01,test,9.80165414020684,no_change/none,0.0,5.0398383314636455,-9.80165414020684
318,6,2025-01-01,test,6.644509940815269,no_change/none,0.0,5.102195887081624,-6.644509940815269
318,6,2025-02-01,test,3.5760663879098153,no_change/none,0.0,5.13408110200233,-3.5760663879098153
318,6,2025-03-01,test,6.652698868479767,no_change/none,0.0,5.1863298718822834,-6.652698868479767
318,6,2025-04-01,test,4.462180649925873,no_change/none,0.0,5.178268510588602,-4.462180649925873
318,6,2025-05-01,test,4.780784581932185,no_change/none,0.0,5.163539374393179,-4.780784581932185
318,6,2025-06-01,test,-3.882767001173715,no_change/none,0.0,5.202452594469645,3.882767001173715
318,6,2025-07-01,test,-3.5133837721946115,no_change/none,0.0,5.222405450635872,3.5133837721946115
318,6,2025-08-01,test,2.657579858361281,no_change/none,0.0,5.220490383846439,-2.657579858361281
318,6,2025-09-01,test,17.454407218134715,no_change/none,0.0,5.228150651004171,-17.454407218134715
318,6,2025-10-01,test,33.39753564226253,no_change/none,0.0,5.226235584214738,-33.39753564226253
318,6,2025-11-01,test,32.62410660554637,no_change/none,0.0,5.224320517425305,-32.62410660554637
318,6,2025-12-01,test,24.761809197113216,no_change/none,0.0,5.222405450635872,-24.761809197113216
318,6,2026-01-01,test,15.924600842997716,no_change/none,0.0,5.220490383846439,-15.924600842997716
318,6,2026-02-01,test,6.189820847516092,no_change/none,0.0,5.218575317057006,-6.189820847516092
402,2,2015-01-01,validation,-0.9597002641009488,no_change/none,0.0,2.292212142540891,0.9597002641009488
402,2,2015-02-01,validation,-0.9633985881134066,no_change/none,0.0,2.285472462611917,0.9633985881134066
402,2,2015-03-01,validation,0.0963855496306287,no_change/none,0.0,2.278732782682944,-0.0963855496306287
402,2,2015-04-01,validation,1.3461741750898426,no_change/none,0.0,2.2719931027539713,-1.3461741750898426
402,2,2015-05-01,validation,1.6244982184333343,no_change/none,0.0,2.2652534228249976,-1.6244982184333343
402,2,2015-06-01,validation,0.4764182427118513,no_change/none,0.0,2.243417920391552,-0.4764182427118513
402,2,2015-07-01,validation,-0.9523881511255716,no_change/none,0.0,2.221582417958103,0.9523881511255716
402,2,2015-08-01,validation,-1.051132468268623,no_change/none,0.0,2.1997469155246567,1.051132468268623
402,2,2015-09-01,validation,-0.287494208559913,no_change/none,0.0,2.177911413091211,0.287494208559913
402,2,2015-10-01,validation,-0.3849860385441772,no_change/none,0.0,2.156075910657762,0.3849860385441772
402,2,2015-11-01,validation,-0.5774799493884153,no_change/none,0.0,2.1350208129487505,0.5774799493884153
402,2,2015-12-01,validation,-1.0664182498812735,no_change/none,0.0,2.113965715239736,1.0664182498812735
402,2,2016-01-01,validation,-0.9699397088713368,no_change/none,0.0,2.0929106175307237,0.9699397088713368
402,2,2016-02-01,validation,0.6799443388923798,no_change/none,0.0,2.071855519821712,-0.6799443388923798
402,2,2016-03-01,validation,0.5830920310793353,no_change/none,0.0,2.0508004221126974,-0.5830920310793353
402,2,2016-04-01,validation,-0.1937985102678396,no_change/none,0.0,2.0315322591495653,0.1937985102678396
402,2,2016-05-01,validation,-2.3530497410193973,no_change/none,0.0,2.012264096186431,2.3530497410193973
402,2,2016-06-01,validation,-2.256103538564602,no_change/none,0.0,1.9929959332232987,2.256103538564602
402,2,2016-07-01,validation,-0.1986097971629519,no_change/none,0.0,1.9737277702601668,0.1986097971629519
402,2,2016-08-01,validation,-0.298062813813793,no_change/none,0.0,1.954459607297032,0.298062813813793
402,2,2016-09-01,validation,-0.3984069014874691,no_change/none,0.0,1.9374103460806689,0.3984069014874691
402,2,2016-10-01,validation,0.4962789342129348,no_change/none,0.0,1.9203610848643031,-0.4962789342129348
402,2,2016-11-01,validation,0.8941937375661624,no_change/none,0.0,1.90331182364794,-0.8941937375661624
402,2,2016-12-01,validation,0.0989609185165996,no_change/none,0.0,1.8862625624315768,-0.0989609185165996
402,2,2017-01-01,validation,1.5701990908087105,no_change/none,0.0,1.8692133012152112,-1.5701990908087105
402,2,2017-02-01,validation,2.5391989209055943,no_change/none,0.0,1.867721821293582,-2.5391989209055943
402,2,2017-03-01,validation,2.3100160948392734,no_change/none,0.0,1.866230341371953,-2.3100160948392734
402,2,2017-04-01,validation,1.4361185068128002,no_change/none,0.0,1.90331182364794,-1.4361185068128002
402,2,2017-05-01,validation,-0.3813160006414406,no_change/none,0.0,1.9737277702601668,0.3813160006414406
402,2,2017-06-01,validation,-0.4764182427118513,no_change/none,0.0,1.954459607297032,0.4764182427118513
402,2,2017-07-01,validation,0.3813160006414406,no_change/none,0.0,1.9374103460806689,-0.3813160006414406
402,2,2017-08-01,validation,-0.1912046471625572,no_change/none,0.0,1.9203610848643056,0.1912046471625572
402,2,2017-09-01,validation,-1.2446307151117608,no_change/none,0.0,1.90331182364794,1.2446307151117608
402,2,2017-10-01,validation,-0.287494208559913,no_change/none,0.0,1.8862625624315768,0.287494208559913
402,2,2017-11-01,validation,-0.0963855496306287,no_change/none,0.0,1.8692133012152112,0.0963855496306287
402,2,2017-12-01,validation,0.0,no_change/none,0.0,1.867721821293582,0.0
402,2,2018-01-01,validation,0.7684956169383916,no_change/none,0.0,1.866230341371953,-0.7684956169383916
402,2,2018-02-01,validation,0.0,no_change/none,0.0,1.8647388614503235,0.0
402,2,2018-03-01,validation,-0.7684956169383916,no_change/none,0.0,1.8632473815286943,0.7684956169383916
402,2,2018-04-01,validation,-0.8674753193673723,no_change/none,0.0,1.861755901607065,0.8674753193673723
402,2,2018-05-01,validation,-0.7744472395478041,no_change/none,0.0,1.8533519023238123,0.7744472395478041
402,2,2018-06-01,validation,0.0,no_change/none,0.0,1.84494790304056,0.0
402,2,2018-07-01,validation,0.1941748182910707,no_change/none,0.0,1.836543903757306,-0.1941748182910707
402,2,2018-08-01,validation,-0.4852023104527703,no_change/none,0.0,1.8281399044740536,0.4852023104527703
402,2,2018-09-01,validation,-0.5836592444451227,no_change/none,0.0,1.8197359051908,0.5836592444451227
402,2,2018-10-01,validation,0.2914038001849306,no_change/none,0.0,1.8179716599495777,-0.2914038001849306
402,2,2018-11-01,validation,1.5489177042460334,no_change/none,0.0,1.8162074147083551,-1.5489177042460334
402,2,2018-12-01,validation,0.8691508118458202,no_change/none,0.0,1.8144431694671328,-0.8691508118458202
402,2,2019-01-01,test,-0.2886004889135485,no_change/none,0.0,1.81267892422591,0.2886004889135485
402,2,2019-02-01,test,0.5752652489450227,no_change/none,0.0,1.8109146789846875,-0.5752652489450227
402,2,2019-03-01,test,0.7677580899034808,no_change/none,0.0,1.7869411861540931,-0.7677580899034808
402,2,2019-04-01,test,-0.1913876182284113,no_change/none,0.0,1.7629676933234988,0.1913876182284113
402,2,2019-05-01,test,1.9877606676884871,no_change/none,0.0,1.738994200492901,-1.9877606676884871
402,2,2019-06-01,test,1.426557715882204,no_change/none,0.0,1.7150207076623067,-1.426557715882204
402,2,2019-07-01,test,-1.9877606676884871,no_change/none,0.0,1.8109146789846875,1.9877606676884871
402,2,2019-08-01,test,-0.9487737205109426,no_change/none,0.0,1.7869411861540931,0.9487737205109426
402,2,2019-09-01,test,-0.0956480225957179,no_change/none,0.0,1.7629676933234988,0.0956480225957179
402,2,2019-10-01,test,-0.7655539781327825,no_change/none,0.0,1.738994200492901,0.7655539781327825
402,2,2019-11-01,test,0.3820443997385681,no_change/none,0.0,1.7150207076623067,-0.3820443997385681
402,2,2019-12-01,test,1.430639565123748,no_change/none,0.0,1.691047214831709,-1.430639565123748
402,2,2020-01-01,test,1.0431578709815703,no_change/none,0.0,1.6777374155520348,-1.0431578709815703
402,2,2020-02-01,test,0.1892148152037975,no_change/none,0.0,1.6644276162723606,-0.1892148152037975
402,2,2020-03-01,test,-0.6625674972137396,no_change/none,0.0,1.6511178169926846,0.6625674972137396
402,2,2020-04-01,test,0.6594465725281218,no_change/none,0.0,1.6378080177130103,-0.6594465725281218
402,2,2020-05-01,test,-0.2853068982406448,no_change/none,0.0,1.6244982184333343,0.2853068982406448
402,2,2020-06-01,test,-1.5137469747228849,no_change/none,0.0,1.6136383929084102,1.5137469747228849
402,2,2020-07-01,test,0.3802285949738859,no_change/none,0.0,1.602778567383486,-0.3802285949738859
402,2,2020-08-01,test,0.4755120705010718,no_change/none,0.0,1.5919187418585603,-0.4755120705010718
402,2,2020-09-01,test,1.9728211460455112,no_change/none,0.0,1.5810589163336362,-1.9728211460455112
402,2,2020-10-01,test,3.0829158019901826,no_change/none,0.0,1.5701990908087105,-3.0829158019901826
402,2,2020-11-01,test,2.7524673390090904,no_change/none,0.0,1.6136383929084102,-2.7524673390090904
402,2,2020-12-01,test,2.0037100229157723,no_change/none,0.0,1.6644276162723606,-2.0037100229157723
402,2,2021-01-01,test,2.0600818106150776,no_change/none,0.0,1.738994200492901,-2.0600818106150776
402,2,2021-02-01,test,2.1410273677639147,no_change/none,0.0,1.81267892422591,-2.1410273677639147
402,2,2021-03-01,test,2.2788015010040574,no_change/none,0.0,1.8197359051908,-2.2788015010040574
402,2,2021-04-01,test,4.31846029503804,no_change/none,0.0,1.8533519023238123,-4.31846029503804
402,2,2021-05-01,test,2.819494754162299,no_change/none,0.0,1.866230341371953,-2.819494754162299
402,2,2021-06-01,test,3.4887259000440984,no_change/none,0.0,1.90331182364794,-3.4887259000440984
402,2,2021-07-01,test,4.12599777828202,no_change/none,0.0,1.958131915046728,-4.12599777828202
402,2,2021-08-01,test,2.1002387488083585,no_change/none,0.0,1.9728211460455112,-2.1002387488083585
402,2,2021-09-01,test,1.8422627553035476,no_change/none,0.0,1.984772763359892,-1.8422627553035476
402,2,2021-10-01,test,0.5579926793474854,no_change/none,0.0,1.9973302808248583,-0.5579926793474854
402,2,2021-11-01,test,-1.0371054265487345,no_change/none,0.0,1.994140409779401,1.0371054265487345
402,2,2021-12-01,test,0.7128743060753173,no_change/none,0.0,1.9909505387339443,-0.7128743060753173
402,2,2022-01-01,test,3.69975293808098,no_change/none,0.0,1.9877606676884871,-3.69975293808098
402,2,2022-02-01,test,5.002967077919518,no_change/none,0.0,1.984772763359892,-5.002967077919518
402,2,2022-03-01,test,4.162538114690939,no_change/none,0.0,1.9973302808248583,-4.162538114690939
402,2,2022-04-01,test,1.3423020332140825,no_change/none,0.0,2.0225461825945428,-1.3423020332140825
402,2,2022-05-01,test,1.3986241974740743,no_change/none,0.0,2.0526566998131734,-1.3986241974740743
402,2,2022-06-01,test,0.0,no_change/none,0.0,2.0508004221126974,0.0
402,2,2022-07-01,test,-1.769957709940151,no_change/none,0.0,2.041382342273313,1.769957709940151
402,2,2022-08-01,test,-1.3423020332140825,no_change/none,0.0,2.031964262433928,1.3423020332140825
402,2,2022-09-01,test,-2.1053409197832273,no_change/none,0.0,2.0225461825945428,2.1053409197832273
402,2,2022-10-01,test,-2.1245108613736186,no_change/none,0.0,2.013128102755158,2.1245108613736186
402,2,2022-11-01,test,-1.608613775162393,no_change/none,0.0,2.0037100229157723,1.608613775162393
402,2,2022-12-01,test,-2.170627858186336,no_change/none,0.0,2.0005201518703153,2.170627858186336
402,2,2023-01-01,test,-3.5367143837291337,no_change/none,0.0,1.9973302808248583,3.5367143837291337
402,2,2023-02-01,test,-2.539819060561044,no_change/none,0.0,1.994140409779401,2.539819060561044
402,2,2023-03-01,test,0.5584378293900016,no_change/none,0.0,1.9909505387339443,-0.5584378293900016
402,2,2023-04-01,test,0.1606426048273768,no_change/none,0.0,1.9877606676884871,-0.1606426048273768
402,2,2023-05-01,test,-1.8467004124913975,no_change/none,0.0,1.984772763359892,1.8467004124913975
402,2,2023-06-01,test,-2.272825107755594,no_change/none,0.0,1.9817848590312972,2.272825107755594
402,2,2023-07-01,test,-2.046735385054088,no_change/none,0.0,1.9787969547027016,2.046735385054088
402,2,2023-08-01,test,0.1640689457460098,no_change/none,0.0,1.9758090503741064,-0.1640689457460098
402,2,2023-09-01,test,1.6407258951242731,no_change/none,0.0,1.9728211460455112,-1.6407258951242731
402,2,2023-10-01,test,2.028467117150523,no_change/none,0.0,1.9691488382958156,-2.028467117150523
402,2,2023-11-01,test,2.491089037948857,no_change/none,0.0,1.96547653054612,-2.491089037948857
402,2,2023-12-01,test,2.1454935001259834,no_change/none,0.0,1.9787969547027016,-2.1454935001259834
402,2,2024-01-01,test,2.585337882633354,no_change/none,0.0,1.9909505387339443,-2.585337882633354
402,2,2024-02-01,test,1.327625903912022,no_change/none,0.0,2.0037100229157723,-1.327625903912022
402,2,2024-03-01,test,1.0003931064519025,no_change/none,0.0,2.023515698303574,-1.0003931064519025
402,2,2024-04-01,test,3.281484816114677,no_change/none,0.0,2.018564279456623,-3.281484816114677
402,2,2024-05-01,test,1.4443428583946094,no_change/none,0.0,2.0136128606096726,-1.4443428583946094
402,2,2024-06-01,test,0.2998502996256924,no_change/none,0.0,2.0329337781429584,-0.2998502996256924
402,2,2024-07-01,test,1.9432599539876527,no_change/none,0.0,2.028467117150523,-1.9432599539876527
402,2,2024-08-01,test,2.4400471191857953,no_change/none,0.0,2.023515698303574,-2.4400471191857953
402,2,2024-09-01,test,2.19628154490934,no_change/none,0.0,2.018564279456623,-2.19628154490934
402,2,2024-10-01,test,2.0962097505305977,no_change/none,0.0,2.037400439135393,-2.0962097505305977
402,2,2024-11-01,test,2.925645695389356,no_change/none,0.0,2.0526566998131734,-2.925645695389356
402,2,2024-12-01,test,3.3066677752777274,no_change/none,0.0,2.0600818106150776,-3.3066677752777274
402,2,2025-01-01,test,2.7741029946538376,no_change/none,0.0,2.088984162547494,-2.7741029946538376
402,2,2025-02-01,test,2.6631823180792935,no_change/none,0.0,2.098627149497254,-2.6631823180792935
402,2,2025-03-01,test,3.0978908258177285,no_change/none,0.0,2.1165541963905814,-3.0978908258177285
402,2,2025-04-01,test,3.1832926573210685,no_change/none,0.0,2.1419205942363284,-3.1832926573210685
402,2,2025-05-01,test,0.3310165220454131,no_change/none,0.0,2.1454935001259834,-0.3310165220454131
402,2,2025-06-01,test,-2.4447864475749093,no_change/none,0.0,2.1539594285514063,2.4447864475749093
402,2,2025-07-01,test,-2.9512537614477807,no_change/none,0.0,2.151842946445051,2.9512537614477807
402,2,2025-08-01,test,-3.470916637201515,no_change/none,0.0,2.149726464338695,3.470916637201515
402,2,2025-09-01,test,-3.0410083471126725,no_change/none,0.0,2.147609982232339,3.0410083471126725
402,2,2025-10-01,test,-2.5957262338383025,no_change/none,0.0,2.1454935001259834,2.5957262338383025
402,2,2025-11-01,test,-2.2712118922945557,no_change/none,0.0,2.1446002736535696,2.2712118922945557
402,2,2025-12-01,test,-1.9376278963138205,no_change/none,0.0,2.143707047181156,1.9376278963138205
402,2,2026-01-01,test,0.2867385477156148,no_change/none,0.0,2.142813820708742,-0.2867385477156148
402,2,2026-02-01,test,-0.1450326577646876,no_change/none,0.0,2.1419205942363284,0.1450326577646876
402,2,2026-03-01,test,-2.317265163790161,no_change/none,0.0,2.1410273677639147,2.317265163790161
402,2,2026-04-01,test,-1.756999810138371,no_change/none,0.0,2.132869643972804,1.756999810138371
402,2,2026-05-01,test,-1.6993390087432836,no_change/none,0.0,2.124711920181693,1.6993390087432836
402,2,2026-06-01,test,0.5891033237237053,no_change/none,0.0,2.1165541963905814,-0.5891033237237053
402,3,2015-01-01,validation,-1.3461741750898426,no_change/none,0.0,3.368194038677874,1.3461741750898426
402,3,2015-02-01,validation,-0.4805391274938841,no_change/none,0.0,3.368194038677874,0.4805391274938841
402,3,2015-03-01,validation,0.9597002641009488,no_change/none,0.0,3.368194038677874,-0.9597002641009488
402,3,2015-04-01,validation,2.107357679052857,no_change/none,0.0,3.368194038677874,-2.107357679052857
402,3,2015-05-01,validation,1.3397329571821714,no_change/none,0.0,3.368194038677874,-1.3397329571821714
402,3,2015-06-01,validation,-0.1912046471625572,no_change/none,0.0,3.368194038677874,0.1912046471625572
402,3,2015-07-01,validation,-1.335897729519786,no_change/none,0.0,3.3341146254183425,1.335897729519786
402,3,2015-08-01,validation,-0.9551170984343216,no_change/none,0.0,3.3000352121588064,0.9551170984343216
402,3,2015-09-01,validation,-0.7684956169383916,no_change/none,0.0,3.2659557988992747,0.7684956169383916
402,3,2015-10-01,validation,-0.4814645795541139,no_change/none,0.0,3.231876385639743,0.4814645795541139
402,3,2015-11-01,validation,-1.547419658259752,no_change/none,0.0,3.197796972380207,1.547419658259752
402,3,2015-12-01,validation,-1.0664182498812735,no_change/none,0.0,3.168454403174918,1.0664182498812735
402,3,2016-01-01,validation,-0.289995369978957,no_change/none,0.0,3.1391118339696247,0.289995369978957
402,3,2016-02-01,validation,0.5830920310793353,no_change/none,0.0,3.109769264764336,-0.5830920310793353
402,3,2016-03-01,validation,0.4861458286245401,no_change/none,0.0,3.080426695559047,-0.4861458286245401
402,3,2016-04-01,validation,-2.449902048832442,no_change/none,0.0,3.0510841263537536,2.449902048832442
402,3,2016-05-01,validation,-2.3530497410193973,no_change/none,0.0,3.0137792626223026,2.3530497410193973
402,3,2016-06-01,validation,-2.454713335727554,no_change/none,0.0,2.976474398890846,2.454713335727554
402,3,2016-07-01,validation,-0.298062813813793,no_change/none,0.0,2.9391695351593947,0.298062813813793
402,3,2016-08-01,validation,-0.5970166986504211,no_change/none,0.0,2.9018646714279437,0.5970166986504211
402,3,2016-09-01,validation,0.3968259175620936,no_change/none,0.0,2.8645598076964873,-0.3968259175620936
402,3,2016-10-01,validation,0.5952398527295344,no_change/none,0.0,2.851355154518612,-0.5952398527295344
402,3,2016-11-01,validation,0.8941937375661624,no_change/none,0.0,2.8381505013407344,-0.8941937375661624
402,3,2016-12-01,validation,1.66916000932531,no_change/none,0.0,2.824945848162859,-1.66916000932531
402,3,2017-01-01,validation,2.5391989209055943,no_change/none,0.0,2.811741194984984,-2.5391989209055943
402,3,2017-02-01,validation,3.880215185647984,no_change/none,0.0,2.798536541807106,-3.880215185647984
402,3,2017-03-01,validation,2.405118336909684,no_change/none,0.0,2.7868087172079834,-2.405118336909684
402,3,2017-04-01,validation,0.9597002641009488,no_change/none,0.0,2.77508089260886,-0.9597002641009488
402,3,2017-05-01,validation,-0.3813160006414406,no_change/none,0.0,2.824945848162859,0.3813160006414406
402,3,2017-06-01,validation,-0.0951022420704106,no_change/none,0.0,2.811741194984984,0.0951022420704106
402,3,2017-07-01,validation,-0.1912046471625572,no_change/none,0.0,2.798536541807106,0.1912046471625572
402,3,2017-08-01,validation,-0.8633147144703202,no_change/none,0.0,2.7868087172079834,0.8633147144703202
402,3,2017-09-01,validation,-0.860014856363911,no_change/none,0.0,2.77508089260886,0.860014856363911
402,3,2017-10-01,validation,-0.7684956169383916,no_change/none,0.0,2.7633530680097356,0.7684956169383916
402,3,2017-11-01,validation,0.3846158587478498,no_change/none,0.0,2.7516252434106123,-0.3846158587478498
402,3,2017-12-01,validation,0.287494208559913,no_change/none,0.0,2.7398974188114877,-0.287494208559913
402,3,2018-01-01,validation,0.4810014083784786,no_change/none,0.0,2.7238641854345156,-0.4810014083784786
402,3,2018-02-01,validation,-0.4810014083784786,no_change/none,0.0,2.707830952057543,0.4810014083784786
402,3,2018-03-01,validation,-1.1549695279272854,no_change/none,0.0,2.691797718680569,1.1549695279272854
402,3,2018-04-01,validation,-1.2554486479262827,no_change/none,0.0,2.675764485303597,1.2554486479262827
402,3,2018-05-01,validation,-0.3864739109888937,no_change/none,0.0,2.6597312519266225,0.3864739109888937
402,3,2018-06-01,validation,-0.1937985102678396,no_change/none,0.0,2.6564501429044185,0.1937985102678396
402,3,2018-07-01,validation,-0.0972289818938598,no_change/none,0.0,2.653169033882215,0.0972289818938598
402,3,2018-08-01,validation,-0.7774577547129624,no_change/none,0.0,2.6498879248600105,0.7774577547129624
402,3,2018-09-01,validation,0.0,no_change/none,0.0,2.646606815837807,0.0
402,3,2018-10-01,validation,1.2566622599858412,no_change/none,0.0,2.6433257068156024,-1.2566622599858412
402,3,2018-11-01,validation,1.452810056290943,no_change/none,0.0,2.6363099030409924,-1.452810056290943
402,3,2018-12-01,validation,0.6766579708873621,no_change/none,0.0,2.6292940992663825,-0.6766579708873621
402,3,2019-01-01,test,0.4791576009899323,no_change/none,0.0,2.622278295491771,-0.4791576009899323
402,3,2019-02-01,test,0.5752652489450227,no_change/none,0.0,2.615262491717161,-0.5752652489450227
402,3,2019-03-01,test,0.5763704716750695,no_change/none,0.0,2.6082466879425503,-0.5763704716750695
402,3,2019-04-01,test,1.9877606676884871,no_change/none,0.0,2.606107078419253,-1.9877606676884871
402,3,2019-05-01,test,1.2351700976537927,no_change/none,0.0,2.603967468895956,-1.2351700976537927
402,3,2019-06-01,test,0.1913876182284113,no_change/none,0.0,2.6018278593726585,-0.1913876182284113
402,3,2019-07-01,test,-1.7013642905456372,no_change/none,0.0,2.599688249849361,1.7013642905456372
402,3,2019-08-01,test,-1.3308181202495106,no_change/none,0.0,2.597548640326064,1.3308181202495106
402,3,2019-09-01,test,-0.4791576009899323,no_change/none,0.0,2.597548640326064,0.4791576009899323
402,3,2019-10-01,test,0.0,no_change/none,0.0,2.597548640326064,0.0
402,3,2019-11-01,test,1.0471299867295336,no_change/none,0.0,2.597548640326064,-1.0471299867295336
402,3,2019-12-01,test,1.8087118491143528,no_change/none,0.0,2.597548640326064,-1.8087118491143528
402,3,2020-01-01,test,0.8543004021947631,no_change/none,0.0,2.597548640326064,-0.8543004021947631
402,3,2020-02-01,test,-0.2844952132231348,no_change/none,0.0,2.5863254807122087,0.2844952132231348
402,3,2020-03-01,test,0.4705891037413146,no_change/none,0.0,2.575102321098354,-0.4705891037413146
402,3,2020-04-01,test,-0.7590169266675773,no_change/none,0.0,2.5638791614844973,0.7590169266675773
402,3,2020-05-01,test,-0.3805903737678306,no_change/none,0.0,2.552656001870642,0.3805903737678306
402,3,2020-06-01,test,-1.038234904221813,no_change/none,0.0,2.5414328422567856,1.038234904221813
402,3,2020-07-01,test,0.3802285949738859,no_change/none,0.0,2.5409860579865473,-0.3802285949738859
402,3,2020-08-01,test,2.448333216546583,no_change/none,0.0,2.540539273716309,-2.448333216546583
402,3,2020-09-01,test,3.0829158019901826,no_change/none,0.0,2.540092489446071,-3.0829158019901826
402,3,2020-10-01,test,4.725288485054602,no_change/none,0.0,2.5396457051758325,-4.725288485054602
402,3,2020-11-01,test,3.113804678860443,no_change/none,0.0,2.5391989209055943,-3.113804678860443
402,3,2020-12-01,test,3.7024544936794967,no_change/none,0.0,2.5409860579865473,-3.7024544936794967
402,3,2021-01-01,test,2.5023647076152677,no_change/none,0.0,2.575102321098354,-2.5023647076152677
402,3,2021-02-01,test,3.977545971767782,no_change/none,0.0,2.597548640326064,-3.977545971767782
402,3,2021-03-01,test,4.76074319203823,no_change/none,0.0,2.599688249849361,-4.76074319203823
402,3,2021-04-01,test,4.656013358166167,no_change/none,0.0,2.597548640326064,-4.656013358166167
402,3,2021-05-01,test,5.970667591078271,no_change/none,0.0,2.606107078419253,-5.970667591078271
402,3,2021-06-01,test,4.463550841410147,no_change/none,0.0,2.6292940992663825,-4.463550841410147
402,3,2021-07-01,test,5.25141158572433,no_change/none,0.0,2.6498879248600105,-5.25141158572433
402,3,2021-08-01,test,2.8170876966695957,no_change/none,0.0,2.675764485303597,-2.8170876966695957
402,3,2021-09-01,test,1.6834064867897958,no_change/none,0.0,2.7398974188114877,-1.6834064867897958
402,3,2021-10-01,test,-0.3202564786874973,no_change/none,0.0,2.7868087172079834,0.3202564786874973
402,3,2021-11-01,test,0.5540180375615655,no_change/none,0.0,2.8096672347246003,-0.5540180375615655
402,3,2021-12-01,test,2.8215037800459974,no_change/none,0.0,2.805957003752102,-2.8215037800459974
402,3,2022-01-01,test,6.594090542029818,no_change/none,0.0,2.8022467727796045,-6.594090542029818
402,3,2022-02-01,test,6.271167588661619,no_change/none,0.0,2.798536541807106,-6.271167588661619
402,3,2022-03-01,test,4.23663963716292,no_change/none,0.0,2.813377465697098,-4.23663963716292
402,3,2022-04-01,test,2.6668247082161756,no_change/none,0.0,2.8197373466954367,-2.6668247082161756
402,3,2022-05-01,test,0.0741015224719809,no_change/none,0.0,2.838726191106194,-0.0741015224719809
402,3,2022-06-01,test,-0.4454350349380576,no_change/none,0.0,2.9018646714279437,0.4454350349380576
402,3,2022-07-01,test,-2.6668247082161756,no_change/none,0.0,2.8645598076964873,2.6668247082161756
402,3,2022-08-01,test,-2.550775954721285,no_change/none,0.0,2.85594860216639,2.550775954721285
402,3,2022-09-01,test,-3.0213778596496432,no_change/none,0.0,2.8473373966362923,3.0213778596496432
402,3,2022-10-01,test,-2.8170876966695957,no_change/none,0.0,2.838726191106194,2.8170876966695957
402,3,2022-11-01,test,-3.0866647980527517,no_change/none,0.0,2.8301149855760963,3.0866647980527517
402,3,2022-12-01,test,-4.229291219025111,no_change/none,0.0,2.8215037800459974,4.229291219025111
402,3,2023-01-01,test,-4.0178700834514025,no_change/none,0.0,2.820620563370717,4.0178700834514025
402,3,2023-02-01,test,-1.5002255314487734,no_change/none,0.0,2.8197373466954367,1.5002255314487734
402,3,2023-03-01,test,-0.320513094894892,no_change/none,0.0,2.8188541300201564,0.320513094894892
402,3,2023-04-01,test,-0.8071068833791273,no_change/none,0.0,2.817970913344876,0.8071068833791273
402,3,2023-05-01,test,-3.1517760320404875,no_change/none,0.0,2.8170876966695957,3.1517760320404875
402,3,2023-06-01,test,-3.014484873260592,no_change/none,0.0,2.813377465697098,3.014484873260592
402,3,2023-07-01,test,-1.14100667380308,no_change/none,0.0,2.8096672347246003,1.14100667380308
402,3,2023-08-01,test,0.8990661296192748,no_change/none,0.0,2.805957003752102,-0.8990661296192748
402,3,2023-09-01,test,2.9341958284015313,no_change/none,0.0,2.8022467727796045,-2.9341958284015313
402,3,2023-10-01,test,3.226086221822122,no_change/none,0.0,2.798536541807106,-3.226086221822122
402,3,2023-11-01,test,3.4389634334032415,no_change/none,0.0,2.7868087172079834,-3.4389634334032415
402,3,2023-12-01,test,3.782956987304953,no_change/none,0.0,2.8096672347246003,-3.782956987304953
402,3,2024-01-01,test,2.2755002993664064,no_change/none,0.0,2.8188541300201564,-2.2755002993664064
402,3,2024-02-01,test,2.637856593630872,no_change/none,0.0,2.8301149855760963,-2.637856593630872
402,3,2024-03-01,test,2.9716472328477295,no_change/none,0.0,2.8645598076964873,-2.9716472328477295
402,3,2024-04-01,test,2.7545735481134592,no_change/none,0.0,2.85594860216639,-2.7545735481134592
402,3,2024-05-01,test,2.2711044260215196,no_change/none,0.0,2.8473373966362923,-2.2711044260215196
402,3,2024-06-01,test,1.416348685986435,no_change/none,0.0,2.8924142159785053,-1.416348685986435
402,3,2024-07-01,test,3.2668086868127055,no_change/none,0.0,2.8784870118374974,-3.2668086868127055
402,3,2024-08-01,test,3.3127799312700823,no_change/none,0.0,2.8645598076964873,-3.3127799312700823
402,3,2024-09-01,test,3.4197584833556505,no_change/none,0.0,2.85594860216639,-3.4197584833556505
402,3,2024-10-01,test,3.798378507473643,no_change/none,0.0,2.9063414201195155,-3.798378507473643
402,3,2024-11-01,test,4.530144713724038,no_change/none,0.0,2.9491763901800105,-4.530144713724038
402,3,2024-12-01,test,4.476271751596883,no_change/none,0.0,2.9875346115489356,-4.476271751596883
402,3,2025-01-01,test,4.267681336413975,no_change/none,0.0,3.0510841263537536,-4.267681336413975
402,3,2025-02-01,test,4.267494802136884,no_change/none,0.0,3.076549466862897,-4.267494802136884
402,3,2025-03-01,test,4.676870999081206,no_change/none,0.0,3.1014491281123395,-4.676870999081206
402,3,2025-04-01,test,1.9353290061030035,no_change/none,0.0,3.147401596268349,-1.9353290061030035
402,3,2025-05-01,test,-0.8658062743114314,no_change/none,0.0,3.2034548222685904,0.8658062743114314
402,3,2025-06-01,test,-4.1992174126658455,no_change/none,0.0,3.226086221822122,4.1992174126658455
402,3,2025-07-01,test,-4.66773943355836,no_change/none,0.0,3.220428371933739,4.66773943355836
402,3,2025-08-01,test,-4.795439312203609,no_change/none,0.0,3.2147705220453564,4.795439312203609
402,3,2025-09-01,test,-4.312211905948882,no_change/none,0.0,3.209112672156973,4.312211905948882
402,3,2025-10-01,test,-3.595734567296649,no_change/none,0.0,3.2034548222685904,3.595734567296649
402,3,2025-11-01,test,-3.2088314551500297,no_change/none,0.0,3.197796972380207,3.2088314551500297
402,3,2025-12-01,test,-0.7132697857427317,no_change/none,0.0,3.180998513676255,0.7132697857427317
402,3,2026-01-01,test,-1.0826522206201616,no_change/none,0.0,3.1642000549723033,1.0826522206201616
402,3,2026-02-01,test,-1.092907053219072,no_change/none,0.0,3.147401596268349,1.092907053219072
402,3,2026-03-01,test,-3.1263905784741475,no_change/none,0.0,3.130603137564397,3.1263905784741475
402,3,2026-04-01,test,-2.647213404197668,no_change/none,0.0,3.113804678860443,2.647213404197668
402,3,2026-05-01,test,-0.2200220909602812,no_change/none,0.0,3.1076269034863913,0.2200220909602812
402,4,2015-01-01,validation,-0.8633147144703202,no_change/none,0.0,4.911223257768268,0.8633147144703202
402,4,2015-02-01,validation,0.382775586976436,no_change/none,0.0,4.898398140039006,-0.382775586976436
402,4,2015-03-01,validation,1.7208837680639633,no_change/none,0.0,4.889259329924417,-1.7208837680639633
402,4,2015-04-01,validation,1.822592417801694,no_change/none,0.0,4.880120519809825,-1.822592417801694
402,4,2015-05-01,validation,0.6721100673077629,no_change/none,0.0,4.870981709695235,-0.6721100673077629
402,4,2015-06-01,validation,-0.5747142255567717,no_change/none,0.0,4.861842899580645,0.5747142255567717
402,4,2015-07-01,validation,-1.2398823596854849,no_change/none,0.0,4.852704089466053,1.2398823596854849
402,4,2015-08-01,validation,-1.4361185068128002,no_change/none,0.0,4.834724251357941,1.4361185068128002
402,4,2015-09-01,validation,-0.8649741579483283,no_change/none,0.0,4.816744413249826,0.8649741579483283
402,4,2015-10-01,validation,-1.4514042884254508,no_change/none,0.0,4.798764575141715,1.4514042884254508
402,4,2015-11-01,validation,-1.547419658259752,no_change/none,0.0,4.780784737033603,1.547419658259752
402,4,2015-12-01,validation,-0.3864739109888937,no_change/none,0.0,4.762804898925488,0.3864739109888937
402,4,2016-01-01,validation,-0.3868476777920016,no_change/none,0.0,4.732066063145732,0.3868476777920016
402,4,2016-02-01,validation,0.4861458286245401,no_change/none,0.0,4.701327227365971,-0.4861458286245401
402,4,2016-03-01,validation,-1.769957709940062,no_change/none,0.0,4.670588391586215,1.769957709940062
402,4,2016-04-01,validation,-2.449902048832442,no_change/none,0.0,4.639849555806459,2.449902048832442
402,4,2016-05-01,validation,-2.5516595381823493,no_change/none,0.0,4.609110720026699,2.5516595381823493
402,4,2016-06-01,validation,-2.5541663523783953,no_change/none,0.0,4.5877622035004615,2.5541663523783953
402,4,2016-07-01,validation,-0.5970166986504211,no_change/none,0.0,4.566413686974221,0.5970166986504211
402,4,2016-08-01,validation,0.1982161203991417,no_change/none,0.0,4.545065170447985,-0.1982161203991417
402,4,2016-09-01,validation,0.4957868360786932,no_change/none,0.0,4.523716653921747,-0.4957868360786932
402,4,2016-10-01,validation,0.5952398527295344,no_change/none,0.0,4.502368137395507,-0.5952398527295344
402,4,2016-11-01,validation,2.464392828374873,no_change/none,0.0,4.488466252061017,-2.464392828374873
402,4,2016-12-01,validation,2.638159839422194,no_change/none,0.0,4.474564366726526,-2.638159839422194
402,4,2017-01-01,validation,3.880215185647984,no_change/none,0.0,4.460662481392035,-3.880215185647984
402,4,2017-02-01,validation,3.9753174277183945,no_change/none,0.0,4.446760596057545,-3.9753174277183945
402,4,2017-03-01,validation,1.9287000941978327,no_change/none,0.0,4.432858710723053,-1.9287000941978327
402,4,2017-04-01,validation,0.9597002641009488,no_change/none,0.0,4.422715853362807,-0.9597002641009488
402,4,2017-05-01,validation,0.0,no_change/none,0.0,4.41257299600256,0.0
402,4,2017-06-01,validation,-0.6676228898744085,no_change/none,0.0,4.402430138642313,0.6676228898744085
402,4,2017-07-01,validation,-0.8633147144703202,no_change/none,0.0,4.392287281282067,0.8633147144703202
402,4,2017-08-01,validation,-0.4786988557224703,no_change/none,0.0,4.382144423921819,0.4786988557224703
402,4,2017-09-01,validation,-1.3410162647423896,no_change/none,0.0,4.3761749378255566,1.3410162647423896
402,4,2017-10-01,validation,-0.287494208559913,no_change/none,0.0,4.370205451729295,0.287494208559913
402,4,2017-11-01,validation,0.6721100673077629,no_change/none,0.0,4.364235965633032,-0.6721100673077629
402,4,2017-12-01,validation,0.0,no_change/none,0.0,4.358266479536771,0.0
402,4,2018-01-01,validation,0.0,no_change/none,0.0,4.352296993440508,0.0
402,4,2018-02-01,validation,-0.8674753193673723,no_change/none,0.0,4.318779793462417,0.8674753193673723
402,4,2018-03-01,validation,-1.5429428564861958,no_change/none,0.0,4.285262593484326,1.5429428564861958
402,4,2018-04-01,validation,-0.8674753193673723,no_change/none,0.0,4.251745393506231,0.8674753193673723
402,4,2018-05-01,validation,-0.5802724212567334,no_change/none,0.0,4.21822819352814,0.5802724212567334
402,4,2018-06-01,validation,-0.4852023104527703,no_change/none,0.0,4.184710993550045,0.4852023104527703
402,4,2018-07-01,validation,-0.389484426154052,no_change/none,0.0,4.142832280383717,0.389484426154052
402,4,2018-08-01,validation,-0.1937985102678396,no_change/none,0.0,4.100953567217389,0.1937985102678396
402,4,2018-09-01,validation,0.9652584598009106,no_change/none,0.0,4.0590748540510555,-0.9652584598009106
402,4,2018-10-01,validation,1.1605546120307508,no_change/none,0.0,4.017196140884728,-1.1605546120307508
402,4,2018-11-01,validation,1.2603172153324849,no_change/none,0.0,3.9753174277183945,-1.2603172153324849
402,4,2018-12-01,validation,1.444416060790843,no_change/none,0.0,3.9562969793043137,-1.444416060790843
402,4,2019-01-01,test,0.4791576009899323,no_change/none,0.0,3.937276530890232,-0.4791576009899323
402,4,2019-02-01,test,0.3838776307166114,no_change/none,0.0,3.918256082476149,-0.3838776307166114
402,4,2019-03-01,test,2.755518757591968,no_change/none,0.0,3.899235634062068,-2.755518757591968
402,4,2019-04-01,test,1.2351700976537927,no_change/none,0.0,3.880215185647984,-1.2351700976537927
402,4,2019-05-01,test,0.0,no_change/none,0.0,3.81430591765659,0.0
402,4,2019-06-01,test,0.4777839953712615,no_change/none,0.0,3.748396649665197,-0.4777839953712615
402,4,2019-07-01,test,-2.0834086902842053,no_change/none,0.0,3.682487381673793,2.0834086902842053
402,4,2019-08-01,test,-1.714327698643725,no_change/none,0.0,3.6165781136824,1.714327698643725
402,4,2019-09-01,test,0.2863963771428501,no_change/none,0.0,3.5506688456909963,-0.2863963771428501
402,4,2019-10-01,test,0.6650855869909655,no_change/none,0.0,3.5434828318656924,-0.6650855869909655
402,4,2019-11-01,test,1.4252022707201384,no_change/none,0.0,3.5362968180403884,-1.4252022707201384
402,4,2019-12-01,test,1.6198543803275456,no_change/none,0.0,3.529110804215083,-1.6198543803275456
402,4,2020-01-01,test,0.3805903737678306,no_change/none,0.0,3.5219247903897792,-0.3805903737678306
402,4,2020-02-01,test,0.8486613877319193,no_change/none,0.0,3.5147387765644744,-0.8486613877319193
402,4,2020-03-01,test,-0.9478743954543845,no_change/none,0.0,3.485429828987156,0.9478743954543845
402,4,2020-04-01,test,-0.8543004021947631,no_change/none,0.0,3.456120881409838,0.8543004021947631
402,4,2020-05-01,test,0.0949216967332411,no_change/none,0.0,3.426811933832515,-0.0949216967332411
402,4,2020-06-01,test,-1.038234904221813,no_change/none,0.0,3.397502986255197,1.038234904221813
402,4,2020-07-01,test,2.3530497410193973,no_change/none,0.0,3.368194038677874,-2.3530497410193973
402,4,2020-08-01,test,3.5584278724912544,no_change/none,0.0,3.3224549009722386,-3.5584278724912544
402,4,2020-09-01,test,4.725288485054602,no_change/none,0.0,3.276715763266603,-4.725288485054602
402,4,2020-10-01,test,5.086625824905955,no_change/none,0.0,3.230976625560961,-5.086625824905955
402,4,2020-11-01,test,4.812549149624168,no_change/none,0.0,3.1852374878553253,-4.812549149624168
402,4,2020-12-01,test,4.144737390679687,no_change/none,0.0,3.368194038677874,-4.144737390679687
402,4,2021-01-01,test,4.338883311619135,no_change/none,0.0,3.485429828987156,-4.338883311619135
402,4,2021-02-01,test,6.459487662801955,no_change/none,0.0,3.5362968180403884,-6.459487662801955
402,4,2021-03-01,test,5.098296255166357,no_change/none,0.0,3.5537724564110995,-5.098296255166357
402,4,2021-04-01,test,7.807186195082139,no_change/none,0.0,3.6227853351226056,-7.807186195082139
402,4,2021-05-01,test,6.9454925324443195,no_change/none,0.0,3.880215185647984,-6.9454925324443195
402,4,2021-06-01,test,5.588964648852457,no_change/none,0.0,3.9562969793043137,-5.588964648852457
402,4,2021-07-01,test,5.968260533585568,no_change/none,0.0,4.0769694054951735,-5.968260533585568
402,4,2021-08-01,test,2.658231428155844,no_change/none,0.0,4.16072683182783,-2.658231428155844
402,4,2021-09-01,test,0.805157328754813,no_change/none,0.0,4.2155454571638655,-0.805157328754813
402,4,2021-10-01,test,1.2708669854228027,no_change/none,0.0,4.338883311619135,-1.2708669854228027
402,4,2021-11-01,test,2.6626475115322457,no_change/none,0.0,4.349614257076233,-2.6626475115322457
402,4,2021-12-01,test,5.715841383994835,no_change/none,0.0,4.3469315207119585,-5.715841383994835
402,4,2022-01-01,test,7.862291052771919,no_change/none,0.0,4.344248784347684,-7.862291052771919
402,4,2022-02-01,test,6.3452691111336,no_change/none,0.0,4.3415660479834095,-6.3452691111336
402,4,2022-03-01,test,5.561162312165013,no_change/none,0.0,4.338883311619135,-5.561162312165013
402,4,2022-04-01,test,1.3423020332140825,no_change/none,0.0,4.349614257076233,-1.3423020332140825
402,4,2022-05-01,test,-0.3713335124660766,no_change/none,0.0,4.370205451729295,0.3713335124660766
402,4,2022-06-01,test,-1.3423020332140825,no_change/none,0.0,4.402430138642313,1.3423020332140825
402,4,2022-07-01,test,-3.8752986297233782,no_change/none,0.0,4.446760596057545,3.8752986297233782
402,4,2022-08-01,test,-3.466812894587701,no_change/none,0.0,4.432858710723053,3.466812894587701
402,4,2022-09-01,test,-3.713954694945621,no_change/none,0.0,4.422715853362807,3.713954694945621
402,4,2022-10-01,test,-4.295138719559954,no_change/none,0.0,4.41257299600256,4.295138719559954
402,4,2022-11-01,test,-5.145328158891527,no_change/none,0.0,4.402430138642313,5.145328158891527
402,4,2022-12-01,test,-4.71044691874738,no_change/none,0.0,4.392287281282067,4.71044691874738
402,4,2023-01-01,test,-2.978276554339132,no_change/none,0.0,4.382144423921819,2.978276554339132
402,4,2023-02-01,test,-2.379176455733667,no_change/none,0.0,4.3761749378255566,2.379176455733667
402,4,2023-03-01,test,-1.288262583101396,no_change/none,0.0,4.370205451729295,1.288262583101396
402,4,2023-04-01,test,-2.112182502928217,no_change/none,0.0,4.364235965633032,2.112182502928217
402,4,2023-05-01,test,-3.893435797545486,no_change/none,0.0,4.358266479536771,3.893435797545486
402,4,2023-06-01,test,-2.108756162009584,no_change/none,0.0,4.352296993440508,2.108756162009584
402,4,2023-07-01,test,-0.406009489929815,no_change/none,0.0,4.349614257076233,0.406009489929815
402,4,2023-08-01,test,2.192536062896533,no_change/none,0.0,4.3469315207119585,-2.192536062896533
402,4,2023-09-01,test,4.13181493307313,no_change/none,0.0,4.344248784347684,-4.13181493307313
402,4,2023-10-01,test,4.1739606172765065,no_change/none,0.0,4.3415660479834095,-4.1739606172765065
402,4,2023-11-01,test,5.076426920582211,no_change/none,0.0,4.338883311619135,-5.076426920582211
402,4,2023-12-01,test,3.4731194040380053,no_change/none,0.0,4.308048848005319,-3.4731194040380053
402,4,2024-01-01,test,3.585730989085256,no_change/none,0.0,4.2772143843915025,-3.585730989085256
402,4,2024-02-01,test,4.609110720026699,no_change/none,0.0,4.246379920777682,-4.609110720026699
402,4,2024-03-01,test,2.4447359648465117,no_change/none,0.0,4.3415660479834095,-2.4447359648465117
402,4,2024-04-01,test,3.5813351157403694,no_change/none,0.0,4.338883311619135,-3.5813351157403694
402,4,2024-05-01,test,3.387602812382262,no_change/none,0.0,4.308048848005319,-3.387602812382262
402,4,2024-06-01,test,2.7398974188114877,no_change/none,0.0,4.3469315207119585,-2.7398974188114877
402,4,2024-07-01,test,4.1395414988969925,no_change/none,0.0,4.344248784347684,-4.1395414988969925
402,4,2024-08-01,test,4.536256869716393,no_change/none,0.0,4.3415660479834095,-4.536256869716393
402,4,2024-09-01,test,5.121927240298696,no_change/none,0.0,4.338883311619135,-5.121927240298696
402,4,2024-10-01,test,5.402877525808325,no_change/none,0.0,4.308048848005319,-5.402877525808325
402,4,2024-11-01,test,5.699748690043194,no_change/none,0.0,4.2772143843915025,-5.699748690043194
402,4,2024-12-01,test,5.969850093357021,no_change/none,0.0,4.344248784347684,-5.969850093357021
402,4,2025-01-01,test,5.871993820471566,no_change/none,0.0,4.358266479536771,-5.871993820471566
402,4,2025-02-01,test,5.846474975400362,no_change/none,0.0,4.382144423921819,-5.846474975400362
402,4,2025-03-01,test,3.4289073478631416,no_change/none,0.0,4.422715853362807,-3.4289073478631416
402,4,2025-04-01,test,0.7385062097461592,no_change/none,0.0,4.474564366726527,-0.7385062097461592
402,4,2025-05-01,test,-2.6202372394023676,no_change/none,0.0,4.5159236303238615,2.6202372394023676
402,4,2025-06-01,test,-5.915703084776425,no_change/none,0.0,4.550827639778455,5.915703084776425
402,4,2025-07-01,test,-5.992262108560453,no_change/none,0.0,4.536256869716393,5.992262108560453
402,4,2025-08-01,test,-6.066642871039818,no_change/none,0.0,4.529479123252216,6.066642871039818
402,4,2025-09-01,test,-5.312220239407228,no_change/none,0.0,4.5227013767880395,5.312220239407228
402,4,2025-10-01,test,-4.533354130152123,no_change/none,0.0,4.5159236303238615,4.533354130152123
402,4,2025-11-01,test,-1.9844733445789409,no_change/none,0.0,4.509145883859685,1.9844733445789409
402,4,2025-12-01,test,-2.082660554078508,no_change/none,0.0,4.502368137395507,2.082660554078508
402,4,2026-01-01,test,-2.030526616074546,no_change/none,0.0,4.488466252061017,2.030526616074546
402,4,2026-02-01,test,-1.902032467903059,no_change/none,0.0,4.474564366726527,1.902032467903059
402,4,2026-03-01,test,-4.0166041725334445,no_change/none,0.0,4.460662481392035,4.0166041725334445
402,4,2026-04-01,test,-1.1678964864146657,no_change/none,0.0,4.446760596057545,1.1678964864146657
402,5,2015-01-01,validation,0.0,no_change/none,0.0,5.78851687937883,0.0
402,5,2015-02-01,validation,1.1439590909394504,no_change/none,0.0,5.767111190928757,-1.1439590909394504
402,5,2015-03-01,validation,1.4361185068128002,no_change/none,0.0,5.745705502478682,-1.4361185068128002
402,5,2015-04-01,validation,1.1549695279272854,no_change/none,0.0,5.723253894283521,-1.1549695279272854
402,5,2015-05-01,validation,0.2886004889135485,no_change/none,0.0,5.700802286088357,-0.2886004889135485
402,5,2015-06-01,validation,-0.4786988557224703,no_change/none,0.0,5.678350677893197,0.4786988557224703
402,5,2015-07-01,validation,-1.7208837680639633,no_change/none,0.0,5.655899069698036,1.7208837680639633
402,5,2015-08-01,validation,-1.5325970478227369,no_change/none,0.0,5.633447461502872,1.5325970478227369
402,5,2015-09-01,validation,-1.8349138668196652,no_change/none,0.0,5.5991796588068095,1.8349138668196652
402,5,2015-10-01,validation,-1.4514042884254508,no_change/none,0.0,5.564911856110743,1.4514042884254508
402,5,2015-11-01,validation,-0.8674753193673723,no_change/none,0.0,5.53064405341468,0.8674753193673723
402,5,2015-12-01,validation,-0.4833262188019382,no_change/none,0.0,5.496376250718618,0.4833262188019382
402,5,2016-01-01,validation,-0.4837938802467967,no_change/none,0.0,5.462108448022551,0.4837938802467967
402,5,2016-02-01,validation,-1.769957709940062,no_change/none,0.0,5.4156767464750315,1.769957709940062
402,5,2016-03-01,validation,-1.769957709940062,no_change/none,0.0,5.3692450449275055,1.769957709940062
402,5,2016-04-01,validation,-2.648511845995394,no_change/none,0.0,5.322813343379985,2.648511845995394
402,5,2016-05-01,validation,-2.6511125548331904,no_change/none,0.0,5.276381641832465,2.6511125548331904
402,5,2016-06-01,validation,-2.8531202372150233,no_change/none,0.0,5.229949940284939,2.8531202372150233
402,5,2016-07-01,validation,0.1982161203991417,no_change/none,0.0,5.216662278261222,-0.1982161203991417
402,5,2016-08-01,validation,0.2971770389157413,no_change/none,0.0,5.203374616237504,-0.2971770389157413
402,5,2016-09-01,validation,0.4957868360786932,no_change/none,0.0,5.190086954213786,-0.4957868360786932
402,5,2016-10-01,validation,2.165438943538245,no_change/none,0.0,5.176799292190069,-2.165438943538245
402,5,2016-11-01,validation,3.4333926584717567,no_change/none,0.0,5.163511630166351,-3.4333926584717567
402,5,2016-12-01,validation,3.979176104164583,no_change/none,0.0,5.160739819476579,-3.979176104164583
402,5,2017-01-01,validation,3.9753174277183945,no_change/none,0.0,5.157968008786806,-3.9753174277183945
402,5,2017-02-01,validation,3.498899185006543,no_change/none,0.0,5.155196198097034,-3.498899185006543
402,5,2017-03-01,validation,1.9287000941978327,no_change/none,0.0,5.152424387407262,-1.9287000941978327
402,5,2017-04-01,validation,1.3410162647423896,no_change/none,0.0,5.149652576717489,-1.3410162647423896
402,5,2017-05-01,validation,-0.5725206478039979,no_change/none,0.0,5.126005411622129,0.5725206478039979
402,5,2017-06-01,validation,-1.3397329571821714,no_change/none,0.0,5.1023582465267685,1.3397329571821714
402,5,2017-07-01,validation,-0.4786988557224703,no_change/none,0.0,5.078711081431405,0.4786988557224703
402,5,2017-08-01,validation,-0.9597002641009488,no_change/none,0.0,5.055063916336044,0.9597002641009488
402,5,2017-09-01,validation,-0.860014856363911,no_change/none,0.0,5.03141675124068,0.860014856363911
402,5,2017-10-01,validation,0.0,no_change/none,0.0,5.026875731265523,0.0
402,5,2017-11-01,validation,0.3846158587478498,no_change/none,0.0,5.022334711290367,-0.3846158587478498
402,5,2017-12-01,validation,-0.4810014083784786,no_change/none,0.0,5.017793691315209,0.4810014083784786
402,5,2018-01-01,validation,-0.3864739109888937,no_change/none,0.0,5.013252671340052,0.3864739109888937
402,5,2018-02-01,validation,-1.2554486479262827,no_change/none,0.0,5.008711651364894,1.2554486479262827
402,5,2018-03-01,validation,-1.1549695279272854,no_change/none,0.0,5.007616796062759,1.1549695279272854
402,5,2018-04-01,validation,-1.061273829635212,no_change/none,0.0,5.006521940760624,1.061273829635212
402,5,2018-05-01,validation,-0.871676221441664,no_change/none,0.0,5.005427085458489,0.871676221441664
402,5,2018-06-01,validation,-0.7774577547129624,no_change/none,0.0,5.004332230156354,0.7774577547129624
402,5,2018-07-01,validation,0.1941748182910707,no_change/none,0.0,5.003237374854219,-0.1941748182910707
402,5,2018-08-01,validation,0.771459949533071,no_change/none,0.0,4.9822695278911775,-0.771459949533071
402,5,2018-09-01,validation,0.8691508118458202,no_change/none,0.0,4.961301680928137,-0.8691508118458202
402,5,2018-10-01,validation,0.9680617710722929,no_change/none,0.0,4.940333833965092,-0.9680617710722929
402,5,2018-11-01,validation,2.0280753052359657,no_change/none,0.0,4.919365987002051,-2.0280753052359657
402,5,2018-12-01,validation,1.444416060790843,no_change/none,0.0,4.898398140039006,-1.444416060790843
402,5,2019-01-01,test,0.287769982761521,no_change/none,0.0,4.892882518340116,-0.287769982761521
402,5,2019-02-01,test,2.56302591663351,no_change/none,0.0,4.887366896641226,-2.56302591663351
402,5,2019-03-01,test,2.0029281875572735,no_change/none,0.0,4.881851274942335,-2.0029281875572735
402,5,2019-04-01,test,0.0,no_change/none,0.0,4.876335653243445,0.0
402,5,2019-05-01,test,0.2863963771428501,no_change/none,0.0,4.870820031544554,-0.2863963771428501
402,5,2019-06-01,test,0.0957395956326934,no_change/none,0.0,4.863027570651806,-0.0957395956326934
402,5,2019-07-01,test,-2.4669182686784197,no_change/none,0.0,4.855235109759058,2.4669182686784197
402,5,2019-08-01,test,-0.9487737205109426,no_change/none,0.0,4.847442648866309,0.9487737205109426
402,5,2019-09-01,test,0.9514819641338156,no_change/none,0.0,4.839650187973562,-0.9514819641338156
402,5,2019-10-01,test,1.0431578709815703,no_change/none,0.0,4.831857727080813,-1.0431578709815703
402,5,2019-11-01,test,1.2363448019333312,no_change/none,0.0,4.781139043774199,-1.2363448019333312
402,5,2019-12-01,test,1.1461443519006131,no_change/none,0.0,4.730420360467585,-1.1461443519006131
402,5,2020-01-01,test,1.5137469747228849,no_change/none,0.0,4.679701677160965,-1.5137469747228849
402,5,2020-02-01,test,-0.5698021114637797,no_change/none,0.0,4.628982993854351,0.5698021114637797
402,5,2020-03-01,test,-1.0431578709815703,no_change/none,0.0,4.5782643105477305,1.0431578709815703
402,5,2020-04-01,test,-0.3787883316936913,no_change/none,0.0,4.539040333222551,0.3787883316936913
402,5,2020-05-01,test,0.0949216967332411,no_change/none,0.0,4.49981635589737,-0.0949216967332411
402,5,2020-06-01,test,0.9345862418236984,no_change/none,0.0,4.460592378572184,-0.9345862418236984
402,5,2020-07-01,test,3.4631443969640685,no_change/none,0.0,4.421368401247005,-3.4631443969640685
402,5,2020-08-01,test,5.2008005555556736,no_change/none,0.0,4.382144423921819,-5.2008005555556736
402,5,2020-09-01,test,5.086625824905955,no_change/none,0.0,4.333859321420486,-5.086625824905955
402,5,2020-10-01,test,6.785370295669679,no_change/none,0.0,4.2855742189191535,-6.785370295669679
402,5,2020-11-01,test,5.254832046624358,no_change/none,0.0,4.237289116417815,-5.254832046624358
402,5,2020-12-01,test,5.981255994683554,no_change/none,0.0,4.189004013916482,-5.981255994683554
402,5,2021-01-01,test,6.820825002653308,no_change/none,0.0,4.382144423921819,-6.820825002653308
402,5,2021-02-01,test,6.797040725930081,no_change/none,0.0,4.539040333222551,-6.797040725930081
402,5,2021-03-01,test,8.249469092082329,no_change/none,0.0,4.730420360467585,-8.249469092082329
402,5,2021-04-01,test,8.782011136448187,no_change/none,0.0,4.847442648866309,-8.782011136448187
402,5,2021-05-01,test,8.07090633988663,no_change/none,0.0,4.876335653243445,-8.07090633988663
402,5,2021-06-01,test,6.305813596713694,no_change/none,0.0,4.898398140039006,-6.305813596713694
402,5,2021-07-01,test,5.809404265071816,no_change/none,0.0,4.9822695278911775,-5.809404265071816
402,5,2021-08-01,test,1.7799822701208612,no_change/none,0.0,5.006521940760624,-1.7799822701208612
402,5,2021-09-01,test,2.396280792865113,no_change/none,0.0,5.017793691315209,-2.396280792865113
402,5,2021-10-01,test,3.379496459393483,no_change/none,0.0,5.042458565973736,-3.379496459393483
402,5,2021-11-01,test,5.556985115481083,no_change/none,0.0,5.086625824905955,-5.556985115481083
402,5,2021-12-01,test,6.9840418947369365,no_change/none,0.0,5.137047226355183,-6.9840418947369365
402,5,2022-01-01,test,7.9363925752439,no_change/none,0.0,5.124441875992877,-7.9363925752439
402,5,2022-02-01,test,7.669791786135693,no_change/none,0.0,5.111836525630569,-7.669791786135693
402,5,2022-03-01,test,4.23663963716292,no_change/none,0.0,5.099231175268263,-4.23663963716292
402,5,2022-04-01,test,0.8968669982760247,no_change/none,0.0,5.149652576717489,-0.8968669982760247
402,5,2022-05-01,test,-1.2682005107421013,no_change/none,0.0,5.160739819476579,1.2682005107421013
402,5,2022-06-01,test,-2.550775954721285,no_change/none,0.0,5.185884985399945,2.550775954721285
402,5,2022-07-01,test,-4.791335569589794,no_change/none,0.0,5.21246030944738,4.791335569589794
402,5,2022-08-01,test,-4.159389729883678,no_change/none,0.0,5.206630432501528,4.159389729883678
402,5,2022-09-01,test,-5.192005717835979,no_change/none,0.0,5.2008005555556736,5.192005717835979
402,5,2022-10-01,test,-6.353802080398729,no_change/none,0.0,5.193342770477809,6.353802080398729
402,5,2022-11-01,test,-5.6264838586137955,no_change/none,0.0,5.185884985399945,5.6264838586137955
402,5,2022-12-01,test,-3.670853389635109,no_change/none,0.0,5.17842720032208,3.670853389635109
402,5,2023-01-01,test,-3.8572274786240257,no_change/none,0.0,5.170969415244216,3.8572274786240257
402,5,2023-02-01,test,-3.346925943940171,no_change/none,0.0,5.163511630166351,3.346925943940171
402,5,2023-03-01,test,-2.593338202650486,no_change/none,0.0,5.160739819476579,2.593338202650486
402,5,2023-04-01,test,-2.853842268433215,no_change/none,0.0,5.157968008786806,2.853842268433215
402,5,2023-05-01,test,-2.9877070862944777,no_change/none,0.0,5.155196198097034,2.9877070862944777
402,5,2023-06-01,test,-1.373758978136319,no_change/none,0.0,5.152424387407262,1.373758978136319
402,5,2023-07-01,test,0.8874604433474431,no_change/none,0.0,5.149652576717489,-0.8874604433474431
402,5,2023-08-01,test,3.390155167568132,no_change/none,0.0,5.137047226355183,-3.390155167568132
402,5,2023-09-01,test,5.079689328527515,no_change/none,0.0,5.124441875992877,-5.079689328527515
402,5,2023-10-01,test,5.811424104455476,no_change/none,0.0,5.111836525630569,-5.811424104455476
402,5,2023-11-01,test,4.7665893373152635,no_change/none,0.0,5.099231175268263,-4.7665893373152635
402,5,2023-12-01,test,4.783350093756855,no_change/none,0.0,5.086625824905955,-4.783350093756855
402,5,2024-01-01,test,5.556985115481083,no_change/none,0.0,5.075584010172901,-5.556985115481083
402,5,2024-02-01,test,4.082199452025481,no_change/none,0.0,5.083851226354579,-4.082199452025481
402,5,2024-03-01,test,3.271497532473422,no_change/none,0.0,5.111836525630569,-3.271497532473422
402,5,2024-04-01,test,4.697833502101112,no_change/none,0.0,5.099231175268263,-4.697833502101112
402,5,2024-05-01,test,4.711151545207315,no_change/none,0.0,5.086625824905955,-4.711151545207315
402,5,2024-06-01,test,3.6126302308957743,no_change/none,0.0,5.137047226355183,-3.6126302308957743
402,5,2024-07-01,test,5.363018437343303,no_change/none,0.0,5.124441875992877,-5.363018437343303
402,5,2024-08-01,test,6.2384256266594384,no_change/none,0.0,5.111836525630569,-6.2384256266594384
402,5,2024-09-01,test,6.726426258633378,no_change/none,0.0,5.099231175268263,-6.726426258633378
402,5,2024-10-01,test,6.572481502127481,no_change/none,0.0,5.086625824905955,-6.572481502127481
402,5,2024-11-01,test,7.1933270318033316,no_change/none,0.0,5.085238525630267,-7.1933270318033316
402,5,2024-12-01,test,7.5741625774146115,no_change/none,0.0,5.124441875992877,-7.5741625774146115
402,5,2025-01-01,test,7.450973993735044,no_change/none,0.0,5.155196198097034,-7.450973993735044
402,5,2025-02-01,test,4.598511324182297,no_change/none,0.0,5.170969415244216,-4.598511324182297
402,5,2025-03-01,test,2.232084551506297,no_change/none,0.0,5.2008005555556736,-2.232084551506297
402,5,2025-04-01,test,-1.015924755344777,no_change/none,0.0,5.224120063339086,1.015924755344777
402,5,2025-05-01,test,-4.336722911512947,no_change/none,0.0,5.244879204088591,4.336722911512947
402,5,2025-06-01,test,-7.240225759778518,no_change/none,0.0,5.298106602911937,7.240225759778518
402,5,2025-07-01,test,-7.263465667396662,no_change/none,0.0,5.276469324768149,7.263465667396662
402,5,2025-08-01,test,-7.066651204498164,no_change/none,0.0,5.254832046624358,7.066651204498164
402,5,2025-09-01,test,-6.249839802262702,no_change/none,0.0,5.249855625356474,6.249839802262702
402,5,2025-10-01,test,-3.308996019581034,no_change/none,0.0,5.244879204088591,3.308996019581034
402,5,2025-11-01,test,-3.3538641129147173,no_change/none,0.0,5.239902782820707,3.3538641129147173
402,5,2025-12-01,test,-3.0305349495328926,no_change/none,0.0,5.234926361552823,3.0305349495328926
402,5,2026-01-01,test,-2.8396520307585327,no_change/none,0.0,5.229949940284939,2.8396520307585327
402,5,2026-02-01,test,-2.7922460619623557,no_change/none,0.0,5.224120063339086,2.7922460619623557
402,5,2026-03-01,test,-2.537287254750442,no_change/none,0.0,5.218290186393234,2.537287254750442
402,6,2015-01-01,validation,0.7611835039630144,no_change/none,0.0,6.9317346375759925,-0.7611835039630144
402,6,2015-02-01,validation,0.8591938296882873,no_change/none,0.0,6.9256668078621075,-0.8591938296882873
402,6,2015-03-01,validation,0.7684956169383916,no_change/none,0.0,6.9195989781482234,-0.7684956169383916
402,6,2015-04-01,validation,0.771459949533071,no_change/none,0.0,6.913531148434338,-0.771459949533071
402,6,2015-05-01,validation,0.3846158587478498,no_change/none,0.0,6.887276845522694,-0.3846158587478498
402,6,2015-06-01,validation,-0.9597002641009488,no_change/none,0.0,6.861022542611045,0.9597002641009488
402,6,2015-07-01,validation,-1.8173623090739,no_change/none,0.0,6.834768239699401,1.8173623090739
402,6,2015-08-01,validation,-2.5025367566940737,no_change/none,0.0,6.808513936787757,2.5025367566940737
402,6,2015-09-01,validation,-1.8349138668196652,no_change/none,0.0,6.782259633876109,1.8349138668196652
402,6,2015-10-01,validation,-0.771459949533071,no_change/none,0.0,6.769068603298401,0.771459949533071
402,6,2015-11-01,validation,-0.9643276271804168,no_change/none,0.0,6.755877572720692,0.9643276271804168
402,6,2015-12-01,validation,-0.5802724212567334,no_change/none,0.0,6.742686542142984,0.5802724212567334
402,6,2016-01-01,validation,-2.739897418811399,no_change/none,0.0,6.729495511565276,2.739897418811399
402,6,2016-02-01,validation,-1.769957709940062,no_change/none,0.0,6.716304480987567,1.769957709940062
402,6,2016-03-01,validation,-1.968567507103014,no_change/none,0.0,6.7132577904492585,1.968567507103014
402,6,2016-04-01,validation,-2.747964862646235,no_change/none,0.0,6.71021109991095,2.747964862646235
402,6,2016-05-01,validation,-2.9500664396698184,no_change/none,0.0,6.707164409372641,2.9500664396698184
402,6,2016-06-01,validation,-2.0578874181654605,no_change/none,0.0,6.704117718834333,2.0578874181654605
402,6,2016-07-01,validation,0.2971770389157413,no_change/none,0.0,6.701071028296024,-0.2971770389157413
402,6,2016-08-01,validation,0.2971770389157413,no_change/none,0.0,6.690336391986183,-0.2971770389157413
402,6,2016-09-01,validation,2.0659859268874037,no_change/none,0.0,6.679601755676341,-2.0659859268874037
402,6,2016-10-01,validation,3.1344387736351287,no_change/none,0.0,6.6688671193664995,-3.1344387736351287
402,6,2016-11-01,validation,4.774408923214146,no_change/none,0.0,6.658132483056659,-4.774408923214146
402,6,2016-12-01,validation,4.074278346234994,no_change/none,0.0,6.647397846746816,-4.074278346234994
402,6,2017-01-01,validation,3.498899185006543,no_change/none,0.0,6.523957365996072,-3.498899185006543
402,6,2017-02-01,validation,3.498899185006543,no_change/none,0.0,6.40051688524531,-3.498899185006543
402,6,2017-03-01,validation,2.3100160948392734,no_change/none,0.0,6.277076404494565,-2.3100160948392734
402,6,2017-04-01,validation,0.7684956169383916,no_change/none,0.0,6.1536359237438205,-0.7684956169383916
402,6,2017-05-01,validation,-1.2446307151117608,no_change/none,0.0,6.030195442993058,1.2446307151117608
402,6,2017-06-01,validation,-0.9551170984343216,no_change/none,0.0,5.994703143340258,0.9551170984343216
402,6,2017-07-01,validation,-0.9597002641009488,no_change/none,0.0,5.959210843687459,0.9597002641009488
402,6,2017-08-01,validation,-0.4786988557224703,no_change/none,0.0,5.923718544034654,0.4786988557224703
402,6,2017-09-01,validation,-0.5725206478039979,no_change/none,0.0,5.888226244381854,0.5725206478039979
402,6,2017-10-01,validation,-0.287494208559913,no_change/none,0.0,5.852733944729049,0.287494208559913
402,6,2017-11-01,validation,-0.0963855496306287,no_change/none,0.0,5.8521112894154115,0.0963855496306287
402,6,2017-12-01,validation,-0.8674753193673723,no_change/none,0.0,5.851488634101774,0.8674753193673723
402,6,2018-01-01,validation,-0.7744472395478041,no_change/none,0.0,5.850865978788136,0.7744472395478041
402,6,2018-02-01,validation,-0.8674753193673723,no_change/none,0.0,5.850243323474498,0.8674753193673723
402,6,2018-03-01,validation,-1.348768038195125,no_change/none,0.0,5.84962066816086,1.348768038195125
402,6,2018-04-01,validation,-1.3526776298201426,no_change/none,0.0,5.786698436191994,1.3526776298201426
402,6,2018-05-01,validation,-1.163931665701856,no_change/none,0.0,5.723776204223128,1.163931665701856
402,6,2018-06-01,validation,-0.1937985102678396,no_change/none,0.0,5.6608539722542535,0.1937985102678396
402,6,2018-07-01,validation,1.1594332780919814,no_change/none,0.0,5.597931740285388,-1.1594332780919814
402,6,2018-08-01,validation,0.6753523015779805,no_change/none,0.0,5.535009508316513,-0.6753523015779805
402,6,2018-09-01,validation,0.6766579708873621,no_change/none,0.0,5.485056770219415,-0.6766579708873621
402,6,2018-10-01,validation,1.7358198609757736,no_change/none,0.0,5.435104032122316,-1.7358198609757736
402,6,2018-11-01,validation,2.0280753052359657,no_change/none,0.0,5.385151294025212,-2.0280753052359657
402,6,2018-12-01,validation,1.2530284425624316,no_change/none,0.0,5.335198555928113,-1.2530284425624316
402,6,2019-01-01,test,2.4669182686784197,no_change/none,0.0,5.285245817831008,-2.4669182686784197
402,6,2019-02-01,test,1.8104353465988152,no_change/none,0.0,5.274186642321795,-1.8104353465988152
402,6,2019-03-01,test,0.7677580899034808,no_change/none,0.0,5.263127466812581,-0.7677580899034808
402,6,2019-04-01,test,0.2863963771428501,no_change/none,0.0,5.252068291303367,-0.2863963771428501
402,6,2019-05-01,test,-0.0956480225957179,no_change/none,0.0,5.241009115794154,0.0956480225957179
402,6,2019-06-01,test,-0.287769982761521,no_change/none,0.0,5.229949940284939,0.287769982761521
402,6,2019-07-01,test,-1.7013642905456372,no_change/none,0.0,5.165752156158415,1.7013642905456372
402,6,2019-08-01,test,-0.283688133519977,no_change/none,0.0,5.101554372031892,0.283688133519977
402,6,2019-09-01,test,1.3295542481244205,no_change/none,0.0,5.037356587905359,-1.3295542481244205
402,6,2019-10-01,test,0.8543004021947631,no_change/none,0.0,4.973158803778835,-0.8543004021947631
402,6,2019-11-01,test,0.7626347735063987,no_change/none,0.0,4.908961019652303,-0.7626347735063987
402,6,2019-12-01,test,2.2793009528556674,no_change/none,0.0,4.882050600364673,-2.2793009528556674
402,6,2020-01-01,test,0.0952834755271858,no_change/none,0.0,4.855140181077043,-0.0952834755271858
402,6,2020-02-01,test,-0.6650855869909655,no_change/none,0.0,4.82822976178941,0.6650855869909655
402,6,2020-03-01,test,-0.5676458004804985,no_change/none,0.0,4.80131934250178,0.5676458004804985
402,6,2020-04-01,test,-0.3787883316936913,no_change/none,0.0,4.774408923214146,0.3787883316936913
402,6,2020-05-01,test,2.0677428427787525,no_change/none,0.0,4.758421823875097,-2.0677428427787525
402,6,2020-06-01,test,2.0446808977683695,no_change/none,0.0,4.742434724536048,-2.0446808977683695
402,6,2020-07-01,test,5.105517080028488,no_change/none,0.0,4.726447625196998,-5.105517080028488
402,6,2020-08-01,test,5.562137895407027,no_change/none,0.0,4.710460525857949,-5.562137895407027
402,6,2020-09-01,test,6.785370295669679,no_change/none,0.0,4.694473426518897,-6.785370295669679
402,6,2020-10-01,test,7.227653192669869,no_change/none,0.0,4.665621989272479,-7.227653192669869
402,6,2020-11-01,test,7.091350650628225,no_change/none,0.0,4.636770552026061,-7.091350650628225
402,6,2020-12-01,test,8.463197685717727,no_change/none,0.0,4.607919114779638,-8.463197685717727
402,6,2021-01-01,test,7.158378065781434,no_change/none,0.0,4.710460525857949,-7.158378065781434
402,6,2021-02-01,test,9.948213562846052,no_change/none,0.0,4.774408923214146,-9.948213562846052
402,6,2021-03-01,test,9.224294033448375,no_change/none,0.0,4.882050600364673,-9.224294033448375
402,6,2021-04-01,test,9.907424943890495,no_change/none,0.0,5.026894655878018,-9.907424943890495
402,6,2021-05-01,test,8.787755287747867,no_change/none,0.0,5.155290224131069,-8.787755287747867
402,6,2021-06-01,test,6.146957328199942,no_change/none,0.0,5.241009115794154,-6.146957328199942
402,6,2021-07-01,test,4.931155107036833,no_change/none,0.0,5.285245817831008,-4.931155107036833
402,6,2021-08-01,test,3.371105734231161,no_change/none,0.0,5.485056770219415,-3.371105734231161
402,6,2021-09-01,test,4.504910266835793,no_change/none,0.0,5.551286540570822,-4.504910266835793
402,6,2021-10-01,test,6.273834063342321,no_change/none,0.0,5.677131004508562,-6.273834063342321
402,6,2021-11-01,test,6.825185626223185,no_change/none,0.0,5.850243323474498,-6.825185626223185
402,6,2021-12-01,test,7.0581434172089175,no_change/none,0.0,5.852733944729049,-7.0581434172089175
402,6,2022-01-01,test,9.260915250245992,no_change/none,0.0,5.8521112894154115,-9.260915250245992
402,6,2022-02-01,test,6.3452691111336,no_change/none,0.0,5.851488634101774,-6.3452691111336
402,6,2022-03-01,test,3.7912046022248624,no_change/none,0.0,5.850865978788136,-3.7912046022248624
402,6,2022-04-01,test,0.0,no_change/none,0.0,5.888226244381854,0.0
402,6,2022-05-01,test,-2.476674432249304,no_change/none,0.0,6.030195442993058,2.476674432249304
402,6,2022-06-01,test,-3.466812894587701,no_change/none,0.0,6.123604951158566,3.466812894587701
402,6,2022-07-01,test,-5.483912404885771,no_change/none,0.0,6.223083369285372,5.483912404885771
402,6,2022-08-01,test,-5.637440752774037,no_change/none,0.0,6.302408082458832,5.637440752774037
402,6,2022-09-01,test,-7.250669078674754,no_change/none,0.0,6.288121072900577,7.250669078674754
402,6,2022-10-01,test,-6.834957780120998,no_change/none,0.0,6.273834063342321,6.834957780120998
402,6,2022-11-01,test,-4.586890329501525,no_change/none,0.0,6.248458716313847,4.586890329501525
402,6,2022-12-01,test,-4.549804313920003,no_change/none,0.0,6.223083369285372,4.549804313920003
402,6,2023-01-01,test,-4.82497696683053,no_change/none,0.0,6.1977080222568945,4.82497696683053
402,6,2023-02-01,test,-4.652001563489261,no_change/none,0.0,6.17233267522842,4.652001563489261
402,6,2023-03-01,test,-3.334997968155484,no_change/none,0.0,6.146957328199942,3.334997968155484
402,6,2023-04-01,test,-1.9481135571822072,no_change/none,0.0,6.123604951158566,1.9481135571822072
402,6,2023-05-01,test,-2.2527099024212127,no_change/none,0.0,6.100252574117191,2.2527099024212127
402,6,2023-06-01,test,-0.0802890448590609,no_change/none,0.0,6.076900197075813,0.0802890448590609
402,6,2023-07-01,test,2.085079548019042,no_change/none,0.0,6.053547820034437,-2.085079548019042
402,6,2023-08-01,test,4.338029563022516,no_change/none,0.0,6.030195442993058,-4.338029563022516
402,6,2023-09-01,test,6.717152815706484,no_change/none,0.0,5.994703143340258,-6.717152815706484
402,6,2023-10-01,test,5.501586521188528,no_change/none,0.0,5.959210843687459,-5.501586521188528
402,6,2023-11-01,test,6.076820027034113,no_change/none,0.0,5.923718544034654,-6.076820027034113
402,6,2023-12-01,test,6.754604220152682,no_change/none,0.0,5.888226244381854,-6.754604220152682
402,6,2024-01-01,test,5.030073847479866,no_change/none,0.0,5.852733944729049,-5.030073847479866
402,6,2024-02-01,test,4.908961019652391,no_change/none,0.0,5.8521112894154115,-4.908961019652391
402,6,2024-03-01,test,4.387995918834164,no_change/none,0.0,5.959210843687459,-4.387995918834164
402,6,2024-04-01,test,6.021382234926165,no_change/none,0.0,5.923718544034654,-6.021382234926165
402,6,2024-05-01,test,5.583884357291602,no_change/none,0.0,6.03952035980127,-5.583884357291602
402,6,2024-06-01,test,4.836107169342085,no_change/none,0.0,6.076820027034113,-4.836107169342085
402,6,2024-07-01,test,7.065187194286349,no_change/none,0.0,6.067495110225903,-7.065187194286349
402,6,2024-08-01,test,7.84292464499412,no_change/none,0.0,6.058170193417692,-7.84292464499412
402,6,2024-09-01,test,7.896030234952533,no_change/none,0.0,6.04884527660948,-7.896030234952533
402,6,2024-10-01,test,8.066059843887619,no_change/none,0.0,6.03952035980127,-8.066059843887619
402,6,2024-11-01,test,8.797639515860922,no_change/none,0.0,6.030195442993058,-8.797639515860922
402,6,2024-12-01,test,9.15314275067809,no_change/none,0.0,6.0284328013796795,-9.15314275067809
402,6,2025-01-01,test,6.203010342516979,no_change/none,0.0,6.058170193417692,-6.203010342516979
402,6,2025-02-01,test,3.4016885278254527,no_change/none,0.0,6.104874947500445,-3.4016885278254527
402,6,2025-03-01,test,0.4776535864153608,no_change/none,0.0,6.17233267522842,-0.4776535864153608
402,6,2025-04-01,test,-2.732410427455356,no_change/none,0.0,6.273834063342321,2.732410427455356
402,6,2025-05-01,test,-5.66124558651504,no_change/none,0.0,6.330982101575345,5.66124558651504
402,6,2025-06-01,test,-8.511429318614727,no_change/none,0.0,6.526546352501537,8.511429318614727
402,6,2025-07-01,test,-8.263474000855009,no_change/none,0.0,6.466120605378888,8.263474000855009
402,6,2025-08-01,test,-8.004270767353638,no_change/none,0.0,6.405694858256249,8.004270767353638
402,6,2025-09-01,test,-5.025481691691613,no_change/none,0.0,6.3452691111336,5.025481691691613
402,6,2025-10-01,test,-4.678386787916811,no_change/none,0.0,6.330982101575345,4.678386787916811
402,6,2025-11-01,test,-4.301738508369102,no_change/none,0.0,6.31669509201709,4.301738508369102
402,6,2025-12-01,test,-3.839660364216879,no_change/none,0.0,6.302408082458832,3.839660364216879
402,6,2026-01-01,test,-3.7298656248178297,no_change/none,0.0,6.288121072900577,3.7298656248178297
402,6,2026-02-01,test,-1.3129291441793534,no_change/none,0.0,6.273834063342321,1.3129291441793534
318,2,2015-01-01,validation,-3.77863356661381,ridge/3,-0.3971434583866134,1.570734361237919,3.3814901082271964
318,2,2015-02-01,validation,-4.087256214181778,ridge/3,-1.897655414018716,1.5509779385093654,2.189600800163062
318,2,2015-03-01,validation,-0.6230549750636527,ridge/3,-2.0997644750224,1.531221515780815,-1.4767094999587473
318,2,2015-04-01,validation,0.8810629682154847,ridge/3,-1.641077761413051,1.511465093052264,-2.5221407296285356
318,2,2015-05-01,validation,-0.8788506033078569,ridge/3,-0.5069731570454976,1.4917086703237104,0.3718774462623593
318,2,2015-06-01,validation,-1.8975901459005409,ridge/3,-1.0720797898639212,1.4764859208616177,0.8255103560366197
318,2,2015-07-01,validation,-1.9096697456456369,ridge/3,-2.1153211180413796,1.4612631713995223,-0.20565137239574272
318,2,2015-08-01,validation,-1.9342962843131415,ridge/3,-1.8521315468499824,1.4460404219374294,0.08216473746315911
318,2,2015-09-01,validation,-2.472474678276182,ridge/3,-1.9643315231621272,1.4308176724753363,0.5081431551140547
318,2,2015-10-01,validation,-2.1053409197832273,ridge/3,-1.8390281528290977,1.4155949230132414,0.26631276695412964
318,2,2015-11-01,validation,-4.721038500991348,ridge/3,-1.9596680675831415,1.4155949230132414,2.7613704334082065
318,2,2015-12-01,validation,-5.747135391447866,ridge/3,-2.8024588727942032,1.4155949230132414,2.944676518653663
318,2,2016-01-01,validation,-3.6572289623344463,ridge/3,-3.500648271329151,1.4155949230132414,0.15658069100529515
318,2,2016-02-01,validation,-1.1331566009549654,ridge/3,-1.4558625325374317,1.4155949230132414,-0.3227059315824663
318,2,2016-03-01,validation,-1.152750517106682,ridge/3,-0.7791373209951513,1.4155949230132414,0.37361319611153077
318,2,2016-04-01,validation,-2.597548640326064,ridge/3,1.1387314043911665,1.4115502338878907,3.7362800447172306
318,2,2016-05-01,validation,-2.4946267946577727,ridge/3,-0.6191658840464944,1.4075055447625393,1.8754609106112783
318,2,2016-06-01,validation,-2.2173857494322213,ridge/3,-1.8881763983581676,1.4034608556371888,0.3292093510740537
318,2,2016-07-01,validation,-1.0455659104338544,ridge/3,-1.744660147233872,1.399416166511838,-0.6990942368000177
318,2,2016-08-01,validation,0.4474280394920704,ridge/3,-1.1106737182288318,1.3953714773864867,-1.5581017577209022
318,2,2016-09-01,validation,3.829628507728078,ridge/3,-0.2826086769430326,1.3721642111073795,-4.112237184671111
318,2,2016-10-01,validation,4.793946228911938,ridge/3,-0.4911972520218235,1.3489569448282694,-5.285143480933762
318,2,2016-11-01,validation,3.4094211342975633,ridge/3,2.2126460958028487,1.4034608556371888,-1.1967750384947147
318,2,2016-12-01,validation,2.382733608055787,ridge/3,1.2253579784420108,1.4155949230132414,-1.1573756296137763
318,2,2017-01-01,validation,-0.5602255548669888,ridge/3,1.0359357764251562,1.4155949230132414,1.596161331292145
318,2,2017-02-01,validation,-1.9581045199107192,ridge/3,0.5008208586580813,1.4764859208616177,2.4589253785688006
318,2,2017-03-01,validation,-0.4222384879848384,ridge/3,-0.6794024411957675,1.4612631713995246,-0.25716395321092916
318,2,2017-04-01,validation,0.9838449000287852,ridge/3,-0.8710998312791252,1.4460404219374294,-1.8549447313079104
318,2,2017-05-01,validation,-0.1411432838407833,ridge/3,-0.98079639063817,1.4308176724753363,-0.8396531067973867
318,2,2017-06-01,validation,0.9742596198819342,ridge/3,0.3530953114164108,1.4155949230132414,-0.6211643084655234
318,2,2017-07-01,validation,2.9229638314938633,ridge/3,0.0579881801349705,1.4155949230132414,-2.864975651358893
318,2,2017-08-01,validation,3.270046131093451,ridge/3,1.9212166724941744,1.4155949230132414,-1.3488294585992766
318,2,2017-09-01,validation,3.5044017240366543,ridge/3,1.6701736726633094,1.4460404219374294,-1.8342280513733449
318,2,2017-10-01,validation,0.933962759613216,ridge/3,2.3838283182004183,1.511465093052264,1.4498655585872022
318,2,2017-11-01,validation,0.7915608612661273,ridge/3,1.523844576310274,1.5904907839664697,0.7322837150441466
318,2,2017-12-01,validation,2.102574170575089,ridge/3,0.9294095689827268,1.570734361237919,-1.173164601592362
318,2,2018-01-01,validation,2.0806992505961297,ridge/3,1.1095201629688018,1.5509779385093685,-0.9711790876273279
318,2,2018-02-01,validation,0.3893580519132023,ridge/3,1.4057093698056766,1.6002139266991655,1.0163513178924743
318,2,2018-03-01,validation,-0.5161301780225003,ridge/3,2.142573268477893,1.6268551211348747,2.658703446500393
318,2,2018-04-01,validation,1.924369839262674,ridge/3,1.2759002598783225,1.6147986407982096,-0.6484695793843516
318,2,2018-05-01,validation,0.6447475590969809,ridge/3,0.9508215850420602,1.6099370694318618,0.30607402594507926
318,2,2018-06-01,validation,-0.1271455988196557,ridge/3,1.5912507360315709,1.650968081808203,1.7183963348512266
318,2,2018-07-01,validation,3.0382083688122563,ridge/3,-0.5623302265738385,1.638911601471538,-3.600538595386095
318,2,2018-08-01,validation,3.007745523727845,ridge/3,0.8795464097864337,1.6268551211348747,-2.1281991139414114
318,2,2018-09-01,validation,0.8690309191977441,ridge/3,2.60675385227398,1.67508104248153,1.737722933076236
318,2,2018-10-01,validation,-1.117330059812538,ridge/3,0.7403584236341064,1.7385609805690558,1.8576884834466445
318,2,2018-11-01,validation,-2.3765971597424773,ridge/3,-1.3573177159923728,1.7226909960471757,1.0192794437501045
318,2,2018-12-01,validation,-2.913442288996748,ridge/3,-1.4311897843764312,1.7068210115252929,1.482252504620317
318,2,2019-01-01,test,-2.0461071871340053,ridge/3,-0.5445852927610432,1.6909510270034125,1.5015218943729622
318,2,2019-02-01,test,-0.7741974153615772,ridge/3,0.090827875566484,1.67508104248153,0.8650252909280611
318,2,2019-03-01,test,0.900327624995878,ridge/3,0.8700712595303852,1.6630245621448665,-0.030256365465492818
318,2,2019-04-01,test,2.4313417742877874,ridge/3,0.0924745373871736,1.650968081808203,-2.338867236900614
318,2,2019-05-01,test,0.1279590705625111,ridge/3,0.0380054212328964,1.638911601471538,-0.0899536493296147
318,2,2019-06-01,test,-3.081116640039827,ridge/3,1.2743952763706192,1.6909510270034125,4.355511916410446
318,2,2019-07-01,test,-1.936793917805524,ridge/3,-0.3124412353455564,1.67508104248153,1.6243526824599677
318,2,2019-08-01,test,-0.261096754072021,ridge/3,-0.6471349314083553,1.6630245621448665,-0.38603817733633433
318,2,2019-09-01,test,-2.108114960312069,ridge/3,-0.8867328143364432,1.650968081808203,1.2213821459756258
318,2,2019-10-01,test,-4.820210181787754,ridge/3,-0.1002611312669853,1.638911601471538,4.719949050520769
318,2,2019-11-01,test,-3.799642960537053,ridge/3,-0.5905603677857962,1.6268551211348747,3.2090825927512565
318,2,2019-12-01,test,-1.520416296043425,ridge/3,-2.531330067255653,1.6147986407982096,-1.010913771212228
318,2,2020-01-01,test,-4.67176245674592,ridge/3,-2.406319078847952,1.6099370694318618,2.2654433778979683
318,2,2020-02-01,test,-4.705073078599842,ridge/3,-5.314633197753022,1.6050754980655142,-0.6095601191531799
318,2,2020-03-01,test,-5.971923470162288,ridge/3,-10.696210020118874,1.6002139266991655,-4.724286549956586
318,2,2020-04-01,test,-5.39861215581352,ridge/3,-4.153056173059813,1.5953523553328182,1.2455559827537073
318,2,2020-05-01,test,1.678147696200405,ridge/3,-3.4751231717704463,1.5904907839664697,-5.153270867970852
318,2,2020-06-01,test,3.184499568092125,ridge/3,-0.1970830478327866,1.570734361237919,-3.381582615924912
318,2,2020-07-01,test,2.539344808870858,ridge/3,1.975023514897177,1.6050754980655142,-0.564321293973681
318,2,2020-08-01,test,1.4815085785141235,ridge/3,0.973816686336455,1.638911601471538,-0.5076918921776685
318,2,2020-09-01,test,0.8810629682155735,ridge/3,0.108731431793026,1.675694373225305,-0.7723315364225475
318,2,2020-10-01,test,0.8784829555732898,ridge/3,0.0353157711872214,1.67508104248153,-0.8431671843860684
318,2,2020-11-01,test,0.0,ridge/3,1.7302951164574676,1.6630245621448665,1.7302951164574676
318,2,2020-12-01,test,8.652535024859187,ridge/3,2.105180675524995,1.650968081808203,-6.547354349334192
318,2,2021-01-01,test,12.23211309648713,ridge/3,1.6602347719525148,1.638911601471538,-10.571878324534614
318,2,2021-02-01,test,3.4168895615249717,ridge/3,6.054853896826591,1.675694373225305,2.6379643353016196
318,2,2021-03-01,test,1.540466919498673,ridge/3,4.7473617975152935,1.678147696200405,3.2068948780166204
318,2,2021-04-01,test,7.705673949497438,ridge/3,1.892710095756443,1.7391743113128308,-5.812963853740995
318,2,2021-05-01,test,8.775420081537089,ridge/3,1.3574605169592862,1.7239176575347257,-7.417959564577803
318,2,2021-06-01,test,3.641036369584061,ridge/3,4.327332754820514,1.770166606521251,0.686296385236453
318,2,2021-07-01,test,5.890717557969882,ridge/3,3.0846305742692635,1.7945763008415485,-2.806086983700619
318,2,2021-08-01,test,9.457592687366034,ridge/3,1.58150240620077,1.797801229540852,-7.876090281165264
318,2,2021-09-01,test,10.733875566993234,ridge/3,3.938324818517657,1.8549308868804113,-6.795550748475577
318,2,2021-10-01,test,6.499749239435726,ridge/3,4.505808270137454,1.9023072240437255,-1.9939409692982721
318,2,2021-11-01,test,0.9832920916238664,ridge/3,5.154124004913917,1.9467269954047952,4.17083191329005
318,2,2021-12-01,test,-1.785761740000602,ridge/3,3.6679461445570305,2.000350033813609,5.453707884557632
318,2,2022-01-01,test,4.121330737987616,ridge/3,2.4869790613161307,1.9802627296179764,-1.6343516766714856
318,2,2022-02-01,test,9.721935807412583,ridge/3,1.858820604088777,1.9690841515469168,-7.863115203323806
318,2,2022-03-01,test,0.0,ridge/3,4.502373433008772,2.0405246422048706,4.502373433008772
318,2,2022-04-01,test,-6.763140088863029,ridge/3,4.276098804809605,2.089449218587714,11.039238893672634
318,2,2022-05-01,test,-6.097679649871601,ridge/3,1.1079442916694302,2.085074234591922,7.205623941541031
318,2,2022-06-01,test,-3.762820150406121,ridge/3,-1.3792185032213058,2.0806992505961297,2.383601647184815
318,2,2022-07-01,test,1.1904902506318926,ridge/3,-3.1565932498980604,2.0606119464005004,-4.347083500529953
318,2,2022-08-01,test,-0.2020202707275764,ridge/3,-2.459623649610299,2.0405246422048706,-2.2576033788827226
318,2,2022-09-01,test,-7.259190151767125,ridge/3,0.9950908136664712,2.020437338009238,8.254280965433596
318,2,2022-10-01,test,-8.544995302141878,ridge/3,-0.7029591675942458,2.000350033813609,7.842036134547632
318,2,2022-11-01,test,-9.562836403567765,ridge/3,-1.6037552726084607,1.9802627296179764,7.959081130959304
318,2,2022-12-01,test,-9.223122421603414,ridge/3,-0.0534203909427472,1.9690841515469168,9.169702030660666
318,2,2023-01-01,test,-7.383873275339692,ridge/3,-0.3107292108774887,1.9579055734758568,7.073144064462203
318,2,2023-02-01,test,-4.318993275041105,ridge/3,-0.95238411635898,1.9467269954047952,3.366609158682125
318,2,2023-03-01,test,-2.158813997363485,ridge/3,-1.893387927348443,1.9355484173337352,0.2654260700150419
318,2,2023-04-01,test,-5.441756987071322,ridge/3,-1.5880938714601616,1.924369839262674,3.8536631156111607
318,2,2023-05-01,test,-2.3377688009062148,ridge/3,-1.2899857080417896,1.9133385316532,1.0477830928644252
318,2,2023-06-01,test,5.94490270260799,ridge/3,-2.19480108383567,1.9023072240437255,-8.139703786443661
318,2,2023-07-01,test,3.992803395273992,ridge/3,0.1524471422638629,1.89127591643425,-3.840356253010129
318,2,2023-08-01,test,2.3559676173891653,ridge/3,3.2683369835347524,1.9355484173337352,0.9123693661455872
318,2,2023-09-01,test,0.0,ridge/3,1.1100427557787702,1.9802627296179764,1.1100427557787702
318,2,2023-10-01,test,-6.7156323679649965,ridge/3,0.1885371603339812,2.0606119464005004,6.9041695282989775
318,2,2023-11-01,test,-6.521214864704561,ridge/3,-2.31018958304226,2.0405246422048706,4.211025281662301
318,2,2023-12-01,test,-1.0540282035432114,ridge/3,-2.409830882513169,2.020437338009238,-1.3558026789699578
318,2,2024-01-01,test,-0.5405418566907905,ridge/3,-1.6083960890243243,2.000350033813609,-1.0678542323335338
318,2,2024-02-01,test,-4.746653723892358,ridge/3,0.6325937907794899,1.9802627296179764,5.379247514671848
318,2,2024-03-01,test,-6.003197903568047,ridge/3,-0.1837462904953925,1.9690841515469168,5.819451613072655
318,2,2024-04-01,test,0.6920442844573493,ridge/3,-2.034294600128919,1.9579055734758568,-2.7263388845862684
318,2,2024-05-01,test,5.186866839652016,ridge/3,-3.305664032889114,1.9467269954047952,-8.49253087254113
318,2,2024-06-01,test,1.233737375984134,ridge/3,0.4898092734402192,1.9355484173337352,-0.7439281025439147
318,2,2024-07-01,test,-0.5479465764626212,ridge/3,-0.0784090085917709,1.9802627296179764,0.4695375678708503
318,2,2024-08-01,test,4.0058760552004635,ridge/3,-0.6398519988318541,1.9690841515469168,-4.645728054032317
318,2,2024-09-01,test,1.634913800153015,ridge/3,0.2168523339121277,1.9579055734758568,-1.4180614662408872
318,2,2024-10-01,test,-3.4623964566048215,ridge/3,3.206791025413724,2.020437338009238,6.669187482018545
318,2,2024-11-01,test,6.030660623099049,ridge/3,-0.1418999031838217,2.000350033813609,-6.17256052628287
318,2,2024-12-01,test,11.022670530899958,ridge/3,0.492798859011622,1.9802627296179764,-10.529871671888337
318,2,2025-01-01,test,-0.1273074646797489,ridge/3,3.045994480667302,2.0606119464005004,3.173301945347051
318,2,2025-02-01,test,-7.168372854221605,ridge/3,3.6779239208108994,2.0938242025835057,10.846296775032505
318,2,2025-03-01,test,-1.153119759919008,ridge/3,-1.4811294440048526,2.089449218587714,-0.32800968408584463
318,2,2025-04-01,test,5.947356463528486,ridge/3,-2.7664807853043274,2.085074234591922,-8.713837248832814
318,2,2025-05-01,test,7.9249371654140255,ridge/3,-0.4405225794154508,2.0806992505961297,-8.365459744829476
318,2,2025-06-01,test,4.797082778602935,ridge/3,2.2138990804044827,2.0981991865792975,-2.583183698198452
318,2,2025-07-01,test,-0.1191185370152503,ridge/3,2.199769962249128,2.144683010575898,2.318888499264378
318,2,2025-08-01,test,-6.282258592205547,ridge/3,1.4485327687738163,2.1847462350774904,7.730791360979364
318,2,2025-09-01,test,-3.0250340464665904,ridge/3,-0.3687592309089386,2.178750902826963,2.656274815557652
318,2,2025-10-01,test,-2.397591187571102,ridge/3,-2.1742938946791455,2.1727555705764345,0.22329729289195654
318,2,2025-11-01,test,-0.3692311887127708,ridge/3,-0.6368647128056277,2.1587192905761663,-0.26763352409285696
318,2,2025-12-01,test,11.33742963813793,ridge/3,-1.2082044380135089,2.144683010575898,-12.545634076151439
318,2,2026-01-01,test,20.848672453314077,ridge/3,2.0590297770324333,2.1306467305756276,-18.789642676281645
318,2,2026-02-01,test,24.457697191695704,ridge/3,7.658944437385649,2.178750902826963,-16.798752754310055
318,2,2026-03-01,test,12.144665340945073,ridge/3,10.613673837634336,2.2027322318290743,-1.5309915033107373
318,2,2026-04-01,test,-11.03331763272042,ridge/3,9.14357995539874,2.216879031246677,20.17689758811916
318,2,2026-05-01,test,-17.06873695126143,ridge/3,1.3537154216830345,2.23050415771243,18.422452372944466
318,2,2026-06-01,test,-7.234558711459194,ridge/3,-5.809336378024793,2.227141348841979,1.4252223334344007
318,3,2015-01-01,validation,-5.5330645317047455,ridge/3,-0.7415662667752225,1.987207415200132,4.791498264929523
318,3,2015-02-01,validation,-2.9558802241544946,ridge/3,-2.906746788549965,1.985818478083701,0.04913343560452965
318,3,2015-03-01,validation,-0.8733679968754515,ridge/3,-2.8989194340616686,1.9844295409672696,-2.025551437186217
318,3,2015-04-01,validation,0.2525253867194266,ridge/3,-2.5883715674756935,1.9830406038508388,-2.84089695419512
318,3,2015-05-01,validation,-2.1479031677123395,ridge/3,-0.8990826644714178,1.9816516667344075,1.2488205032409216
318,3,2015-06-01,validation,-2.538207327141695,ridge/3,-1.9781580428965435,1.9802627296179764,0.5600492842451514
318,3,2015-07-01,validation,-3.2033488487176243,ridge/3,-3.433217929418258,1.9802627296179764,-0.2298690807006336
318,3,2015-08-01,validation,-3.113091859517336,ridge/3,-2.855569738328388,1.9802627296179764,0.257522121188948
318,3,2015-09-01,validation,-3.3990200228552148,ridge/3,-2.6253265407101827,1.9802627296179764,0.7736934821450321
318,3,2015-10-01,validation,-5.899834076195543,ridge/3,-2.2731124875434,1.9802627296179764,3.6267215886521424
318,3,2015-11-01,validation,-6.673680736026899,ridge/3,-2.5031209874109193,1.9802627296179764,4.17055974861598
318,3,2015-12-01,validation,-7.451722118746762,ridge/3,-3.600432449675941,1.9588309178156404,3.851289669070821
318,3,2016-01-01,validation,-3.0857988359905164,ridge/3,-4.187671380849869,1.9373991060133016,-1.1018725448593525
318,3,2016-02-01,validation,-2.857337244405578,ridge/3,-1.263041143554591,1.9159672942109656,1.5942961008509868
318,3,2016-03-01,validation,-2.0261185139821336,ridge/3,-0.6663315946914781,1.8945354824086296,1.3597869192906555
318,3,2016-04-01,validation,-4.218807438108385,ridge/3,1.449413592951131,1.873103670606291,5.668221031059516
318,3,2016-05-01,validation,-3.090753746307673,ridge/3,-0.8884067635880409,1.8366312202708477,2.202346982719632
318,3,2016-06-01,validation,-2.6668247082161756,ridge/3,-2.44700879585505,1.8001587699353994,0.2198159123611254
318,3,2016-07-01,validation,-0.1486989121578297,ridge/3,-2.254141876149181,1.7636863195999564,-2.1054429639913512
318,3,2016-08-01,validation,3.3801895489441236,ridge/3,-1.5131583780921716,1.7272138692645131,-4.893347927036295
318,3,2016-09-01,validation,5.690813227187963,ridge/3,-0.7223165475133528,1.6907414189290648,-6.413129774701316
318,3,2016-10-01,validation,6.3421826437496165,ridge/3,-1.12568326901784,1.666853248434378,-7.467865912767456
318,3,2016-11-01,validation,4.243918327515672,ridge/3,2.1008847425364343,1.8001587699353994,-2.143033584979238
318,3,2016-12-01,validation,0.9880108599706894,ridge/3,0.9814417039434148,1.9159672942109656,-0.006569156027274592
318,3,2017-01-01,validation,-1.1236073266926103,ridge/3,1.0738045898072248,1.9802627296179764,2.197411916499835
318,3,2017-02-01,validation,-1.816961236069936,ridge/3,0.5265871048766135,1.9802627296179764,2.3435483409465494
318,3,2017-03-01,validation,0.4204631282031634,ridge/3,-0.7213163269079629,1.9802627296179764,-1.1417794551111262
318,3,2017-04-01,validation,0.0,ridge/3,-0.9686783182439268,1.9802627296179764,-0.9686783182439268
318,3,2017-05-01,validation,1.816961236069936,ridge/3,-1.155619383947669,1.9802627296179764,-2.972580620017605
318,3,2017-06-01,validation,1.939118931465078,ridge/3,0.4382326706615492,1.9802627296179764,-1.500886260803529
318,3,2017-07-01,validation,5.228150651004171,ridge/3,0.1308164203324807,1.9802627296179764,-5.09733423067169
318,3,2017-08-01,validation,4.469261035619798,ridge/3,2.515917418544487,1.9588309178156404,-1.9533436170753111
318,3,2017-09-01,validation,3.2391495791235236,ridge/3,1.8447648787897908,1.963805210356818,-1.3943847003337329
318,3,2017-10-01,validation,1.990775765792474,ridge/3,2.9325403293545,1.9802627296179764,0.941764563562026
318,3,2017-11-01,validation,1.8373220256619585,ridge/3,1.7113497974835592,1.9816516667344075,-0.12597222817839926
318,3,2017-12-01,validation,3.1375122567753877,ridge/3,1.3170514733182015,1.987207415200132,-1.8204607834571862
318,3,2018-01-01,validation,1.4351192163090332,ridge/3,1.8027138818701856,1.9900620956740056,0.3675946655611524
318,3,2018-02-01,validation,0.5188079081777985,ridge/3,2.032432021034483,1.9893484255555376,1.5136241128566845
318,3,2018-03-01,validation,1.2787898049755777,ridge/3,2.8668768297222504,2.041954788253247,1.5880870247466727
318,3,2018-04-01,validation,0.7741974153615772,ridge/3,1.2913267334989251,2.0163652770228624,0.517129318137348
318,3,2018-05-01,validation,1.667774384178422,ridge/3,1.0919910838780875,1.990775765792474,-0.5757833003003345
318,3,2018-06-01,validation,1.8880359449111592,ridge/3,1.7642460717543869,1.9900620956740056,-0.12378987315677237
318,3,2018-07-01,validation,4.030772348809286,ridge/3,-0.8695422451893902,1.9893484255555376,-4.900314593998676
318,3,2018-08-01,validation,2.8842124629285593,ridge/3,1.4924272259089506,1.988634755437069,-1.3917852370196087
318,3,2018-09-01,validation,-0.1247660798155081,ridge/3,3.639130169784951,1.9879210853186005,3.7638962496004593
318,3,2018-10-01,validation,-2.500130220541763,ridge/3,0.9794699408067244,1.990775765792474,3.4796001613484875
318,3,2018-11-01,validation,-3.90723928801,ridge/3,-1.6941406999988806,2.09313381071402,2.2130985880111194
318,3,2018-12-01,validation,-3.4289073478632304,ridge/3,-1.2846850548509814,2.0675442994836355,2.144222293012249
318,3,2019-01-01,test,-2.3048395436291003,ridge/3,-0.0404827084360989,2.041954788253247,2.2643568351930012
318,3,2019-02-01,test,0.3848625661293958,ridge/3,0.5004329147041054,2.0163652770228624,0.11557034857470966
318,3,2019-03-01,test,2.1726094177926925,ridge/3,1.6430633912984098,1.990775765792474,-0.5295460264942826
318,3,2019-04-01,test,1.287019052053484,ridge/3,0.438094894909762,1.9900620956740056,-0.848924157143722
318,3,2019-05-01,test,-1.808834847243013,ridge/3,0.4362136269458345,1.9893484255555376,2.2450484741888475
318,3,2019-06-01,test,-3.081116640039827,ridge/3,2.241641719320062,2.041954788253247,5.32275835935989
318,3,2019-07-01,test,-2.197890671877545,ridge/3,-0.1264926659847286,2.0163652770228624,2.0713980058928163
318,3,2019-08-01,test,-2.108114960312069,ridge/3,-0.3514563155222622,1.990775765792474,1.7566586447898067
318,3,2019-09-01,test,-5.081306935859775,ridge/3,-1.0187145977213163,1.9900620956740056,4.062592338138459
318,3,2019-10-01,test,-5.6466611667771005,ridge/3,-0.1551974883743527,1.9893484255555376,5.491463678402748
318,3,2019-11-01,test,-4.493608271591132,ridge/3,-0.7891240432237839,1.988634755437069,3.704484228367348
318,3,2019-12-01,test,-5.498213441735267,ridge/3,-3.703643910388724,1.9879210853186005,1.7945695313465428
318,3,2020-01-01,test,-5.399038389653921,ridge/3,-3.767243498886787,1.987207415200132,1.6317948907671336
318,3,2020-02-01,test,-9.94972061585413,ridge/3,-7.844830490348826,1.985818478083701,2.104890125505303
318,3,2020-03-01,test,-6.125888088721521,ridge/3,-14.752620152269907,1.98442954096727,-8.626732063548387
318,3,2020-04-01,test,-3.566499841053883,ridge/3,-4.61552316290892,1.9830406038508388,-1.0490233218550369
318,3,2020-05-01,test,3.0305349495328926,ridge/3,-3.792790912457907,1.9816516667344075,-6.823325861990799
318,3,2020-06-01,test,4.3714571236304955,ridge/3,0.6154676834960503,1.9802627296179764,-3.7559894401344454
318,3,2020-07-01,test,2.833895831846611,ridge/3,2.5163954299629574,1.9802627296179764,-0.3175004018836538
318,3,2020-08-01,test,2.068020523753944,ridge/3,1.042004988817649,1.98442954096727,-1.026015534936295
318,3,2020-09-01,test,1.173033978549043,ridge/3,0.2836050596773699,1.988634755437069,-0.8894289188716731
318,3,2020-10-01,test,0.5865119452398204,ridge/3,0.3741100022760131,2.0163652770228624,-0.21240194296380732
318,3,2020-11-01,test,8.944506035192656,ridge/3,2.934175084199066,2.068020523753944,-6.01033095099359
318,3,2020-12-01,test,11.94014208615366,ridge/3,2.9321079401075476,2.052571572161651,-9.008034146046112
318,3,2021-01-01,test,12.361395596717628,ridge/3,2.216579097321035,2.037122620569358,-10.144816499396594
318,3,2021-02-01,test,4.828073980793146,ridge/3,7.080864846620962,2.0883016430301287,2.2527908658278157
318,3,2021-03-01,test,7.834956449727937,ridge/3,5.0983559005071575,2.129500541114063,-2.736600549220779
318,3,2021-04-01,test,10.186604500805265,ridge/3,2.1148419218511525,2.1726094177926925,-8.071762578954113
318,3,2021-05-01,test,9.935525899813324,ridge/3,1.5176210257563536,2.172726340019686,-8.41790487405697
318,3,2021-06-01,test,8.371648109277707,ridge/3,4.8012155515760355,2.1820649032010224,-3.570432557701672
318,3,2021-07-01,test,10.61769850564227,ridge/3,3.0382450940214736,2.207854585151781,-7.579453411620797
318,3,2021-08-01,test,15.46448730668688,ridge/3,1.735891327613036,2.274923373273866,-13.728595979073845
318,3,2021-09-01,test,11.226730187108114,ridge/3,5.091255500121691,2.4256977645559896,-6.135474686986423
318,3,2021-10-01,test,6.990186710944712,ridge/3,5.590625720129819,2.4703530824891033,-1.3995609908148925
318,3,2021-11-01,test,-1.2929071198857225,ridge/3,6.480346754637813,2.578602188878291,7.773253874523535
318,3,2021-12-01,test,4.611768209496603,ridge/3,5.172568777668396,2.71955375682798,0.5608005681717936
318,3,2022-01-01,test,7.445736595902996,ridge/3,3.496167737020396,2.8439591580630017,-3.9495688588826003
318,3,2022-02-01,test,6.397529949497205,ridge/3,2.584625541012831,2.833895831846611,-3.812904408484374
318,3,2022-03-01,test,-3.4387342309476487,ridge/3,5.422474464155329,2.87414913671217,8.861208695102977
318,3,2022-04-01,test,-9.42208550778698,ridge/3,5.414764200321823,2.934231073938422,14.836849708108803
318,3,2022-05-01,test,-7.20155438135377,ridge/3,1.217429637536729,2.967576814611661,8.418984018890498
318,3,2022-06-01,test,-1.46845516829206,ridge/3,-2.5745192386444433,2.967576814611661,-1.1060640703523834
318,3,2022-07-01,test,-1.3058950022097449,ridge/3,-3.8242440189321014,2.967576814611661,-2.5183490167223566
318,3,2022-08-01,test,-4.964825169653064,ridge/3,-3.290169521735293,2.9509039442750415,1.6746556479177714
318,3,2022-09-01,test,-11.041380554983515,ridge/3,1.6265223822272128,2.934231073938422,12.667902937210728
318,3,2022-10-01,test,-14.325641302493253,ridge/3,-0.099769917453647,2.9175582036018004,14.225871385039605
318,3,2022-11-01,test,-13.005312824819804,ridge/3,-0.5300457889492179,2.900885333265181,12.475267035870585
318,3,2022-12-01,test,-13.164519275691069,ridge/3,3.0898122496692206,2.8842124629285593,16.25433152536029
318,3,2023-01-01,test,-7.761469696293144,ridge/3,2.362998239855288,2.87414913671217,10.12446793614843
318,3,2023-02-01,test,-6.100210851451138,ridge/3,1.504078335232031,2.864085810495782,7.604289186683169
318,3,2023-03-01,test,-5.819353408024774,ridge/3,-0.578578239214355,2.854022484279391,5.240775168810419
318,3,2023-04-01,test,-4.118986377316247,ridge/3,-1.374693932020624,2.8439591580630017,2.744292445295623
318,3,2023-05-01,test,2.2843632919467005,ridge/3,-1.0962554660708337,2.833895831846611,-3.380618758017534
318,3,2023-06-01,test,5.315574005029067,ridge/3,-2.1795519636982696,2.795781806840403,-7.495125968727336
318,3,2023-07-01,test,6.9780997102420805,ridge/3,0.1987885830668445,2.7576677818341944,-6.779311127175236
318,3,2023-08-01,test,-0.6293286975789236,ridge/3,3.8023449931599527,2.71955375682798,4.431673690738876
318,3,2023-09-01,test,-3.730336052996907,ridge/3,0.7291772960655183,2.8439591580630017,4.4595133490624255
318,3,2023-10-01,test,-9.50651117967265,ridge/3,-0.0762547001826134,2.8842124629285593,9.430256479490037
318,3,2023-11-01,test,-4.784364256540119,ridge/3,-2.7999573402698408,2.87414913671217,1.9844069162702782
318,3,2023-12-01,test,-3.331420668398444,ridge/3,-2.691687938857827,2.864085810495782,0.6397327295406172
318,3,2024-01-01,test,-3.009803115727916,ridge/3,-1.9822379587936816,2.854022484279391,1.0275651569342343
318,3,2024-02-01,test,-8.28059036842328,ridge/3,0.7924907288738658,2.8439591580630017,9.073081097297145
318,3,2024-03-01,test,-1.777216974579776,ridge/3,-0.5356264814905021,2.833895831846611,1.2415904930892738
318,3,2024-04-01,test,1.652930195121094,ridge/3,-2.881612682146451,2.795781806840403,-4.534542877267545
318,3,2024-05-01,test,5.459718304972405,ridge/3,-4.364274990015136,2.7576677818341944,-9.823993294987542
318,3,2024-06-01,test,0.4129393342011234,ridge/3,0.481911556010086,2.71955375682798,0.06897222180896262
318,3,2024-07-01,test,4.278727520520853,ridge/3,-0.0375785500400145,2.681439731821772,-4.316306070560867
318,3,2024-08-01,test,0.8141157583700043,ridge/3,0.026561806402537,2.833895831846611,-0.7875539519674672
318,3,2024-09-01,test,1.3642776403786527,ridge/3,1.48879262625888,2.795781806840403,0.12451498588022725
318,3,2024-10-01,test,2.8389003262685897,ridge/3,4.405465642678751,2.864085810495782,1.566565316410161
318,3,2024-11-01,test,10.752034371125596,ridge/3,0.0966302521061793,2.854022484279391,-10.655404119019417
318,3,2024-12-01,test,6.173989318193662,ridge/3,1.1921189821360223,2.8439591580630017,-4.98187033605764
318,3,2025-01-01,test,-2.446999106195058,ridge/3,4.352238695365366,2.8389003262685897,6.799237801560424
318,3,2025-02-01,test,-6.001800972625304,ridge/3,5.180073572914033,2.875150035596566,11.181874545539337
318,3,2025-03-01,test,3.627664822013177,ridge/3,-2.2575607890731115,2.934231073938422,-5.885225611086288
318,3,2025-04-01,test,9.091509047010328,ridge/3,-3.729165883873795,2.9175582036018004,-12.820674930884124
318,3,2025-05-01,test,9.57786736053512,ridge/3,-0.5142182650398308,2.900885333265181,-10.092085625574951
318,3,2025-06-01,test,3.0250340464665904,ridge/3,2.7014530537534123,2.967576814611661,-0.3235809927131781
318,3,2025-07-01,test,-4.629328397084453,ridge/3,2.725394256246884,2.967576814611661,7.354722653331337
318,3,2025-08-01,test,-4.797082778602935,ridge/3,1.9343191576280767,3.0053516955644013,6.731401936231011
318,3,2025-09-01,test,-6.907801047640305,ridge/3,-0.6151431226790108,3.0272344076931113,6.292657924961294
318,3,2025-10-01,test,1.115944624889842,ridge/3,-2.905483392270855,3.026134227079851,-4.021428017160697
318,3,2025-11-01,test,7.454662636964216,ridge/3,-1.0733610310713295,3.0250340464665904,-8.528023668035546
318,3,2025-12-01,test,24.36220826577502,ridge/3,-1.4032423060112496,3.013542600095605,-25.76545057178627
318,3,2026-01-01,test,32.28159101737269,ridge/3,2.8479804855811186,3.00205115372462,-29.433610531791572
318,3,2026-02-01,test,25.16944396858216,ridge/3,10.109543021910632,3.0272344076931113,-15.05990094667153
318,3,2026-03-01,test,0.3996009313381954,ridge/3,12.687090297410254,3.0519304109813934,12.287489366072059
318,3,2026-04-01,test,-16.356990174374975,ridge/3,10.326011568567528,3.1375122567753877,26.6830017429425
318,3,2026-05-01,test,-18.97962312106607,ridge/3,1.0964382212781023,3.218822114653898,20.076061342344172
318,4,2015-01-01,validation,-4.401688541677462,ridge/3,-1.673758583502985,2.2027322318290743,2.727929958174477
318,4,2015-02-01,validation,-3.2061932459662934,ridge/3,-3.93153693240773,2.2027322318290743,-0.7253436864414367
318,4,2015-03-01,validation,-1.5019055783715096,ridge/3,-3.475857928696373,2.1736288669674426,-1.9739523503248635
318,4,2015-04-01,validation,-1.016527177685056,ridge/3,-3.3825945637487806,2.1445255021058065,-2.3660673860637247
318,4,2015-05-01,validation,-2.7885203489534938,ridge/3,-1.3556704629748624,2.115422137244175,1.4328498859786314
318,4,2015-06-01,validation,-3.8318864302136824,ridge/3,-2.7311187340282075,2.086318772382543,1.1007676961854749
318,4,2015-07-01,validation,-4.382144423921819,ridge/3,-4.654305961008465,2.057215407520907,-0.2721615370866459
318,4,2015-08-01,validation,-4.039637204096369,ridge/3,-3.546854962755527,2.041824871940322,0.49278224134084203
318,4,2015-09-01,validation,-7.19351317926753,ridge/3,-3.2071603072353723,2.0264343363597344,3.9863528720321577
318,4,2015-10-01,validation,-7.852476311231094,ridge/3,-2.441933054105735,2.011043800779149,5.410543257125358
318,4,2015-11-01,validation,-8.378267463325795,ridge/3,-2.6717953771914327,1.995653265198564,5.706472086134362
318,4,2015-12-01,validation,-6.880291992402832,ridge/3,-3.9993793719406994,1.9802627296179764,2.8809126204621323
318,4,2016-01-01,validation,-4.809979479441129,ridge/3,-4.143747757097453,1.9659821149448409,0.6662317223436762
318,4,2016-02-01,validation,-3.7307052412810298,ridge/3,-0.8818946114351545,1.9517015002717024,2.8488106298458753
318,4,2016-03-01,validation,-3.647377311764455,ridge/3,-0.4632413641564099,1.9374208855985668,3.184135947608045
318,4,2016-04-01,validation,-4.814934389758285,ridge/3,1.5944181734356528,1.9231402709254308,6.409352563193938
318,4,2016-05-01,validation,-3.540192705091627,ridge/3,-1.0143722159255306,1.908859656252293,2.5258204891660965
318,4,2016-06-01,validation,-1.769957709940151,ridge/3,-2.958788987015836,1.901708459123093,-1.188831277075685
318,4,2016-07-01,validation,2.7840625972942235,ridge/3,-2.4359088629908356,1.894557261993892,-5.219971460285059
318,4,2016-08-01,validation,5.241374268404009,ridge/3,-1.8793803784759513,1.887406064864692,-7.12075464687996
318,4,2016-09-01,validation,7.239049642025641,ridge/3,-1.2274356716038926,1.880254867735492,-8.466485313629533
318,4,2016-10-01,validation,7.176679836967725,ridge/3,-1.9551021166151343,1.873103670606291,-9.131781953582859
318,4,2016-11-01,validation,2.8491955794305746,ridge/3,1.3910149905600515,1.901708459123093,-1.458180588870523
318,4,2016-12-01,validation,0.4246290881450676,ridge/3,0.197146353352184,1.9517015002717024,-0.2274827347928836
318,4,2017-01-01,validation,-0.9824640428518272,ridge/3,0.7530109501359799,2.011043800779149,1.735474992987807
318,4,2017-02-01,validation,-0.9742596198819342,ridge/3,0.5208686259962072,2.086318772382543,1.4951282458781414
318,4,2017-03-01,validation,-0.5633817718256218,ridge/3,-0.5228610509453926,2.2027322318290743,0.04052072088022918
318,4,2017-04-01,validation,1.9581045199107192,ridge/3,-0.925935810313252,2.1736288669674426,-2.8840403302239714
318,4,2017-05-01,validation,2.78182054765308,ridge/3,-1.23218826620332,2.1445255021058105,-4.0140088138564
318,4,2017-06-01,validation,4.244305750975386,ridge/3,0.2493704257019591,2.115422137244175,-3.9949353252734268
318,4,2017-07-01,validation,6.427365555530518,ridge/3,0.0787525473999669,2.086318772382543,-6.348613008130551
318,4,2017-08-01,validation,4.2040088907066675,ridge/3,2.595356875358335,2.057215407520907,-1.6086520153483326
318,4,2017-09-01,validation,4.295962585302782,ridge/3,1.7228157543094658,2.1736288669674426,-2.573146830993316
318,4,2017-10-01,validation,3.036536930188305,ridge/3,2.870064523469034,2.2027322318290743,-0.16647240671927088
318,4,2017-11-01,validation,2.872260111862257,ridge/3,1.533790867544033,2.2548736096052666,-1.338469244318224
318,4,2017-12-01,validation,2.491932222488291,ridge/3,1.4950145885200063,2.3951336823787592,-0.9969176339682848
318,4,2018-01-01,validation,1.5645690725736294,ridge/3,2.4199125228894656,2.643325706815558,0.8553434503158361
318,4,2018-02-01,validation,2.3137278911758763,ridge/3,2.579413835724192,2.7541215794855773,0.2656859445483155
318,4,2018-03-01,validation,0.1286173810744806,ridge/3,3.2687630622531714,2.783165777437766,3.1401456811786908
318,4,2018-04-01,validation,1.7972242404430183,ridge/3,1.1480196827068772,2.782717367509538,-0.6492045577361412
318,4,2018-05-01,validation,3.682955927909237,ridge/3,1.205895117539358,2.7822689575813087,-2.4770608103698795
318,4,2018-06-01,validation,2.8805999249081893,ridge/3,1.7534144616193252,2.78182054765308,-1.127185463288864
318,4,2018-07-01,validation,3.90723928801,ridge/3,-1.0765904284082466,2.7541215794855773,-4.983829716418247
318,4,2018-08-01,validation,1.890415463915307,ridge/3,1.8470407998489105,2.7264226113180743,-0.04337466406639656
318,4,2018-09-01,validation,-1.5075662405447332,ridge/3,4.473160136560205,2.782717367509538,5.980726377104938
318,4,2018-10-01,validation,-4.030772348809286,ridge/3,1.3139314888731364,2.7970891937214946,5.344703837682422
318,4,2018-11-01,validation,-4.422704346876483,ridge/3,-1.8084258407688285,2.8491955794305746,2.614278506107654
318,4,2018-12-01,validation,-3.6876397043583258,ridge/3,-1.0410311959174667,2.836168983003305,2.646608508440859
318,4,2019-01-01,test,-1.1457795621381273,ridge/3,0.6379300241533521,2.823142386576035,1.7837095862914794
318,4,2019-02-01,test,1.6571443589262105,ridge/3,1.3196423572883815,2.8101157901487643,-0.33750200163782895
318,4,2019-03-01,test,1.0282866955583891,ridge/3,2.61366803862353,2.7970891937214946,1.5853813430651407
318,4,2019-04-01,test,-0.6497748657520397,ridge/3,0.91040646214513,2.7840625972942235,1.5601813278971697
318,4,2019-05-01,test,-1.808834847243013,ridge/3,0.8495491319802951,2.7836141873659948,2.658383979223308
318,4,2019-06-01,test,-3.342213394111848,ridge/3,3.26141356678373,2.783165777437766,6.603626960895578
318,4,2019-07-01,test,-4.044908878117592,ridge/3,0.3487829910305575,2.782717367509538,4.3936918691481495
318,4,2019-08-01,test,-5.081306935859775,ridge/3,0.1709220106987843,2.7822689575813087,5.252228946558559
318,4,2019-09-01,test,-5.9077579208491215,ridge/3,-1.119490346952681,2.78182054765308,4.788267573896441
318,4,2019-10-01,test,-6.340626477831179,ridge/3,-0.2038283294252653,2.7541215794855773,6.136798148405914
318,4,2019-11-01,test,-8.471405417282973,ridge/3,-0.864088753522675,2.7264226113180743,7.607316663760298
318,4,2019-12-01,test,-6.225489374643267,ridge/3,-4.562579739163768,2.6987236431505677,1.6629096354794992
318,4,2020-01-01,test,-10.643685926908208,ridge/3,-4.929490882100817,2.6710246749830646,5.714195044807392
318,4,2020-02-01,test,-10.103685234413362,ridge/3,-9.726322047586958,2.643325706815558,0.377363186826404
318,4,2020-03-01,test,-4.293775773961883,ridge/3,-17.640743382607965,2.6130470099501064,-13.346967608646082
318,4,2020-04-01,test,-2.214112587721395,ridge/3,-5.985995820899343,2.582768313084655,-3.771883233177948
318,4,2020-05-01,test,4.217492505071263,ridge/3,-3.7325567820274097,2.552489616219199,-7.950049287098673
318,4,2020-06-01,test,4.666008146606249,ridge/3,1.378651806564002,2.522210919353747,-3.2873563400422467
318,4,2020-07-01,test,3.4204077770864316,ridge/3,4.245789876090757,2.491932222488291,0.825382099004325
318,4,2020-08-01,test,2.359991534087414,ridge/3,0.7866680235983733,2.4601629132445453,-1.5733235104890406
318,4,2020-09-01,test,0.8810629682155735,ridge/3,0.289508800175126,2.582768313084655,-0.5915541680404475
318,4,2020-10-01,test,9.531017980432477,ridge/3,0.816172266550569,2.6987236431505677,-8.714845713881909
318,4,2020-11-01,test,12.23211309648713,ridge/3,3.938445463402251,2.7822689575813087,-8.293667633084878
318,4,2020-12-01,test,12.06942458638416,ridge/3,3.6166817602028254,2.78182054765308,-8.452742826181336
318,4,2021-01-01,test,13.772580015985804,ridge/3,2.5720786501586694,2.7541215794855773,-11.200501365827135
318,4,2021-02-01,test,11.12256351102241,ridge/3,6.798001117061691,2.783165777437766,-4.3245623939607185
318,4,2021-03-01,test,10.315887001035762,ridge/3,5.127528782345775,2.8101157901487643,-5.188358218689987
318,4,2021-04-01,test,11.3467103190815,ridge/3,2.2774463215528495,2.8538084859169115,-9.069263997528651
318,4,2021-05-01,test,14.666137639506973,ridge/3,1.3640752408278791,2.872260111862257,-13.302062398679094
318,4,2021-06-01,test,13.098629056950095,ridge/3,4.313040889726209,2.878931962299003,-8.785588167223885
318,4,2021-07-01,test,16.624593124963116,ridge/3,2.549670362124672,2.932786058730274,-14.074922762838444
318,4,2021-08-01,test,15.95734192680176,ridge/3,1.2677446276602555,2.967576814611661,-14.689597299141505
318,4,2021-09-01,test,11.7171676586171,ridge/3,5.241374421469887,2.981368837726991,-6.475793237147213
318,4,2021-10-01,test,4.713987499435124,ridge/3,5.850414245642534,3.036536930188305,1.1364267462074098
318,4,2021-11-01,test,5.104622829611483,ridge/3,6.988271263951581,3.0690400793779564,1.883648434340098
318,4,2021-12-01,test,7.936174067411983,ridge/3,6.084098788173149,3.2831110129220145,-1.852075279238834
318,4,2022-01-01,test,4.121330737987616,ridge/3,3.879129372358243,3.4725122045282584,-0.2422013656293731
318,4,2022-02-01,test,2.958795718549556,ridge/3,3.2133967582094476,3.5771262621346467,0.25460103965989145
318,4,2022-03-01,test,-6.097679649871601,ridge/3,6.124534682436366,3.682955927909237,12.222214332307967
318,4,2022-04-01,test,-10.52596023926915,ridge/3,6.2894682510914866,3.852988604447936,16.815428490360638
318,4,2022-05-01,test,-4.907189399239709,ridge/3,1.1134607371058292,3.902542282239043,6.020650136345537
318,4,2022-06-01,test,-3.9648404211336974,ridge/3,-3.1473472955023456,3.9001937793535646,0.8174931256313518
318,4,2022-07-01,test,-6.068699901135233,ridge/3,-3.730994389702969,3.897845276468086,2.337705511432264
318,4,2022-08-01,test,-8.747015572869454,ridge/3,-3.1137805851450926,3.8954967735826074,5.633234987724362
318,4,2022-09-01,test,-16.82202655533489,ridge/3,2.2897482603415487,3.852988604447936,19.11177481567644
318,4,2022-10-01,test,-17.76811772374529,ridge/3,0.5894745714975291,3.810480435313264,18.35759229524282
318,4,2022-11-01,test,-16.946709678907457,ridge/3,1.8298083954528457,3.7679722661785866,18.776518074360304
318,4,2022-12-01,test,-13.54211569664452,ridge/3,7.594849712242327,3.725464097043915,21.136965408886848
318,4,2023-01-01,test,-9.542687272703176,ridge/3,5.982990524203558,3.682955927909237,15.525677796906734
318,4,2023-02-01,test,-9.760750262112428,ridge/3,5.172401766626287,3.6564985114655904,14.933152028738714
318,4,2023-03-01,test,-4.496582798269699,ridge/3,2.5778741367210625,3.630041095021944,7.074456934990762
318,4,2023-04-01,test,0.5031457155366681,ridge/3,0.066846069272305,3.6035836785782935,-0.4362996462643631
318,4,2023-05-01,test,1.655034594367777,ridge/3,0.3278591380960416,3.5771262621346467,-1.3271754562717353
318,4,2023-06-01,test,8.300870319997156,ridge/3,-1.550093815401806,3.5506688456909963,-9.85096413539896
318,4,2023-07-01,test,3.992803395273992,ridge/3,0.2107274596767897,3.5246166319700847,-3.7820759355972022
318,4,2023-08-01,test,-4.359664750575831,ridge/3,3.957541708157133,3.4985644182491735,8.317206458732965
318,4,2023-09-01,test,-6.521214864704561,ridge/3,0.31444030885845,3.4725122045282584,6.835655173563011
318,4,2023-10-01,test,-7.769660571508208,ridge/3,-0.3148887187639706,3.5771262621346467,7.454771852744237
318,4,2023-11-01,test,-7.061756721395351,ridge/3,-2.4005117300746814,3.682955927909237,4.66124499132067
318,4,2023-12-01,test,-5.800681927435569,ridge/3,-2.5124237467755615,3.6564985114655904,3.2882581806600077
318,4,2024-01-01,test,-6.543739760258838,ridge/3,-2.171848024458421,3.630041095021944,4.371891735800417
318,4,2024-02-01,test,-4.0546094394350085,ridge/3,0.96545902647497,3.6035836785782935,5.020068465909978
318,4,2024-03-01,test,-0.8163310639160315,ridge/3,-0.8103013893467642,3.5771262621346467,0.006029674569267285
318,4,2024-04-01,test,1.9257816604414837,ridge/3,-3.339171670991594,3.5506688456909963,-5.264953331433078
318,4,2024-05-01,test,4.638920263189394,ridge/3,-5.092777985191034,3.5246166319700847,-9.731698248380429
318,4,2024-06-01,test,5.239613431184598,ridge/3,0.3678242841595943,3.4985644182491735,-4.871789147025003
318,4,2024-07-01,test,1.0869672236903938,ridge/3,0.3783842703334601,3.4725122045282584,-0.7085829533569337
318,4,2024-08-01,test,0.543479598595642,ridge/3,1.231432178056911,3.4464599908073468,0.6879525794612691
318,4,2024-09-01,test,7.665574423252064,ridge/3,2.966308678317575,3.5506688456909963,-4.699265744934489
318,4,2024-10-01,test,7.560274074295137,ridge/3,5.451728854224465,3.6564985114655904,-2.1085452200706722
318,4,2024-11-01,test,5.9033531584193,ridge/3,0.7391549679293753,3.630041095021944,-5.164198190489925
318,4,2024-12-01,test,3.854297676678353,ridge/3,1.9504412011917267,3.6035836785782935,-1.9038564754866265
318,4,2025-01-01,test,-1.280427224598757,ridge/3,5.883540404900266,3.725464097043915,7.163967629499023
318,4,2025-02-01,test,-1.2210163906931193,ridge/3,6.650475201567263,3.8954967735826074,7.871491592260382
318,4,2025-03-01,test,6.7718174054950175,ridge/3,-2.9298950229073073,3.904890785124522,-9.701712428402324
318,4,2025-04-01,test,10.74443924213142,ridge/3,-4.344637480066163,3.902542282239043,-15.089076722197584
318,4,2025-05-01,test,7.805818628398775,ridge/3,-0.3987861206488041,3.9001937793535646,-8.20460474904758
318,4,2025-06-01,test,-1.4851758136026127,ridge/3,3.107148239150318,3.897845276468086,4.5923240527529305
318,4,2025-07-01,test,-3.1441525834818407,ridge/3,2.9476717111928816,3.90723928801,6.091824294674723
318,4,2025-08-01,test,-8.67984977977665,ridge/3,2.1665037061424632,3.9756905738211943,10.846353485919114
318,4,2025-09-01,test,-3.394265235179361,ridge/3,-1.0405170578737877,4.046441029324914,2.3537481773055733
318,4,2025-10-01,test,8.939838450566828,ridge/3,-3.725056189447728,4.028561817974606,-12.664894640014555
318,4,2025-11-01,test,20.479441264601306,ridge/3,-1.3746178139274567,4.0106826066243,-21.854059078528763
318,4,2025-12-01,test,35.795126829833634,ridge/3,-1.4615009144128082,3.992803395273992,-37.256627744246444
318,4,2026-01-01,test,32.99333779425915,ridge/3,3.4766990598896648,3.9756905738211943,-29.516638734369483
318,4,2026-02-01,test,13.424379558975286,ridge/3,11.532825785714568,4.046441029324914,-1.8915537732607177
318,4,2026-03-01,test,-4.924071610316361,ridge/3,14.681419291240315,4.097851966410362,19.605490901556678
318,4,2026-04-01,test,-18.267876344179612,ridge/3,11.296559322874309,4.137866368531428,29.56443566705392
318,5,2015-01-01,validation,-4.652001563489261,ridge/3,-2.3327891839436043,2.541443796560481,2.3192123795456565
318,5,2015-02-01,validation,-3.834730827462351,ridge/3,-1.9978644657075648,2.5392888853811346,1.8368663617547862
318,5,2015-03-01,validation,-2.770958142775992,ridge/3,-1.6905573629414383,2.5371339742017884,1.0804007798345538
318,5,2015-04-01,validation,-1.6571443589262105,ridge/3,-1.2928515045407023,2.5337430188404397,0.3642928543855082
318,5,2015-05-01,validation,-4.082199452025481,ridge/3,-0.1352972795789637,2.530352063479091,3.9469021724465176
318,5,2015-06-01,validation,-5.010682005417877,ridge/3,-1.2304596076121497,2.5269611081177423,3.780222397805727
318,5,2015-07-01,validation,-5.308689768500852,ridge/3,-3.250716428540838,2.523570152756394,2.0579733399600135
318,5,2015-08-01,validation,-7.834130360508684,ridge/3,-3.2818704382877772,2.520179197395045,4.552259922220907
318,5,2015-09-01,validation,-9.14615541430308,ridge/3,-2.2743409574535685,2.5172134068270413,6.871814456849511
318,5,2015-10-01,validation,-9.55706303852999,ridge/3,-0.9840379693129246,2.5142476162590377,8.573025069217065
318,5,2015-11-01,validation,-7.806837336981864,ridge/3,-1.5829984784201674,2.511281825691034,6.223838858561697
318,5,2015-12-01,validation,-8.604472635853444,ridge/3,-3.0538437093397817,2.508316035123031,5.550628926513662
318,5,2016-01-01,validation,-5.68334747631658,ridge/3,-3.493568115299345,2.505350244555027,2.1897793610172354
318,5,2016-02-01,validation,-5.3519640390633505,ridge/3,-0.3217295833198443,2.488352230461751,5.030234455743506
318,5,2016-03-01,validation,-4.243504263414355,ridge/3,0.7168187003324824,2.4713542163684727,4.960322963746838
318,5,2016-04-01,validation,-5.2643733485422395,ridge/3,2.1616293261801927,2.454356202275197,7.426002674722432
318,5,2016-05-01,validation,-2.6433257068156024,ridge/3,0.3193275510252202,2.437358188181921,2.9626532578408225
318,5,2016-06-01,validation,1.1628037995119025,ridge/3,-1.2504603174737134,2.4203601740886427,-2.4132641169856157
318,5,2016-07-01,validation,4.645247316754109,ridge/3,-1.368762980455308,2.4005256164952917,-6.014010297209417
318,5,2016-08-01,validation,6.789610683241687,ridge/3,-0.9211349138025468,2.3806910589019377,-7.710745597044234
318,5,2016-09-01,validation,8.07354683524375,ridge/3,-0.6702170276694956,2.3608565013085863,-8.743763862913246
318,5,2016-10-01,validation,5.781957088882628,ridge/3,-1.0813139305303665,2.3410219437152353,-6.863271019412994
318,5,2016-11-01,validation,2.285813807604953,ridge/3,0.6626920475690468,2.3211873861218812,-1.623121760035906
318,5,2016-12-01,validation,0.565772371985851,ridge/3,0.7913036560923484,2.4005256164952917,0.22553128410649748
318,5,2017-01-01,validation,-0.1397624266638253,ridge/3,1.5429677603890255,2.4713542163684727,1.6827301870528508
318,5,2017-02-01,validation,-1.9581045199107192,ridge/3,1.4088236665293712,2.511281825691034,3.3669281864400906
318,5,2017-03-01,validation,1.3947227480850977,ridge/3,0.2101809745031098,2.523570152756394,-1.1845417735819879
318,5,2017-04-01,validation,2.9229638314938633,ridge/3,0.0572495380916744,2.520179197395045,-2.865714293402189
318,5,2017-05-01,validation,5.0870073671633875,ridge/3,-0.5558478227342725,2.5172134068270413,-5.64285518989766
318,5,2017-06-01,validation,5.443520655501732,ridge/3,0.2041256139741425,2.514247616259038,-5.23939504152759
318,5,2017-07-01,validation,6.162113410617387,ridge/3,0.338938328251255,2.511281825691034,-5.823175082366132
318,5,2017-08-01,validation,5.2608218968859255,ridge/3,2.4298230020275255,2.508316035123031,-2.8309988948584
318,5,2017-09-01,validation,5.3417237496986125,ridge/3,1.9100978174420256,2.520179197395045,-3.431625932256587
318,5,2017-10-01,validation,4.071475016388604,ridge/3,2.580064001333283,2.5337430188404397,-1.4914110150553208
318,5,2017-11-01,validation,2.2266800775751605,ridge/3,1.9638206834781524,2.543598707739827,-0.2628593940970081
318,5,2017-12-01,validation,2.621382078752887,ridge/3,1.947278431529956,2.6373611119209808,-0.6741036472229309
318,5,2018-01-01,validation,3.359489055571707,ridge/3,3.0884228608543003,2.801824754022511,-0.2710661947174069
318,5,2018-02-01,validation,1.1635554672747794,ridge/3,2.5845314645503965,2.9229638314938633,1.420975997275617
318,5,2018-03-01,validation,1.1516442061559218,ridge/3,2.8562162570187084,2.958654217988102,1.7045720508627866
318,5,2018-04-01,validation,3.8124057841738335,ridge/3,1.2719949546151383,2.949731621364543,-2.540410829558695
318,5,2018-05-01,validation,4.675519907906267,ridge/3,1.3470940218859475,2.940809024740983,-3.3284258860203195
318,5,2018-06-01,validation,2.7570668641089036,ridge/3,1.4002149907550767,2.967576814611661,-1.3568518733538268
318,5,2018-07-01,validation,2.913442288996748,ridge/3,-0.7532296829175467,2.967576814611661,-3.666671971914295
318,5,2018-08-01,validation,0.507615303186082,ridge/3,1.7588799644331656,2.958654217988102,1.2512646612470837
318,5,2018-09-01,validation,-3.0382083688122563,ridge/3,4.192086307316736,2.967576814611661,7.230294676128993
318,5,2018-10-01,validation,-4.546237407675768,ridge/3,1.7941652149577534,3.0114124354371445,6.340402622633522
318,5,2018-11-01,validation,-4.681436703371578,ridge/3,-1.4305195905068917,2.9894946250244043,3.250917112864686
318,5,2018-12-01,validation,-2.5285797228673523,ridge/3,-0.8772344846948179,2.967576814611661,1.6513452381725344
318,5,2019-01-01,test,0.1265022306586871,ridge/3,1.3113539301861863,2.967576814611661,1.1848516995274991
318,5,2019-02-01,test,0.512821636691907,ridge/3,2.071107586901394,2.967576814611661,1.5582859502094872
318,5,2019-03-01,test,-0.9085072222471346,ridge/3,2.55253639408164,2.967576814611661,3.4610436163287748
318,5,2019-04-01,test,-0.6497748657520397,ridge/3,1.4239761272091005,2.967576814611661,2.0737509929611404
318,5,2019-05-01,test,-2.0699316013150337,ridge/3,1.3433545858193796,2.967576814611661,3.413286187134413
318,5,2019-06-01,test,-5.189231600351896,ridge/3,3.051198607681548,2.958654217988102,8.240430208033445
318,5,2019-07-01,test,-7.018100853665299,ridge/3,0.7714720152944932,2.949731621364543,7.789572868959792
318,5,2019-08-01,test,-5.9077579208491215,ridge/3,0.2936742032495956,2.940809024740983,6.201432124098718
318,5,2019-09-01,test,-6.6017232319032,ridge/3,-0.2744426548561605,2.9318864281174237,6.3272805770470395
318,5,2019-10-01,test,-10.31842362352302,ridge/3,0.1467263873327364,2.9229638314938633,10.465150010855755
318,5,2019-11-01,test,-9.198681350190974,ridge/3,-0.1564779810561412,2.9210595229944403,9.042203369134832
318,5,2019-12-01,test,-11.470136911897557,ridge/3,-3.0536195358005287,2.9191552144950172,8.416517376097028
318,5,2020-01-01,test,-10.79765054546744,ridge/3,-3.887656624635623,2.9172509059955942,6.909993920831816
318,5,2020-02-01,test,-8.271572919653725,ridge/3,-7.94061319057353,2.915346597496171,0.33095972908019444
318,5,2020-03-01,test,-2.9413885206293955,ridge/3,-15.39699662916352,2.913442288996748,-12.455608108534124
318,5,2020-04-01,test,-1.0271550321830247,ridge/3,-7.995318895823084,2.8850618281283342,-6.96816386364006
318,5,2020-05-01,test,4.512043528047016,ridge/3,-2.102414465415041,2.85668136725992,-6.614457993462057
318,5,2020-06-01,test,5.252520091846069,ridge/3,4.02868873623164,2.828300906391502,-1.2238313556144291
318,5,2020-07-01,test,3.712378787419901,ridge/3,4.693602874890707,2.7999204455230875,0.9812240874708058
318,5,2020-08-01,test,2.068020523753944,ridge/3,1.7739065338488489,2.7715399846546696,-0.2941139899050951
318,5,2020-09-01,test,9.82556900340823,ridge/3,0.2213124556129379,2.7686453605455164,-9.604256547795291
318,5,2020-10-01,test,12.81862504172695,ridge/3,1.172303292049611,2.85668136725992,-11.64632174967734
318,5,2020-11-01,test,12.361395596717628,ridge/3,4.052263388187338,2.9172509059955942,-8.30913220853029
318,5,2020-12-01,test,13.480609005652331,ridge/3,3.841209932926523,2.9318864281174237,-9.639399072725809
318,5,2021-01-01,test,20.067069546215063,ridge/3,2.779326962201617,2.9229638314938633,-17.287742584013447
318,5,2021-02-01,test,13.603494062330237,ridge/3,5.90300072973295,2.958654217988102,-7.700493332597286
318,5,2021-03-01,test,11.475992819311998,ridge/3,4.422338068312071,2.967576814611661,-7.053654750999926
318,5,2021-04-01,test,16.077322058775145,ridge/3,2.464018284470846,3.0114124354371445,-13.613303774304299
318,5,2021-05-01,test,19.39311858717936,ridge/3,1.7187803393034884,3.1336305044546413,-17.67433824787587
318,5,2021-06-01,test,19.10552367627094,ridge/3,3.530759975697011,3.359489055571707,-15.57476370057393
318,5,2021-07-01,test,17.117447745077996,ridge/3,2.157072626198631,3.5124328876671407,-14.960375118879366
318,5,2021-08-01,test,16.447779398310747,ridge/3,1.0263583170064896,3.6476948107283422,-15.421421081304256
318,5,2021-09-01,test,9.440968447107512,ridge/3,4.269382094402921,3.7523895861214744,-5.17158635270459
318,5,2021-10-01,test,11.111517448932329,ridge/3,5.361559794553296,3.864219630616792,-5.749957654379033
318,5,2021-11-01,test,8.429028687526863,ridge/3,6.546153020100581,4.071475016388604,-1.8828756674262817
318,5,2021-12-01,test,4.611768209496603,ridge/3,5.000606782367882,4.080054564898141,0.3888385728712791
318,5,2022-01-01,test,0.6825965070399675,ridge/3,4.011939130634305,4.34010589763843,3.3293426235943375
318,5,2022-02-01,test,0.2998502996256036,ridge/3,3.769350519772044,4.565325043529854,3.46950022014644
318,5,2022-03-01,test,-7.20155438135377,ridge/3,6.456234132391193,4.651301834984541,13.657788513744963
318,5,2022-04-01,test,-8.231595257155089,ridge/3,5.662931983119886,4.675519907906267,13.894527240274975
318,5,2022-05-01,test,-7.403574652081346,ridge/3,1.5040783994496705,4.669465389675835,8.907653051531017
318,5,2022-06-01,test,-8.727645320059185,ridge/3,-1.7513493530082682,4.663410871445405,6.976295967050917
318,5,2022-07-01,test,-9.850890304351624,ridge/3,-2.244918999494593,4.657356353214972,7.605971304857031
318,5,2022-08-01,test,-14.52766157322083,ridge/3,-1.6342562833669856,4.651301834984541,12.893405289853844
318,5,2022-09-01,test,-20.26450297658693,ridge/3,1.420051697165092,4.645247316754109,21.68455467375202
318,5,2022-10-01,test,-21.709514577832945,ridge/3,0.5950876364041382,4.6385514953026075,22.304602214237082
318,5,2022-11-01,test,-17.32430609986091,ridge/3,3.0799955861693453,4.631855673851107,20.404301686030255
318,5,2022-12-01,test,-15.323333273054551,ridge/3,7.70298307428511,4.625159852399605,23.026316347339662
318,5,2023-01-01,test,-13.203226683364466,ridge/3,5.932656756829213,4.618464030948105,19.13588344019368
318,5,2023-02-01,test,-8.437979652357352,ridge/3,4.871139231381737,4.611768209496603,13.309118883739089
318,5,2023-03-01,test,0.1255492945832159,ridge/3,2.900081517709722,4.591823273206686,2.774532223126506
318,5,2023-04-01,test,-0.1261829820422555,ridge/3,1.841780897878937,4.571878336916771,1.9679638799211925
318,5,2023-05-01,test,4.640330909335866,ridge/3,1.2034437206784971,4.551933400626852,-3.4368871886573684
318,5,2023-06-01,test,5.315574005029067,ridge/3,-0.7848342338887218,4.531988464336935,-6.1004082389177885
318,5,2023-07-01,test,0.262467342277084,ridge/3,0.478091385595198,4.512043528047016,0.21562404331811397
318,5,2023-08-01,test,-7.1505435622834845,ridge/3,3.657181730115622,4.426074712842723,10.807725292399107
318,5,2023-09-01,test,-4.784364256540119,ridge/3,0.94171473959982,4.34010589763843,5.726078996139939
318,5,2023-10-01,test,-10.04705303636344,ridge/3,0.6482351242347728,4.551933400626852,10.695288160598214
318,5,2023-11-01,test,-9.531017980432477,ridge/3,-0.94420389031708,4.617480749464456,8.586814090115396
318,5,2023-12-01,test,-9.334618571966493,ridge/3,-1.5185065059627694,4.611768209496603,7.816112066003724
318,5,2024-01-01,test,-2.3177588312705666,ridge/3,-1.4800642345556638,4.591823273206686,0.8376945967149028
318,5,2024-02-01,test,-3.093723528771264,ridge/3,1.1655717423862586,4.571878336916771,4.259295271157523
318,5,2024-03-01,test,-0.543479598595642,ridge/3,-0.4540330058166753,4.551933400626852,0.08944659277896672
318,5,2024-04-01,test,1.1049836186584727,ridge/3,-2.434010389623175,4.531988464336935,-3.5389940082816476
318,5,2024-05-01,test,9.465594360172869,ridge/3,-4.208026501972985,4.512043528047016,-13.673620862145853
318,5,2024-06-01,test,2.0478531343541384,ridge/3,0.5928719964327173,4.426074712842723,-1.454981137921421
318,5,2024-07-01,test,0.8163310639160315,ridge/3,1.3628054365893978,4.34010589763843,0.5464743726733663
318,5,2024-08-01,test,6.844776381469053,ridge/3,2.501470772158019,4.2541370824341245,-4.3433056093110345
318,5,2024-09-01,test,12.386948171278611,ridge/3,3.385349353646642,4.168168267229831,-9.001598817631969
318,5,2024-10-01,test,2.7115928615888407,ridge/3,5.031568517998791,4.512043528047016,2.31997565640995
318,5,2024-11-01,test,3.583661516903991,ridge/3,1.2288706023137173,4.426074712842723,-2.3547909145902737
318,5,2024-12-01,test,5.020869558274654,ridge/3,2.0308654838093276,4.34010589763843,-2.9900040744653267
318,5,2025-01-01,test,3.500357357333428,ridge/3,5.83722300374665,4.551933400626852,2.336865646413222
318,5,2025-02-01,test,1.9231361927887216,ridge/3,6.615919508128681,4.617480749464456,4.69278331533996
318,5,2025-03-01,test,8.424747600616111,ridge/3,-1.6411449519209325,4.611768209496603,-10.065892552537044
318,5,2025-04-01,test,8.972390509995076,ridge/3,-2.976275269298423,4.591823273206686,-11.9486657792935
318,5,2025-05-01,test,3.295608768329572,ridge/3,0.1826595493597492,4.6289058294001615,-3.1129492189698227
318,5,2025-06-01,test,0.0,ridge/3,3.6895806438991783,4.623193289432308,3.6895806438991783
318,5,2025-07-01,test,-7.026919584655555,ridge/3,3.175986866582817,4.617480749464456,10.202906451238373
318,5,2025-08-01,test,-5.1663139673157055,ridge/3,2.1223892649476683,4.640330909335866,7.288703232263374
318,5,2025-09-01,test,4.429628590497625,ridge/3,-0.6185771159964877,4.64426403527046,-5.048205706494112
318,5,2025-10-01,test,21.96461707820392,ridge/3,-3.023566414596309,4.6432807537868115,-24.98818349280023
318,5,2025-11-01,test,31.91235982865992,ridge/3,-0.65256019710434,4.642297472303163,-32.56492002576426
318,5,2025-12-01,test,36.50687360672009,ridge/3,-0.7777751467237624,4.641314190819514,-37.284648753443854
318,5,2026-01-01,test,21.248273384652272,ridge/3,3.3722168604004974,4.640330909335866,-17.876056524251773
318,5,2026-02-01,test,8.10070701732073,ridge/3,9.628627660796855,4.634618369368013,1.5279206434761257
318,5,2026-03-01,test,-6.834957780120998,ridge/3,13.4399534622781,4.6432807537868115,20.2749112423991
318,6,2015-01-01,validation,-5.280539144985319,ridge/3,-2.9942020337776203,2.924738512033524,2.2863371112076987
318,6,2015-02-01,validation,-5.103783391866834,ridge/3,-2.1176668870022755,2.9033193607444567,2.9861165048645586
318,6,2015-03-01,validation,-3.4115753240171465,ridge/3,-1.532132813847332,2.88190020945539,1.8794425101698145
318,6,2015-04-01,validation,-2.9508234619981977,ridge/3,-1.3314006037473551,2.86048105816632,1.6194228582508425
318,6,2015-05-01,validation,-5.260995027229676,ridge/3,-0.0148373097540455,2.8592249133227465,5.24615771747563
318,6,2015-06-01,validation,-5.93722734999691,ridge/3,-1.311219750675796,2.8579687684791732,4.626007599321113
318,6,2015-07-01,validation,-9.103182924913169,ridge/3,-3.662848144418396,2.8567126236356,5.440334780494773
318,6,2015-08-01,validation,-9.786772595544235,ridge/3,-3.635996378750267,2.8554564787920267,6.150776216793968
318,6,2015-09-01,validation,-10.850742141601977,ridge/3,-2.380298754913126,2.8542003339484534,8.470443386688851
318,6,2015-10-01,validation,-8.985632912186059,ridge/3,-0.5798505640214273,2.8336595328641514,8.405782348164632
318,6,2015-11-01,validation,-9.531017980432477,ridge/3,-1.3301750459193056,2.8131187317798463,8.20084293451317
318,6,2015-12-01,validation,-9.477840632728896,ridge/3,-3.0438726959510456,2.792577930695544,6.43396793677785
318,6,2016-01-01,validation,-7.304606274098901,ridge/3,-3.0984416837458664,2.772037129611242,4.206164590353034
318,6,2016-02-01,validation,-5.948090990713251,ridge/3,0.3544116082795874,2.7514963285269367,6.302502598992838
318,6,2016-03-01,validation,-4.692943222198309,ridge/3,1.3724543667250126,2.744595169860107,6.065397588923322
318,6,2016-04-01,validation,-4.367506350266215,ridge/3,2.41324544294502,2.737694011193277,6.780751793211235
318,6,2016-05-01,validation,0.2894358026364507,ridge/3,0.5492907082804233,2.730792852526447,0.25985490564397257
318,6,2016-06-01,validation,3.023988518971787,ridge/3,-1.1864762040407395,2.7238916938596174,-4.210464723012526
318,6,2016-07-01,validation,6.193483731591787,ridge/3,-1.2625701510998033,2.716990535192787,-7.45605388269159
318,6,2016-08-01,validation,7.624107876459796,ridge/3,-0.934151172505986,2.6810192229945895,-8.558259048965782
318,6,2016-09-01,validation,6.678824087158652,ridge/3,-0.8534690755977357,2.6450479107963867,-7.532293162756388
318,6,2016-10-01,validation,5.218575317057006,ridge/3,-1.5115290300928337,2.6090765985981887,-6.730104347149839
318,6,2016-11-01,validation,2.426957091445736,ridge/3,-0.1100183839543809,2.5731052863999913,-2.536975475400117
318,6,2016-12-01,validation,1.4084739881738528,ridge/3,0.3815502832340132,2.716990535192787,-1.0269237049398396
318,6,2017-01-01,validation,-1.1236073266926103,ridge/3,1.5065411927729755,2.744595169860107,2.630148519465586
318,6,2017-02-01,validation,0.0,ridge/3,1.502310241726042,2.8131187317798463,1.502310241726042
318,6,2017-03-01,validation,2.3595820596682415,ridge/3,0.5093757444431378,2.8567126236356,-1.8502063152251038
318,6,2017-04-01,validation,5.228150651004171,ridge/3,0.3213226617755236,2.88190020945539,-4.906827989228647
318,6,2017-05-01,validation,6.286222271689734,ridge/3,-0.4809818101106582,2.86048105816632,-6.767204081800393
318,6,2017-06-01,validation,5.178268510588602,ridge/3,-0.0680373622557026,2.8592249133227465,-5.246305872844304
318,6,2017-07-01,validation,7.218926416796645,ridge/3,0.3464002642596466,2.8579687684791732,-6.872526152536999
318,6,2017-08-01,validation,6.306583061281756,ridge/3,2.4215978802970177,2.8567126236356,-3.8849851809847387
318,6,2017-09-01,validation,6.376661835898911,ridge/3,1.769527360877139,2.8554564787920267,-4.607134475021772
318,6,2017-10-01,validation,3.4258949821015072,ridge/3,2.410489702338996,2.86048105816632,-1.0154052797625113
318,6,2017-11-01,validation,2.3561299338397568,ridge/3,1.8209423238575704,2.946157663322594,-0.5351876099821864
318,6,2017-12-01,validation,4.416302061750965,ridge/3,2.0405117053800126,2.967576814611661,-2.3757903563709526
318,6,2018-01-01,validation,2.2093166316706103,ridge/3,3.54202630271951,2.9901414963557116,1.3327096710488995
318,6,2018-02-01,validation,2.1865822923562206,ridge/3,2.8093330983592955,3.109708192158916,0.6227508060030749
318,6,2018-03-01,validation,3.166825749886737,ridge/3,2.9208158422035657,3.4525868849073937,-0.24600990768317121
318,6,2018-04-01,validation,4.804969764170863,ridge/3,1.146883941968777,3.447248504346217,-3.6580858222020862
318,6,2018-05-01,validation,4.551986847106981,ridge/3,1.482962510049366,3.4419101237850396,-3.0690243370576153
318,6,2018-06-01,validation,1.763269865095651,ridge/3,1.2349423772332846,3.491819669220835,-0.5283274878623665
318,6,2018-07-01,validation,1.530642128267523,ridge/3,-0.8000044065972154,3.472203277064116,-2.3306465348647385
318,6,2018-08-01,validation,-1.0230268250814412,ridge/3,2.055724164912463,3.4525868849073937,3.078750989993904
318,6,2018-09-01,validation,-3.5536734276787385,ridge/3,4.683651896754524,3.447248504346217,8.237325324433263
318,6,2018-10-01,validation,-4.804969764170863,ridge/3,1.999181351991028,3.5114360613775575,6.804151116161892
318,6,2018-11-01,validation,-3.522376721880605,ridge/3,-1.5168646779586632,3.605406491077031,2.005512043921942
318,6,2018-12-01,validation,-1.256297930070538,ridge/3,-0.5694722985239571,3.5780376683840154,0.6868256315465808
318,6,2019-01-01,test,-1.0178204915756162,ridge/3,2.2223755700127965,3.5506688456909963,3.2401960615884127
318,6,2019-02-01,test,-1.4239722811136168,ridge/3,3.056559311006545,3.531052453534277,4.480531592120162
318,6,2019-03-01,test,-0.9085072222471346,ridge/3,3.3699230273413647,3.5114360613775575,4.278430249588499
318,6,2019-04-01,test,-0.9108716198240608,ridge/3,1.9817760507001203,3.491819669220835,2.8926476705241813
318,6,2019-05-01,test,-3.9169498075550817,ridge/3,1.801738486625918,3.472203277064116,5.718688294181
318,6,2019-06-01,test,-8.162423575899602,ridge/3,3.7006414068115134,3.4525868849073937,11.863064982711116
318,6,2019-07-01,test,-7.844551838654645,ridge/3,1.1974545984650464,3.447248504346217,9.042006437119692
318,6,2019-08-01,test,-6.6017232319032,ridge/3,0.7782122649867864,3.4419101237850396,7.379935496889987
318,6,2019-09-01,test,-10.579520377595042,ridge/3,-0.1242293309657975,3.436571743223862,10.455291046629245
318,6,2019-10-01,test,-11.04569955643102,ridge/3,0.1528000907755009,3.431233362662685,11.19849964720652
318,6,2019-11-01,test,-14.44332888744526,ridge/3,-0.0317248873535387,3.4258949821015072,14.411604000091721
318,6,2019-12-01,test,-11.624101530456787,ridge/3,-3.294464019698615,3.3740811356585563,8.329637510758172
318,6,2020-01-01,test,-8.965538230707804,ridge/3,-4.603884668341588,3.322267289215605,4.361653562366215
318,6,2020-02-01,test,-6.919185666321237,ridge/3,-8.97075859641497,3.2704534427726464,-2.0515729300937338
318,6,2020-03-01,test,-1.754430965091025,ridge/3,-17.02234096725919,3.218639596329695,-15.267910002168165
318,6,2020-04-01,test,-0.7326040092072716,ridge/3,-9.053163028612992,3.166825749886737,-8.32055901940572
318,6,2020-05-01,test,5.098555473286837,ridge/3,-0.9198381833066752,3.1382583037037484,-6.018393656593512
318,6,2020-06-01,test,5.5444911021795384,ridge/3,6.242111534078487,3.10969085752076,0.6976204318989483
318,6,2020-07-01,test,3.4204077770864316,ridge/3,6.491060454839104,3.0811234113377677,3.0706526777526726
318,6,2020-08-01,test,11.0125265589466,ridge/3,1.69118429485508,3.0525559651547796,-9.32134226409152
318,6,2020-09-01,test,13.113176064702705,ridge/3,0.1077830720857324,3.023988518971787,-13.005392992616972
318,6,2020-10-01,test,12.947907541957449,ridge/3,1.270880820080753,3.0127061780997626,-11.677026721876695
318,6,2020-11-01,test,13.772580015985804,ridge/3,4.865799971941285,3.10969085752076,-8.90678004404452
318,6,2020-12-01,test,19.775098535881597,ridge/3,4.490260418344487,3.2704534427726464,-15.28483811753711
318,6,2021-01-01,test,22.54800009752289,ridge/3,3.159038430582968,3.4215052180894467,-19.388961666939924
318,6,2021-02-01,test,14.76359988060647,ridge/3,5.344979107175619,3.4258949821015072,-9.418620773430852
318,6,2021-03-01,test,16.206604559005644,ridge/3,4.144027960683209,3.447248504346217,-12.062576598322435
318,6,2021-04-01,test,20.804303006447533,ridge/3,2.6655588190011885,3.5114360613775575,-18.138744187446346
318,6,2021-05-01,test,25.400013206500205,ridge/3,1.6498208549503088,3.605406491077031,-23.750192351549895
318,6,2021-06-01,test,19.59837829638582,ridge/3,2.707085645516762,3.766450257729976,-16.891292650869058
318,6,2021-07-01,test,17.607885216586983,ridge/3,1.5937419632707384,4.082199452025526,-16.014143253316245
318,6,2021-08-01,test,14.171580186801158,ridge/3,0.5502073076060787,4.349481539805881,-13.621372879195079
318,6,2021-09-01,test,15.838498396604717,ridge/3,3.837671103521939,4.4977129329645775,-12.000827293082779
318,6,2021-10-01,test,14.435923306847709,ridge/3,5.2196971692768175,4.653180013932536,-9.216226137570892
318,6,2021-11-01,test,5.104622829611483,ridge/3,6.3755591564680065,4.863686905994063,1.270936326856524
318,6,2021-12-01,test,1.173033978548954,ridge/3,5.1938254424521695,5.098555473286837,4.020791463903215
318,6,2022-01-01,test,-1.976348911883985,ridge/3,4.264179594787313,5.16232590312825,6.240528506671298
318,6,2022-02-01,test,-0.8040244318565648,ridge/3,4.506552723677124,5.202452594469645,5.3105771555336885
318,6,2022-03-01,test,-4.907189399239709,ridge/3,6.942849301593433,5.222405450635872,11.850038700833142
318,6,2022-04-01,test,-10.727980509996726,ridge/3,5.960821357317323,5.290496108599095,16.688801867314048
318,6,2022-05-01,test,-12.166379551006834,ridge/3,1.960915249997076,5.228150651004171,14.12729480100391
318,6,2022-06-01,test,-12.509835723275575,ridge/3,-1.3785903792080032,5.226235584214738,11.131245344067572
318,6,2022-07-01,test,-15.631536304702998,ridge/3,-1.5308426131804385,5.224320517425305,14.10069369152256
318,6,2022-08-01,test,-17.970137994472868,ridge/3,-1.1589061074201656,5.222405450635872,16.811231887052703
318,6,2022-09-01,test,-24.205899830674586,ridge/3,1.719250343060193,5.220490383846439,25.925150173734778
318,6,2022-10-01,test,-22.087110998786397,ridge/3,1.4776109308773144,5.218575317057006,23.564721929663712
318,6,2022-11-01,test,-19.10552367627094,ridge/3,5.687355906410335,5.210513955763326,24.792879582681277
318,6,2022-12-01,test,-18.98387268371584,ridge/3,11.584496253100362,5.202452594469645,30.568368936816203
318,6,2023-01-01,test,-11.880456073609391,ridge/3,9.58950189695114,5.194391233175963,21.46995797056053
318,6,2023-02-01,test,-3.815847559504437,ridge/3,8.115269468982696,5.1863298718822834,11.931117028487133
318,6,2023-03-01,test,-0.5037794029957077,ridge/3,5.642161502578556,5.178268510588602,6.145940905574264
318,6,2023-04-01,test,2.859113332925834,ridge/3,4.481407479641981,5.163539374393179,1.6222941467161474
318,6,2023-05-01,test,1.655034594367777,ridge/3,3.425190077704949,5.148810238197756,1.770155483337172
318,6,2023-06-01,test,1.5852379520321591,ridge/3,0.544386206863958,5.13408110200233,-1.0408517451682011
318,6,2023-07-01,test,-2.5284114694305693,ridge/3,0.8262505007118118,5.119351965806907,3.354661970142381
318,6,2023-08-01,test,-5.413692954119043,ridge/3,3.6471697592621135,5.104622829611483,9.060862713381155
318,6,2023-09-01,test,-7.061756721395351,ridge/3,1.0200964852918832,5.103409358346553,8.081853206687235
318,6,2023-10-01,test,-12.516314295400566,ridge/3,0.6366548589051313,5.102195887081624,13.152969154305698
318,6,2023-11-01,test,-13.0649546249634,ridge/3,-0.4830329678721858,5.100982415816695,12.581921657091215
318,6,2023-12-01,test,-5.10863764297822,ridge/3,-0.9390510352360816,5.099768944551766,4.169586607742138
318,6,2024-01-01,test,-1.356872920606822,ridge/3,-0.9389563850660504,5.098555473286837,0.41791653554077157
318,6,2024-02-01,test,-2.8208720634508744,ridge/3,1.556039926638661,5.0398383314636455,4.3769119900895355
318,6,2024-03-01,test,-1.3642776403786527,ridge/3,-0.4443009111956719,4.981121189640454,0.9199767291829808
318,6,2024-04-01,test,5.931657715641947,ridge/3,-2.31036807523561,4.922404047817254,-8.242025790877557
318,6,2024-05-01,test,6.2738340633424095,ridge/3,-4.44760791036691,4.863686905994063,-10.72144197370932
318,6,2024-06-01,test,1.777216974579776,ridge/3,0.3408768913240843,4.804969764170863,-1.4363400832556916
318,6,2024-07-01,test,7.117627846789443,ridge/3,1.6820765351000295,4.75437318075809,-5.435551311689413
318,6,2024-08-01,test,11.5661501294956,ridge/3,3.5763766758435382,4.703776597345316,-7.989773453652062
318,6,2024-09-01,test,7.538266958572315,ridge/3,4.824227597128493,4.653180013932536,-2.714039361443822
318,6,2024-10-01,test,0.3919012200735317,ridge/3,5.892536916428334,4.863686905994063,5.500635696354802
318,6,2024-11-01,test,4.750233398500292,ridge/3,1.9685398910737637,5.098555473286837,-2.781693507426528
318,6,2024-12-01,test,9.80165414020684,ridge/3,2.664756913240101,5.0398383314636455,-7.136897226966738
318,6,2025-01-01,test,6.644509940815269,ridge/3,6.7561498965742945,5.102195887081624,0.11163995575902597
318,6,2025-02-01,test,3.5760663879098153,ridge/3,7.266239229382,5.13408110200233,3.690172841472185
318,6,2025-03-01,test,6.652698868479767,ridge/3,-1.5822152060877597,5.1863298718822834,-8.234914074567527
318,6,2025-04-01,test,4.462180649925873,ridge/3,-2.826256055970825,5.178268510588602,-7.288436705896698
318,6,2025-05-01,test,4.780784581932185,ridge/3,0.1111733743099996,5.163539374393179,-4.669611207622185
318,6,2025-06-01,test,-3.882767001173715,ridge/3,3.923717195433056,5.202452594469645,7.806484196606771
318,6,2025-07-01,test,-3.5133837721946115,ridge/3,3.2483065659714856,5.222405450635872,6.7616903381660975
318,6,2025-08-01,test,2.657579858361281,ridge/3,1.9296796523055035,5.220490383846439,-0.7279002060557773
318,6,2025-09-01,test,17.454407218134715,ridge/3,-0.9866241534300806,5.228150651004171,-18.441031371564797
318,6,2025-10-01,test,33.39753564226253,ridge/3,-3.1141315938097422,5.226235584214738,-36.51166723607228
318,6,2025-11-01,test,32.62410660554637,ridge/3,-0.5364542104861394,5.224320517425305,-33.160560816032515
318,6,2025-12-01,test,24.761809197113216,ridge/3,-0.595769760510358,5.222405450635872,-25.357578957623574
318,6,2026-01-01,test,15.924600842997716,ridge/3,3.825845160567696,5.220490383846439,-12.09875568243002
318,6,2026-02-01,test,6.189820847516092,ridge/3,9.806265646162288,5.218575317057006,3.616444798646196
402,2,2015-01-01,validation,-0.9597002641009488,ridge/3,0.0186259236045142,2.292212142540891,0.978326187705463
402,2,2015-02-01,validation,-0.9633985881134066,ridge/3,-0.1591616037842305,2.285472462611917,0.8042369843291761
402,2,2015-03-01,validation,0.0963855496306287,ridge/3,0.0404659008573901,2.278732782682944,-0.0559196487732386
402,2,2015-04-01,validation,1.3461741750898426,ridge/3,-0.1494214982049956,2.2719931027539713,-1.4955956732948381
402,2,2015-05-01,validation,1.6244982184333343,ridge/3,-0.0612183742937137,2.2652534228249976,-1.685716592727048
402,2,2015-06-01,validation,0.4764182427118513,ridge/3,0.0637234897292003,2.243417920391552,-0.412694752982651
402,2,2015-07-01,validation,-0.9523881511255716,ridge/3,-0.0648131505150941,2.221582417958103,0.8875750006104776
402,2,2015-08-01,validation,-1.051132468268623,ridge/3,-0.1105691238797507,2.1997469155246567,0.9405633443888722
402,2,2015-09-01,validation,-0.287494208559913,ridge/3,0.0432319462537557,2.177911413091211,0.3307261548136687
402,2,2015-10-01,validation,-0.3849860385441772,ridge/3,0.079252902015085,2.156075910657762,0.4642389405592622
402,2,2015-11-01,validation,-0.5774799493884153,ridge/3,0.1468957550271554,2.1350208129487505,0.7243757044155708
402,2,2015-12-01,validation,-1.0664182498812735,ridge/3,-0.0736646268015283,2.113965715239736,0.9927536230797452
402,2,2016-01-01,validation,-0.9699397088713368,ridge/3,0.0973080003412432,2.0929106175307237,1.06724770921258
402,2,2016-02-01,validation,0.6799443388923798,ridge/3,0.2397727396418685,2.071855519821712,-0.4401715992505113
402,2,2016-03-01,validation,0.5830920310793353,ridge/3,0.4014892793442298,2.0508004221126974,-0.18160275173510548
402,2,2016-04-01,validation,-0.1937985102678396,ridge/3,0.5685958261789305,2.0315322591495653,0.76239433644677
402,2,2016-05-01,validation,-2.3530497410193973,ridge/3,0.5333632691087511,2.012264096186431,2.886413010128148
402,2,2016-06-01,validation,-2.256103538564602,ridge/3,0.4141721502432,1.9929959332232987,2.670275688807802
402,2,2016-07-01,validation,-0.1986097971629519,ridge/3,0.142640410669074,1.9737277702601668,0.3412502078320259
402,2,2016-08-01,validation,-0.298062813813793,ridge/3,0.1840373684787581,1.954459607297032,0.48210018229255114
402,2,2016-09-01,validation,-0.3984069014874691,ridge/3,0.1939914128682384,1.9374103460806689,0.5923983143557074
402,2,2016-10-01,validation,0.4962789342129348,ridge/3,0.1473509756572241,1.9203610848643031,-0.3489279585557107
402,2,2016-11-01,validation,0.8941937375661624,ridge/3,0.1487275244224585,1.90331182364794,-0.7454662131437039
402,2,2016-12-01,validation,0.0989609185165996,ridge/3,0.4145339203937027,1.8862625624315768,0.3155730018771031
402,2,2017-01-01,validation,1.5701990908087105,ridge/3,0.5795416404734753,1.8692133012152112,-0.9906574503352351
402,2,2017-02-01,validation,2.5391989209055943,ridge/3,0.5173979302772748,1.867721821293582,-2.0218009906283196
402,2,2017-03-01,validation,2.3100160948392734,ridge/3,0.7615971833987926,1.866230341371953,-1.5484189114404807
402,2,2017-04-01,validation,1.4361185068128002,ridge/3,0.7175199586340864,1.90331182364794,-0.7185985481787138
402,2,2017-05-01,validation,-0.3813160006414406,ridge/3,0.8738940445724057,1.9737277702601668,1.2552100452138464
402,2,2017-06-01,validation,-0.4764182427118513,ridge/3,0.8494916917114561,1.954459607297032,1.3259099344233074
402,2,2017-07-01,validation,0.3813160006414406,ridge/3,0.7559791454686509,1.9374103460806689,0.37466314482721025
402,2,2017-08-01,validation,-0.1912046471625572,ridge/3,0.7148967626274629,1.9203610848643056,0.9061014097900202
402,2,2017-09-01,validation,-1.2446307151117608,ridge/3,0.6683722713582163,1.90331182364794,1.9130029864699771
402,2,2017-10-01,validation,-0.287494208559913,ridge/3,0.644705571570159,1.8862625624315768,0.9321997801300719
402,2,2017-11-01,validation,-0.0963855496306287,ridge/3,0.4834160022984629,1.8692133012152112,0.5798015519290916
402,2,2017-12-01,validation,0.0,ridge/3,0.8232069687522017,1.867721821293582,0.8232069687522017
402,2,2018-01-01,validation,0.7684956169383916,ridge/3,0.7164208173266614,1.866230341371953,-0.05207479961173023
402,2,2018-02-01,validation,0.0,ridge/3,0.6748680361472073,1.8647388614503235,0.6748680361472073
402,2,2018-03-01,validation,-0.7684956169383916,ridge/3,0.6105462820960937,1.8632473815286943,1.3790418990344855
402,2,2018-04-01,validation,-0.8674753193673723,ridge/3,0.2708991060377274,1.861755901607065,1.1383744254050998
402,2,2018-05-01,validation,-0.7744472395478041,ridge/3,0.0946631095797379,1.8533519023238123,0.869110349127542
402,2,2018-06-01,validation,0.0,ridge/3,-0.1072983918495285,1.84494790304056,-0.1072983918495285
402,2,2018-07-01,validation,0.1941748182910707,ridge/3,0.0724865585477362,1.836543903757306,-0.1216882597433345
402,2,2018-08-01,validation,-0.4852023104527703,ridge/3,0.4629615271093567,1.8281399044740536,0.948163837562127
402,2,2018-09-01,validation,-0.5836592444451227,ridge/3,0.374984205080522,1.8197359051908,0.9586434495256447
402,2,2018-10-01,validation,0.2914038001849306,ridge/3,0.1499865062509024,1.8179716599495777,-0.14141729393402822
402,2,2018-11-01,validation,1.5489177042460334,ridge/3,0.0178779490398718,1.8162074147083551,-1.5310397552061616
402,2,2018-12-01,validation,0.8691508118458202,ridge/3,0.4134312956167832,1.8144431694671328,-0.455719516229037
402,2,2019-01-01,test,-0.2886004889135485,ridge/3,0.6731393659019576,1.81267892422591,0.9617398548155061
402,2,2019-02-01,test,0.5752652489450227,ridge/3,0.4253029531621819,1.8109146789846875,-0.14996229578284082
402,2,2019-03-01,test,0.7677580899034808,ridge/3,0.3847123207591987,1.7869411861540931,-0.3830457691442821
402,2,2019-04-01,test,-0.1913876182284113,ridge/3,0.4496978829691953,1.7629676933234988,0.6410855011976065
402,2,2019-05-01,test,1.9877606676884871,ridge/3,0.6268336102073133,1.738994200492901,-1.3609270574811738
402,2,2019-06-01,test,1.426557715882204,ridge/3,0.5835451396623642,1.7150207076623067,-0.8430125762198398
402,2,2019-07-01,test,-1.9877606676884871,ridge/3,0.7516681473117999,1.8109146789846875,2.739428815000287
402,2,2019-08-01,test,-0.9487737205109426,ridge/3,0.5779956075843213,1.7869411861540931,1.526769328095264
402,2,2019-09-01,test,-0.0956480225957179,ridge/3,0.2803293624386687,1.7629676933234988,0.3759773850343866
402,2,2019-10-01,test,-0.7655539781327825,ridge/3,0.3528519109290241,1.738994200492901,1.1184058890618065
402,2,2019-11-01,test,0.3820443997385681,ridge/3,0.3747595804410738,1.7150207076623067,-0.007284819297494249
402,2,2019-12-01,test,1.430639565123748,ridge/3,0.1660997702105223,1.691047214831709,-1.2645397949132258
402,2,2020-01-01,test,1.0431578709815703,ridge/3,-0.0834166627611515,1.6777374155520348,-1.1265745337427218
402,2,2020-02-01,test,0.1892148152037975,ridge/3,-0.4541200635735155,1.6644276162723606,-0.643334878777313
402,2,2020-03-01,test,-0.6625674972137396,ridge/3,-1.0137208994082767,1.6511178169926846,-0.35115340219453706
402,2,2020-04-01,test,0.6594465725281218,ridge/3,-0.5597472324229072,1.6378080177130103,-1.2191938049510291
402,2,2020-05-01,test,-0.2853068982406448,ridge/3,-0.1459444314037823,1.6244982184333343,0.13936246683686251
402,2,2020-06-01,test,-1.5137469747228849,ridge/3,0.2726668791551434,1.6136383929084102,1.7864138538780283
402,2,2020-07-01,test,0.3802285949738859,ridge/3,0.2775887609018956,1.602778567383486,-0.10263983407199029
402,2,2020-08-01,test,0.4755120705010718,ridge/3,-0.111681056347321,1.5919187418585603,-0.5871931268483928
402,2,2020-09-01,test,1.9728211460455112,ridge/3,0.0211105961137272,1.5810589163336362,-1.951710549931784
402,2,2020-10-01,test,3.0829158019901826,ridge/3,0.4952409010903803,1.5701990908087105,-2.587674900899802
402,2,2020-11-01,test,2.7524673390090904,ridge/3,0.996812107788823,1.6136383929084102,-1.7556552312202673
402,2,2020-12-01,test,2.0037100229157723,ridge/3,1.03984017802816,1.6644276162723606,-0.9638698448876122
402,2,2021-01-01,test,2.0600818106150776,ridge/3,1.1804004694108614,1.738994200492901,-0.8796813412042161
402,2,2021-02-01,test,2.1410273677639147,ridge/3,0.6588004527250891,1.81267892422591,-1.4822269150388254
402,2,2021-03-01,test,2.2788015010040574,ridge/3,0.7233043282748173,1.8197359051908,-1.5554971727292402
402,2,2021-04-01,test,4.31846029503804,ridge/3,0.7841490800054981,1.8533519023238123,-3.534311215032542
402,2,2021-05-01,test,2.819494754162299,ridge/3,0.9193310807800132,1.866230341371953,-1.9001636733822858
402,2,2021-06-01,test,3.4887259000440984,ridge/3,0.844156013879682,1.90331182364794,-2.6445698861644162
402,2,2021-07-01,test,4.12599777828202,ridge/3,0.7474990988563643,1.958131915046728,-3.3784986794256557
402,2,2021-08-01,test,2.1002387488083585,ridge/3,1.2855921253978004,1.9728211460455112,-0.814646623410558
402,2,2021-09-01,test,1.8422627553035476,ridge/3,1.1236516945411903,1.984772763359892,-0.7186110607623573
402,2,2021-10-01,test,0.5579926793474854,ridge/3,1.2772244793398713,1.9973302808248583,0.7192317999923858
402,2,2021-11-01,test,-1.0371054265487345,ridge/3,0.9094434255688906,1.994140409779401,1.946548852117625
402,2,2021-12-01,test,0.7128743060753173,ridge/3,0.8875264995755362,1.9909505387339443,0.17465219350021888
402,2,2022-01-01,test,3.69975293808098,ridge/3,0.7279660493003001,1.9877606676884871,-2.97178688878068
402,2,2022-02-01,test,5.002967077919518,ridge/3,0.7773130129316379,1.984772763359892,-4.22565406498788
402,2,2022-03-01,test,4.162538114690939,ridge/3,0.9938268558578008,1.9973302808248583,-3.168711258833138
402,2,2022-04-01,test,1.3423020332140825,ridge/3,1.286589488514907,2.0225461825945428,-0.055712544699175526
402,2,2022-05-01,test,1.3986241974740743,ridge/3,1.1295484608065054,2.0526566998131734,-0.2690757366675689
402,2,2022-06-01,test,0.0,ridge/3,0.4540467313867211,2.0508004221126974,0.4540467313867211
402,2,2022-07-01,test,-1.769957709940151,ridge/3,0.924573595968844,2.041382342273313,2.694531305908995
402,2,2022-08-01,test,-1.3423020332140825,ridge/3,0.0658891440133095,2.031964262433928,1.408191177227392
402,2,2022-09-01,test,-2.1053409197832273,ridge/3,-0.0590484894980748,2.0225461825945428,2.0462924302851526
402,2,2022-10-01,test,-2.1245108613736186,ridge/3,0.3441922226595594,2.013128102755158,2.468703084033178
402,2,2022-11-01,test,-1.608613775162393,ridge/3,0.5167483952229946,2.0037100229157723,2.1253621703853876
402,2,2022-12-01,test,-2.170627858186336,ridge/3,0.7435286993050411,2.0005201518703153,2.914156557491377
402,2,2023-01-01,test,-3.5367143837291337,ridge/3,0.1391511888496525,1.9973302808248583,3.675865572578786
402,2,2023-02-01,test,-2.539819060561044,ridge/3,-0.2284336944979943,1.994140409779401,2.3113853660630497
402,2,2023-03-01,test,0.5584378293900016,ridge/3,-0.3516011517537663,1.9909505387339443,-0.9100389811437679
402,2,2023-04-01,test,0.1606426048273768,ridge/3,-0.3608500528520675,1.9877606676884871,-0.5214926576794443
402,2,2023-05-01,test,-1.8467004124913975,ridge/3,-0.0440434928312079,1.984772763359892,1.8026569196601896
402,2,2023-06-01,test,-2.272825107755594,ridge/3,0.1667341156200062,1.9817848590312972,2.4395592233756003
402,2,2023-07-01,test,-2.046735385054088,ridge/3,-0.0826830613118827,1.9787969547027016,1.9640523237422054
402,2,2023-08-01,test,0.1640689457460098,ridge/3,-0.2822394201582745,1.9758090503741064,-0.44630836590428435
402,2,2023-09-01,test,1.6407258951242731,ridge/3,-0.2112714665518891,1.9728211460455112,-1.8519973616761622
402,2,2023-10-01,test,2.028467117150523,ridge/3,0.4139667026997293,1.9691488382958156,-1.6145004144507937
402,2,2023-11-01,test,2.491089037948857,ridge/3,0.4454279100670339,1.96547653054612,-2.0456611278818233
402,2,2023-12-01,test,2.1454935001259834,ridge/3,0.5319409719138131,1.9787969547027016,-1.6135525282121703
402,2,2024-01-01,test,2.585337882633354,ridge/3,0.6054250492711079,1.9909505387339443,-1.979912833362246
402,2,2024-02-01,test,1.327625903912022,ridge/3,0.7773608294242599,2.0037100229157723,-0.5502650744877621
402,2,2024-03-01,test,1.0003931064519025,ridge/3,0.8596017476491288,2.023515698303574,-0.14079135880277371
402,2,2024-04-01,test,3.281484816114677,ridge/3,0.6471496357728767,2.018564279456623,-2.6343351803418003
402,2,2024-05-01,test,1.4443428583946094,ridge/3,0.7736358031018646,2.0136128606096726,-0.6707070552927448
402,2,2024-06-01,test,0.2998502996256924,ridge/3,1.1593314203055956,2.0329337781429584,0.8594811206799031
402,2,2024-07-01,test,1.9432599539876527,ridge/3,1.088851910444208,2.028467117150523,-0.8544080435434447
402,2,2024-08-01,test,2.4400471191857953,ridge/3,1.1533081238722391,2.023515698303574,-1.2867389953135562
402,2,2024-09-01,test,2.19628154490934,ridge/3,0.8476431102638484,2.018564279456623,-1.3486384346454914
402,2,2024-10-01,test,2.0962097505305977,ridge/3,0.7369428237731463,2.037400439135393,-1.3592669267574513
402,2,2024-11-01,test,2.925645695389356,ridge/3,0.9216055932749286,2.0526566998131734,-2.0040401021144274
402,2,2024-12-01,test,3.3066677752777274,ridge/3,0.9486284964103364,2.0600818106150776,-2.358039278867391
402,2,2025-01-01,test,2.7741029946538376,ridge/3,1.1882817782943684,2.088984162547494,-1.5858212163594692
402,2,2025-02-01,test,2.6631823180792935,ridge/3,1.2337470381741296,2.098627149497254,-1.429435279905164
402,2,2025-03-01,test,3.0978908258177285,ridge/3,1.1215108943757666,2.1165541963905814,-1.976379931441962
402,2,2025-04-01,test,3.1832926573210685,ridge/3,1.26141031757017,2.1419205942363284,-1.9218823397508984
402,2,2025-05-01,test,0.3310165220454131,ridge/3,1.3775622332583763,2.1454935001259834,1.0465457112129632
402,2,2025-06-01,test,-2.4447864475749093,ridge/3,1.372875884194531,2.1539594285514063,3.8176623317694403
402,2,2025-07-01,test,-2.9512537614477807,ridge/3,0.7890177635324387,2.151842946445051,3.740271524980219
402,2,2025-08-01,test,-3.470916637201515,ridge/3,0.4834179486038526,2.149726464338695,3.9543345858053676
402,2,2025-09-01,test,-3.0410083471126725,ridge/3,-0.1989677936151582,2.147609982232339,2.8420405534975144
402,2,2025-10-01,test,-2.5957262338383025,ridge/3,-0.2350098716442934,2.1454935001259834,2.360716362194009
402,2,2025-11-01,test,-2.2712118922945557,ridge/3,-0.0926574944597107,2.1446002736535696,2.178554397834845
402,2,2025-12-01,test,-1.9376278963138205,ridge/3,-0.1841854755308014,2.143707047181156,1.753442420783019
402,2,2026-01-01,test,0.2867385477156148,ridge/3,-0.129948779182461,2.142813820708742,-0.4166873268980758
402,2,2026-02-01,test,-0.1450326577646876,ridge/3,-0.1283900570193955,2.1419205942363284,0.016642600745292113
402,2,2026-03-01,test,-2.317265163790161,ridge/3,0.6177321597156326,2.1410273677639147,2.9349973235057933
402,2,2026-04-01,test,-1.756999810138371,ridge/3,0.2386962267410143,2.132869643972804,1.9956960368793852
402,2,2026-05-01,test,-1.6993390087432836,ridge/3,-0.2273046676203478,2.124711920181693,1.4720343411229357
402,2,2026-06-01,test,0.5891033237237053,ridge/3,-0.5983902375441474,2.1165541963905814,-1.1874935612678528
402,3,2015-01-01,validation,-1.3461741750898426,ridge/3,-0.5753429412174704,3.368194038677874,0.7708312338723722
402,3,2015-02-01,validation,-0.4805391274938841,ridge/3,-0.1204477186846881,3.368194038677874,0.360091408809196
402,3,2015-03-01,validation,0.9597002641009488,ridge/3,0.1127004372103047,3.368194038677874,-0.846999826890644
402,3,2015-04-01,validation,2.107357679052857,ridge/3,0.0274927370105185,3.368194038677874,-2.0798649420423385
402,3,2015-05-01,validation,1.3397329571821714,ridge/3,0.0763859160718185,3.368194038677874,-1.263347041110353
402,3,2015-06-01,validation,-0.1912046471625572,ridge/3,0.1722356092602208,3.368194038677874,0.363440256422778
402,3,2015-07-01,validation,-1.335897729519786,ridge/3,-0.0374597401657563,3.3341146254183425,1.2984379893540297
402,3,2015-08-01,validation,-0.9551170984343216,ridge/3,-0.4465887476740159,3.3000352121588064,0.5085283507603057
402,3,2015-09-01,validation,-0.7684956169383916,ridge/3,-0.1408931988994898,3.2659557988992747,0.6276024180389018
402,3,2015-10-01,validation,-0.4814645795541139,ridge/3,0.1401106832619942,3.231876385639743,0.6215752628161081
402,3,2015-11-01,validation,-1.547419658259752,ridge/3,0.2409729966407685,3.197796972380207,1.7883926549005205
402,3,2015-12-01,validation,-1.0664182498812735,ridge/3,-0.1853391314218089,3.168454403174918,0.8810791184594646
402,3,2016-01-01,validation,-0.289995369978957,ridge/3,-0.2568165554864322,3.1391118339696247,0.0331788144925248
402,3,2016-02-01,validation,0.5830920310793353,ridge/3,0.1830161423572416,3.109769264764336,-0.40007588872209365
402,3,2016-03-01,validation,0.4861458286245401,ridge/3,0.7796970143539443,3.080426695559047,0.29355118572940425
402,3,2016-04-01,validation,-2.449902048832442,ridge/3,1.0758990823057206,3.0510841263537536,3.5258011311381625
402,3,2016-05-01,validation,-2.3530497410193973,ridge/3,0.9884891324046676,3.0137792626223026,3.341538873424065
402,3,2016-06-01,validation,-2.454713335727554,ridge/3,0.7642853974678236,2.976474398890846,3.2189987331953778
402,3,2016-07-01,validation,-0.298062813813793,ridge/3,0.1963242619941018,2.9391695351593947,0.4943870758078948
402,3,2016-08-01,validation,-0.5970166986504211,ridge/3,0.3144409562108342,2.9018646714279437,0.9114576548612552
402,3,2016-09-01,validation,0.3968259175620936,ridge/3,0.3692251007337271,2.8645598076964873,-0.027600816828366515
402,3,2016-10-01,validation,0.5952398527295344,ridge/3,0.4077362831505483,2.851355154518612,-0.18750356957898612
402,3,2016-11-01,validation,0.8941937375661624,ridge/3,0.1381698950136065,2.8381505013407344,-0.7560238425525558
402,3,2016-12-01,validation,1.66916000932531,ridge/3,0.6947262217251079,2.824945848162859,-0.9744337876002022
402,3,2017-01-01,validation,2.5391989209055943,ridge/3,0.9155231828736624,2.811741194984984,-1.623675738031932
402,3,2017-02-01,validation,3.880215185647984,ridge/3,0.8689336287348719,2.798536541807106,-3.011281556913112
402,3,2017-03-01,validation,2.405118336909684,ridge/3,1.0474971432226754,2.7868087172079834,-1.3576211936870086
402,3,2017-04-01,validation,0.9597002641009488,ridge/3,1.0921297631247209,2.77508089260886,0.1324294990237721
402,3,2017-05-01,validation,-0.3813160006414406,ridge/3,1.2541238279999198,2.824945848162859,1.6354398286413605
402,3,2017-06-01,validation,-0.0951022420704106,ridge/3,1.13777440279765,2.811741194984984,1.2328766448680606
402,3,2017-07-01,validation,-0.1912046471625572,ridge/3,1.0765237364960976,2.798536541807106,1.2677283836586548
402,3,2017-08-01,validation,-0.8633147144703202,ridge/3,1.1297771711895723,2.7868087172079834,1.9930918856598925
402,3,2017-09-01,validation,-0.860014856363911,ridge/3,1.1596751955133704,2.77508089260886,2.0196900518772813
402,3,2017-10-01,validation,-0.7684956169383916,ridge/3,0.9906774870647326,2.7633530680097356,1.7591731040031242
402,3,2017-11-01,validation,0.3846158587478498,ridge/3,0.8366727668764515,2.7516252434106123,0.4520569081286017
402,3,2017-12-01,validation,0.287494208559913,ridge/3,1.220473498001176,2.7398974188114877,0.932979289441263
402,3,2018-01-01,validation,0.4810014083784786,ridge/3,1.2065455690189963,2.7238641854345156,0.7255441606405177
402,3,2018-02-01,validation,-0.4810014083784786,ridge/3,1.015349808973548,2.707830952057543,1.4963512173520266
402,3,2018-03-01,validation,-1.1549695279272854,ridge/3,0.9220555594019874,2.691797718680569,2.0770250873292726
402,3,2018-04-01,validation,-1.2554486479262827,ridge/3,0.5862051557044785,2.675764485303597,1.8416538036307613
402,3,2018-05-01,validation,-0.3864739109888937,ridge/3,0.336425444092247,2.6597312519266225,0.7228993550811407
402,3,2018-06-01,validation,-0.1937985102678396,ridge/3,-0.07883334496627,2.6564501429044185,0.1149651653015696
402,3,2018-07-01,validation,-0.0972289818938598,ridge/3,0.0504826025805555,2.653169033882215,0.1477115844744153
402,3,2018-08-01,validation,-0.7774577547129624,ridge/3,0.5291779135803274,2.6498879248600105,1.3066356682932898
402,3,2018-09-01,validation,0.0,ridge/3,0.6559019855267207,2.646606815837807,0.6559019855267207
402,3,2018-10-01,validation,1.2566622599858412,ridge/3,0.4567345330773923,2.6433257068156024,-0.7999277269084489
402,3,2018-11-01,validation,1.452810056290943,ridge/3,-0.1364109755757494,2.6363099030409924,-1.5892210318666924
402,3,2018-12-01,validation,0.6766579708873621,ridge/3,0.2394468699261485,2.6292940992663825,-0.43721110096121363
402,3,2019-01-01,test,0.4791576009899323,ridge/3,0.8621663341952962,2.622278295491771,0.3830087332053639
402,3,2019-02-01,test,0.5752652489450227,ridge/3,0.8044940459833475,2.615262491717161,0.22922879703832477
402,3,2019-03-01,test,0.5763704716750695,ridge/3,0.6537899095658598,2.6082466879425503,0.07741943789079031
402,3,2019-04-01,test,1.9877606676884871,ridge/3,0.7493120567853445,2.606107078419253,-1.2384486109031427
402,3,2019-05-01,test,1.2351700976537927,ridge/3,0.9298571085830049,2.603967468895956,-0.30531298907078785
402,3,2019-06-01,test,0.1913876182284113,ridge/3,0.7360043247562283,2.6018278593726585,0.544616706527817
402,3,2019-07-01,test,-1.7013642905456372,ridge/3,1.1020145730457402,2.599688249849361,2.8033788635913774
402,3,2019-08-01,test,-1.3308181202495106,ridge/3,0.7259149267905697,2.597548640326064,2.05673304704008
402,3,2019-09-01,test,-0.4791576009899323,ridge/3,0.4670923366234089,2.597548640326064,0.9462499376133412
402,3,2019-10-01,test,0.0,ridge/3,0.4733843946303827,2.597548640326064,0.4733843946303827
402,3,2019-11-01,test,1.0471299867295336,ridge/3,0.6062147279277572,2.597548640326064,-0.4409152588017764
402,3,2019-12-01,test,1.8087118491143528,ridge/3,0.4543261833378357,2.597548640326064,-1.3543856657765172
402,3,2020-01-01,test,0.8543004021947631,ridge/3,0.0830136281231256,2.597548640326064,-0.7712867740716375
402,3,2020-02-01,test,-0.2844952132231348,ridge/3,-0.4751551534022201,2.5863254807122087,-0.19065994017908527
402,3,2020-03-01,test,0.4705891037413146,ridge/3,-1.909888085717934,2.575102321098354,-2.3804771894592482
402,3,2020-04-01,test,-0.7590169266675773,ridge/3,-2.026428700966172,2.5638791614844973,-1.2674117742985946
402,3,2020-05-01,test,-0.3805903737678306,ridge/3,-0.379409924959767,2.552656001870642,0.0011804488080636166
402,3,2020-06-01,test,-1.038234904221813,ridge/3,0.8425482296450109,2.5414328422567856,1.880783133866824
402,3,2020-07-01,test,0.3802285949738859,ridge/3,0.5901749364816693,2.5409860579865473,0.2099463415077834
402,3,2020-08-01,test,2.448333216546583,ridge/3,0.0494774974341908,2.540539273716309,-2.3988557191123925
402,3,2020-09-01,test,3.0829158019901826,ridge/3,-0.0518800802170534,2.540092489446071,-3.134795882207236
402,3,2020-10-01,test,4.725288485054602,ridge/3,0.5464405309930298,2.5396457051758325,-4.178847954061572
402,3,2020-11-01,test,3.113804678860443,ridge/3,1.3877267357027048,2.5391989209055943,-1.7260779431577382
402,3,2020-12-01,test,3.7024544936794967,ridge/3,1.6926447421774993,2.5409860579865473,-2.0098097515019973
402,3,2021-01-01,test,2.5023647076152677,ridge/3,1.862010393901271,2.575102321098354,-0.6403543137139966
402,3,2021-02-01,test,3.977545971767782,ridge/3,1.2351151503624844,2.597548640326064,-2.7424308214052973
402,3,2021-03-01,test,4.76074319203823,ridge/3,1.187972700670651,2.599688249849361,-3.5727704913675793
402,3,2021-04-01,test,4.656013358166167,ridge/3,1.0664244140905743,2.597548640326064,-3.5895889440755924
402,3,2021-05-01,test,5.970667591078271,ridge/3,1.3149459736434643,2.606107078419253,-4.655721617434807
402,3,2021-06-01,test,4.463550841410147,ridge/3,1.4160770570763392,2.6292940992663825,-3.0474737843338073
402,3,2021-07-01,test,5.25141158572433,ridge/3,1.152124500866019,2.6498879248600105,-4.099287084858311
402,3,2021-08-01,test,2.8170876966695957,ridge/3,1.6921905975288292,2.675764485303597,-1.1248970991407665
402,3,2021-09-01,test,1.6834064867897958,ridge/3,1.562255404582168,2.7398974188114877,-0.12115108220762782
402,3,2021-10-01,test,-0.3202564786874973,ridge/3,1.877111727417056,2.7868087172079834,2.197368206104553
402,3,2021-11-01,test,0.5540180375615655,ridge/3,1.4010931584232065,2.8096672347246003,0.8470751208616409
402,3,2021-12-01,test,2.8215037800459974,ridge/3,1.075202373548616,2.805957003752102,-1.7463014064973814
402,3,2022-01-01,test,6.594090542029818,ridge/3,1.0144911762292237,2.8022467727796045,-5.579599365800594
402,3,2022-02-01,test,6.271167588661619,ridge/3,1.2923732703778514,2.798536541807106,-4.978794318283768
402,3,2022-03-01,test,4.23663963716292,ridge/3,1.8014229169823484,2.813377465697098,-2.4352167201805717
402,3,2022-04-01,test,2.6668247082161756,ridge/3,1.8573826886214184,2.8197373466954367,-0.8094420195947571
402,3,2022-05-01,test,0.0741015224719809,ridge/3,1.635198702540127,2.838726191106194,1.561097180068146
402,3,2022-06-01,test,-0.4454350349380576,ridge/3,0.8608801946095992,2.9018646714279437,1.3063152295476568
402,3,2022-07-01,test,-2.6668247082161756,ridge/3,1.176630961348355,2.8645598076964873,3.8434556695645306
402,3,2022-08-01,test,-2.550775954721285,ridge/3,0.0866800733110555,2.85594860216639,2.6374560280323402
402,3,2022-09-01,test,-3.0213778596496432,ridge/3,-0.2232994085186274,2.8473373966362923,2.798078451131016
402,3,2022-10-01,test,-2.8170876966695957,ridge/3,0.2627699048915388,2.838726191106194,3.0798576015611343
402,3,2022-11-01,test,-3.0866647980527517,ridge/3,0.5840901791177859,2.8301149855760963,3.670754977170538
402,3,2022-12-01,test,-4.229291219025111,ridge/3,0.8897812091906139,2.8215037800459974,5.119072428215725
402,3,2023-01-01,test,-4.0178700834514025,ridge/3,0.4168848389081027,2.820620563370717,4.434754922359505
402,3,2023-02-01,test,-1.5002255314487734,ridge/3,-0.1679141168942547,2.8197373466954367,1.3323114145545187
402,3,2023-03-01,test,-0.320513094894892,ridge/3,-0.5901121769567654,2.8188541300201564,-0.26959908206187344
402,3,2023-04-01,test,-0.8071068833791273,ridge/3,-0.438864660014107,2.817970913344876,0.36824222336502027
402,3,2023-05-01,test,-3.1517760320404875,ridge/3,-0.0437799979995086,2.8170876966695957,3.107996034040979
402,3,2023-06-01,test,-3.014484873260592,ridge/3,0.1455618663332607,2.813377465697098,3.1600467395938523
402,3,2023-07-01,test,-1.14100667380308,ridge/3,-0.0362355413566592,2.8096672347246003,1.1047711324464207
402,3,2023-08-01,test,0.8990661296192748,ridge/3,-0.2292550110718042,2.805957003752102,-1.128321140691079
402,3,2023-09-01,test,2.9341958284015313,ridge/3,-0.1257106022149653,2.8022467727796045,-3.0599064306164965
402,3,2023-10-01,test,3.226086221822122,ridge/3,0.5179356977833034,2.798536541807106,-2.7081505240388184
402,3,2023-11-01,test,3.4389634334032415,ridge/3,0.5819760314972078,2.7868087172079834,-2.856987401906034
402,3,2023-12-01,test,3.782956987304953,ridge/3,0.7617775069542813,2.8096672347246003,-3.0211794803506717
402,3,2024-01-01,test,2.2755002993664064,ridge/3,0.9560171356775332,2.8188541300201564,-1.319483163688873
402,3,2024-02-01,test,2.637856593630872,ridge/3,1.1454997961628783,2.8301149855760963,-1.4923567974679939
402,3,2024-03-01,test,2.9716472328477295,ridge/3,1.291075277892376,2.8645598076964873,-1.6805719549553535
402,3,2024-04-01,test,2.7545735481134592,ridge/3,0.972957915405548,2.85594860216639,-1.7816156327079113
402,3,2024-05-01,test,2.2711044260215196,ridge/3,1.03022303855882,2.8473373966362923,-1.2408813874626996
402,3,2024-06-01,test,1.416348685986435,ridge/3,1.573785566748413,2.8924142159785053,0.15743688076197815
402,3,2024-07-01,test,3.2668086868127055,ridge/3,1.488457996000915,2.8784870118374974,-1.7783506908117905
402,3,2024-08-01,test,3.3127799312700823,ridge/3,1.548837223792114,2.8645598076964873,-1.7639427074779683
402,3,2024-09-01,test,3.4197584833556505,ridge/3,1.2398217431952148,2.85594860216639,-2.1799367401604357
402,3,2024-10-01,test,3.798378507473643,ridge/3,1.2121527672278467,2.9063414201195155,-2.5862257402457964
402,3,2024-11-01,test,4.530144713724038,ridge/3,1.234710452800117,2.9491763901800105,-3.295434260923921
402,3,2024-12-01,test,4.476271751596883,ridge/3,1.2598803717838616,2.9875346115489356,-3.2163913798130217
402,3,2025-01-01,test,4.267681336413975,ridge/3,1.6778871887273508,3.0510841263537536,-2.5897941476866246
402,3,2025-02-01,test,4.267494802136884,ridge/3,1.761325204360054,3.076549466862897,-2.50616959777683
402,3,2025-03-01,test,4.676870999081206,ridge/3,1.6073040025690557,3.1014491281123395,-3.0695669965121506
402,3,2025-04-01,test,1.9353290061030035,ridge/3,1.6845197341872085,3.147401596268349,-0.25080927191579505
402,3,2025-05-01,test,-0.8658062743114314,ridge/3,1.8559309732217455,3.2034548222685904,2.721737247533177
402,3,2025-06-01,test,-4.1992174126658455,ridge/3,2.079840685191764,3.226086221822122,6.279058097857609
402,3,2025-07-01,test,-4.66773943355836,ridge/3,1.2363271166058911,3.220428371933739,5.904066550164251
402,3,2025-08-01,test,-4.795439312203609,ridge/3,0.6315485787898739,3.2147705220453564,5.426987890993483
402,3,2025-09-01,test,-4.312211905948882,ridge/3,-0.1739254129355215,3.209112672156973,4.13828649301336
402,3,2025-10-01,test,-3.595734567296649,ridge/3,-0.3748865078993022,3.2034548222685904,3.2208480593973468
402,3,2025-11-01,test,-3.2088314551500297,ridge/3,-0.2196662688979708,3.197796972380207,2.989165186252059
402,3,2025-12-01,test,-0.7132697857427317,ridge/3,-0.2800418213766371,3.180998513676255,0.4332279643660946
402,3,2026-01-01,test,-1.0826522206201616,ridge/3,-0.0574736528476136,3.1642000549723033,1.025178567772548
402,3,2026-02-01,test,-1.092907053219072,ridge/3,-0.0318468856982303,3.147401596268349,1.0610601675208418
402,3,2026-03-01,test,-3.1263905784741475,ridge/3,1.223756175762604,3.130603137564397,4.350146754236752
402,3,2026-04-01,test,-2.647213404197668,ridge/3,0.7155617563025373,3.113804678860443,3.362775160500205
402,3,2026-05-01,test,-0.2200220909602812,ridge/3,-0.1046724660059644,3.1076269034863913,0.11534962495431679
402,4,2015-01-01,validation,-0.8633147144703202,ridge/3,-0.8936898456284335,4.911223257768268,-0.0303751311581133
402,4,2015-02-01,validation,0.382775586976436,ridge/3,-0.0368384431781354,4.898398140039006,-0.4196140301545714
402,4,2015-03-01,validation,1.7208837680639633,ridge/3,0.2508459622187602,4.889259329924417,-1.470037805845203
402,4,2015-04-01,validation,1.822592417801694,ridge/3,0.2478491586761959,4.880120519809825,-1.574743259125498
402,4,2015-05-01,validation,0.6721100673077629,ridge/3,0.1228913786102334,4.870981709695235,-0.5492186886975295
402,4,2015-06-01,validation,-0.5747142255567717,ridge/3,0.1818647422161128,4.861842899580645,0.7565789677728845
402,4,2015-07-01,validation,-1.2398823596854849,ridge/3,-0.2557558063690068,4.852704089466053,0.984126553316478
402,4,2015-08-01,validation,-1.4361185068128002,ridge/3,-0.8323152990460916,4.834724251357941,0.6038032077667086
402,4,2015-09-01,validation,-0.8649741579483283,ridge/3,-0.3338939557012688,4.816744413249826,0.5310802022470595
402,4,2015-10-01,validation,-1.4514042884254508,ridge/3,0.1364424965464812,4.798764575141715,1.587846784971932
402,4,2015-11-01,validation,-1.547419658259752,ridge/3,0.1949818438289237,4.780784737033603,1.7424015020886756
402,4,2015-12-01,validation,-0.3864739109888937,ridge/3,-0.4690478839825489,4.762804898925488,-0.08257397299365515
402,4,2016-01-01,validation,-0.3868476777920016,ridge/3,-0.4832939073318205,4.732066063145732,-0.0964462295398189
402,4,2016-02-01,validation,0.4861458286245401,ridge/3,0.3507793531224137,4.701327227365971,-0.13536647550212638
402,4,2016-03-01,validation,-1.769957709940062,ridge/3,1.2625596630450644,4.670588391586215,3.0325173729851267
402,4,2016-04-01,validation,-2.449902048832442,ridge/3,1.6601820930882776,4.639849555806459,4.110084141920719
402,4,2016-05-01,validation,-2.5516595381823493,ridge/3,1.399260339016905,4.609110720026699,3.9509198771992544
402,4,2016-06-01,validation,-2.5541663523783953,ridge/3,1.0228017040385071,4.5877622035004615,3.576968056416902
402,4,2016-07-01,validation,-0.5970166986504211,ridge/3,0.2323941356950946,4.566413686974221,0.8294108343455157
402,4,2016-08-01,validation,0.1982161203991417,ridge/3,0.5072035954242162,4.545065170447985,0.3089874750250745
402,4,2016-09-01,validation,0.4957868360786932,ridge/3,0.6020929668847834,4.523716653921747,0.1063061308060902
402,4,2016-10-01,validation,0.5952398527295344,ridge/3,0.5428958358365921,4.502368137395507,-0.052344016892942324
402,4,2016-11-01,validation,2.464392828374873,ridge/3,0.2342051983746168,4.488466252061017,-2.230187630000256
402,4,2016-12-01,validation,2.638159839422194,ridge/3,0.9823059839868362,4.474564366726526,-1.6558538554353577
402,4,2017-01-01,validation,3.880215185647984,ridge/3,1.2454950156663644,4.460662481392035,-2.6347201699816196
402,4,2017-02-01,validation,3.9753174277183945,ridge/3,1.155332856385061,4.446760596057545,-2.8199845713333334
402,4,2017-03-01,validation,1.9287000941978327,ridge/3,1.4062748706160275,4.432858710723053,-0.5224252235818052
402,4,2017-04-01,validation,0.9597002641009488,ridge/3,1.4681809376793185,4.422715853362807,0.5084806735783697
402,4,2017-05-01,validation,0.0,ridge/3,1.5820570363367654,4.41257299600256,1.5820570363367654
402,4,2017-06-01,validation,-0.6676228898744085,ridge/3,1.4731874600815231,4.402430138642313,2.140810349955932
402,4,2017-07-01,validation,-0.8633147144703202,ridge/3,1.4391990638587775,4.392287281282067,2.3025137783290974
402,4,2017-08-01,validation,-0.4786988557224703,ridge/3,1.608341711202225,4.382144423921819,2.087040566924695
402,4,2017-09-01,validation,-1.3410162647423896,ridge/3,1.634940027753078,4.3761749378255566,2.9759562924954674
402,4,2017-10-01,validation,-0.287494208559913,ridge/3,1.3507585820318906,4.370205451729295,1.6382527905918036
402,4,2017-11-01,validation,0.6721100673077629,ridge/3,1.1786371000979567,4.364235965633032,0.5065270327901938
402,4,2017-12-01,validation,0.0,ridge/3,1.6993729977214536,4.358266479536771,1.6993729977214536
402,4,2018-01-01,validation,0.0,ridge/3,1.653209016529286,4.352296993440508,1.653209016529286
402,4,2018-02-01,validation,-0.8674753193673723,ridge/3,1.3917454914321978,4.318779793462417,2.25922081079957
402,4,2018-03-01,validation,-1.5429428564861958,ridge/3,1.324966673313763,4.285262593484326,2.8679095297999586
402,4,2018-04-01,validation,-0.8674753193673723,ridge/3,0.8997370455099559,4.251745393506231,1.7672123648773281
402,4,2018-05-01,validation,-0.5802724212567334,ridge/3,0.4351563997925045,4.21822819352814,1.015428821049238
402,4,2018-06-01,validation,-0.4852023104527703,ridge/3,-0.1430219766609148,4.184710993550045,0.34218033379185553
402,4,2018-07-01,validation,-0.389484426154052,ridge/3,-0.0573066992048303,4.142832280383717,0.3321777269492217
402,4,2018-08-01,validation,-0.1937985102678396,ridge/3,0.6996396536297873,4.100953567217389,0.8934381638976269
402,4,2018-09-01,validation,0.9652584598009106,ridge/3,0.9479930063482688,4.0590748540510555,-0.017265453452641855
402,4,2018-10-01,validation,1.1605546120307508,ridge/3,0.5196181221084335,4.017196140884728,-0.6409364899223173
402,4,2018-11-01,validation,1.2603172153324849,ridge/3,-0.3721082107667484,3.9753174277183945,-1.6324254260992332
402,4,2018-12-01,validation,1.444416060790843,ridge/3,0.2202726705385921,3.9562969793043137,-1.224143390252251
402,4,2019-01-01,test,0.4791576009899323,ridge/3,1.2540642736777516,3.937276530890232,0.7749066726878193
402,4,2019-02-01,test,0.3838776307166114,ridge/3,1.2116567070751685,3.918256082476149,0.8277790763585571
402,4,2019-03-01,test,2.755518757591968,ridge/3,0.9254259036944268,3.899235634062068,-1.8300928538975414
402,4,2019-04-01,test,1.2351700976537927,ridge/3,1.0303378452512926,3.880215185647984,-0.20483225240250014
402,4,2019-05-01,test,0.0,ridge/3,1.116387188539203,3.81430591765659,1.116387188539203
402,4,2019-06-01,test,0.4777839953712615,ridge/3,0.9197556872312797,3.748396649665197,0.44197169186001817
402,4,2019-07-01,test,-2.0834086902842053,ridge/3,1.4725891189205167,3.682487381673793,3.555997809204722
402,4,2019-08-01,test,-1.714327698643725,ridge/3,0.9223367554776416,3.6165781136824,2.636664454121367
402,4,2019-09-01,test,0.2863963771428501,ridge/3,0.5712857051182114,3.5506688456909963,0.2848893279753613
402,4,2019-10-01,test,0.6650855869909655,ridge/3,0.6893741332667107,3.5434828318656924,0.02428854627574517
402,4,2019-11-01,test,1.4252022707201384,ridge/3,0.8780400462040252,3.5362968180403884,-0.5471622245161132
402,4,2019-12-01,test,1.6198543803275456,ridge/3,0.6445026501314723,3.529110804215083,-0.9753517301960732
402,4,2020-01-01,test,0.3805903737678306,ridge/3,0.0958261028897043,3.5219247903897792,-0.2847642708781263
402,4,2020-02-01,test,0.8486613877319193,ridge/3,-1.0323960417699678,3.5147387765644744,-1.8810574295018871
402,4,2020-03-01,test,-0.9478743954543845,ridge/3,-3.1832539312878625,3.485429828987156,-2.235379535833478
402,4,2020-04-01,test,-0.8543004021947631,ridge/3,-2.836427525993342,3.456120881409838,-1.9821271237985787
402,4,2020-05-01,test,0.0949216967332411,ridge/3,-0.1298347638877827,3.426811933832515,-0.2247564606210238
402,4,2020-06-01,test,-1.038234904221813,ridge/3,1.529655393903668,3.397502986255197,2.567890298125481
402,4,2020-07-01,test,2.3530497410193973,ridge/3,0.8964352595783622,3.368194038677874,-1.4566144814410351
402,4,2020-08-01,test,3.5584278724912544,ridge/3,-0.0407427221259281,3.3224549009722386,-3.5991705946171826
402,4,2020-09-01,test,4.725288485054602,ridge/3,-0.0945998257557096,3.276715763266603,-4.819888310810311
402,4,2020-10-01,test,5.086625824905955,ridge/3,0.6695348491832407,3.230976625560961,-4.417090975722714
402,4,2020-11-01,test,4.812549149624168,ridge/3,1.9788455020897056,3.1852374878553253,-2.8337036475344624
402,4,2020-12-01,test,4.144737390679687,ridge/3,2.410457331602633,3.368194038677874,-1.734280059077054
402,4,2021-01-01,test,4.338883311619135,ridge/3,2.598468381719566,3.485429828987156,-1.7404149298995688
402,4,2021-02-01,test,6.459487662801955,ridge/3,1.7304385964623676,3.5362968180403884,-4.729049066339587
402,4,2021-03-01,test,5.098296255166357,ridge/3,1.543100288631599,3.5537724564110995,-3.555195966534758
402,4,2021-04-01,test,7.807186195082139,ridge/3,1.2869700249147746,3.6227853351226056,-6.520216170167364
402,4,2021-05-01,test,6.9454925324443195,ridge/3,1.7146694298554583,3.880215185647984,-5.230823102588861
402,4,2021-06-01,test,5.588964648852457,ridge/3,1.9054014445499403,3.9562969793043137,-3.6835632043025166
402,4,2021-07-01,test,5.968260533585568,ridge/3,1.2886910914678629,4.0769694054951735,-4.679569442117705
402,4,2021-08-01,test,2.658231428155844,ridge/3,2.075876962738706,4.16072683182783,-0.5823544654171378
402,4,2021-09-01,test,0.805157328754813,ridge/3,1.973941671659715,4.2155454571638655,1.1687843429049019
402,4,2021-10-01,test,1.2708669854228027,ridge/3,2.3272282914621787,4.338883311619135,1.056361306039376
402,4,2021-11-01,test,2.6626475115322457,ridge/3,1.7517655626078297,4.349614257076233,-0.910881948924416
402,4,2021-12-01,test,5.715841383994835,ridge/3,1.3012021850259063,4.3469315207119585,-4.414639198968929
402,4,2022-01-01,test,7.862291052771919,ridge/3,1.3560092442272398,4.344248784347684,-6.50628180854468
402,4,2022-02-01,test,6.3452691111336,ridge/3,1.94502646949811,4.3415660479834095,-4.40024264163549
402,4,2022-03-01,test,5.561162312165013,ridge/3,2.4567452428351455,4.338883311619135,-3.104417069329868
402,4,2022-04-01,test,1.3423020332140825,ridge/3,2.4464061457896022,4.349614257076233,1.1041041125755198
402,4,2022-05-01,test,-0.3713335124660766,ridge/3,2.0781493302073244,4.370205451729295,2.449482842673401
402,4,2022-06-01,test,-1.3423020332140825,ridge/3,1.0166566019736378,4.402430138642313,2.3589586351877205
402,4,2022-07-01,test,-3.8752986297233782,ridge/3,1.2708937012735673,4.446760596057545,5.1461923309969455
402,4,2022-08-01,test,-3.466812894587701,ridge/3,-0.0619919209432753,4.432858710723053,3.4048209736444255
402,4,2022-09-01,test,-3.713954694945621,ridge/3,-0.4568385922345679,4.422715853362807,3.257116102711053
402,4,2022-10-01,test,-4.295138719559954,ridge/3,0.2244274520242997,4.41257299600256,4.519566171584254
402,4,2022-11-01,test,-5.145328158891527,ridge/3,0.7009352687202612,4.402430138642313,5.846263427611788
402,4,2022-12-01,test,-4.71044691874738,ridge/3,1.2217194506617954,4.392287281282067,5.932166369409175
402,4,2023-01-01,test,-2.978276554339132,ridge/3,0.7683422658308414,4.382144423921819,3.7466188201699735
402,4,2023-02-01,test,-2.379176455733667,ridge/3,-0.1478028798746316,4.3761749378255566,2.2313735758590356
402,4,2023-03-01,test,-1.288262583101396,ridge/3,-0.71702922252326,4.370205451729295,0.5712333605781361
402,4,2023-04-01,test,-2.112182502928217,ridge/3,-0.4997105512697271,4.364235965633032,1.61247195165849
402,4,2023-05-01,test,-3.893435797545486,ridge/3,0.0623871792401622,4.358266479536771,3.955822976785648
402,4,2023-06-01,test,-2.108756162009584,ridge/3,0.1547263034780044,4.352296993440508,2.2634824654875882
402,4,2023-07-01,test,-0.406009489929815,ridge/3,0.0580833024155706,4.349614257076233,0.4640927923453856
402,4,2023-08-01,test,2.192536062896533,ridge/3,-0.1837488753901961,4.3469315207119585,-2.376284938286729
402,4,2023-09-01,test,4.13181493307313,ridge/3,-0.1406596431460645,4.344248784347684,-4.272474576219195
402,4,2023-10-01,test,4.1739606172765065,ridge/3,0.5833608262415246,4.3415660479834095,-3.5905997910349816
402,4,2023-11-01,test,5.076426920582211,ridge/3,0.785104018373949,4.338883311619135,-4.291322902208262
402,4,2023-12-01,test,3.4731194040380053,ridge/3,1.121106219326495,4.308048848005319,-2.3520131847115104
402,4,2024-01-01,test,3.585730989085256,ridge/3,1.359862014068853,4.2772143843915025,-2.225868975016403
402,4,2024-02-01,test,4.609110720026699,ridge/3,1.472901896617376,4.246379920777682,-3.136208823409323
402,4,2024-03-01,test,2.4447359648465117,ridge/3,1.6968731942029138,4.3415660479834095,-0.7478627706435979
402,4,2024-04-01,test,3.5813351157403694,ridge/3,1.105656393951106,4.338883311619135,-2.4756787217892633
402,4,2024-05-01,test,3.387602812382262,ridge/3,1.2752049765699818,4.308048848005319,-2.1123978358122804
402,4,2024-06-01,test,2.7398974188114877,ridge/3,2.0236619373730376,4.3469315207119585,-0.7162354814384502
402,4,2024-07-01,test,4.1395414988969925,ridge/3,1.8382104207796028,4.344248784347684,-2.3013310781173897
402,4,2024-08-01,test,4.536256869716393,ridge/3,2.019658598510779,4.3415660479834095,-2.516598271205614
402,4,2024-09-01,test,5.121927240298696,ridge/3,1.7886319947498412,4.338883311619135,-3.3332952455488547
402,4,2024-10-01,test,5.402877525808325,ridge/3,1.6785391104826286,4.308048848005319,-3.7243384153256964
402,4,2024-11-01,test,5.699748690043194,ridge/3,1.4889738502442973,4.2772143843915025,-4.210774839798896
402,4,2024-12-01,test,5.969850093357021,ridge/3,1.5989611737348226,4.344248784347684,-4.370888919622198
402,4,2025-01-01,test,5.871993820471566,ridge/3,2.1294178527655467,4.358266479536771,-3.7425759677060193
402,4,2025-02-01,test,5.846474975400362,ridge/3,2.251971432989774,4.382144423921819,-3.594503542410588
402,4,2025-03-01,test,3.4289073478631416,ridge/3,2.0036299150628416,4.422715853362807,-1.4252774328003
402,4,2025-04-01,test,0.7385062097461592,ridge/3,2.0694076485445896,4.474564366726527,1.3309014387984304
402,4,2025-05-01,test,-2.6202372394023676,ridge/3,2.431762730702904,4.5159236303238615,5.051999970105271
402,4,2025-06-01,test,-5.915703084776425,ridge/3,2.7601279547538065,4.550827639778455,8.67583103953023
402,4,2025-07-01,test,-5.992262108560453,ridge/3,1.5371494926354548,4.536256869716393,7.529411601195908
402,4,2025-08-01,test,-6.066642871039818,ridge/3,0.7404487297237136,4.529479123252216,6.807091600763531
402,4,2025-09-01,test,-5.312220239407228,ridge/3,-0.223686610609618,4.5227013767880395,5.08853362879761
402,4,2025-10-01,test,-4.533354130152123,ridge/3,-0.5450740616050243,4.5159236303238615,3.9882800685470987
402,4,2025-11-01,test,-1.9844733445789409,ridge/3,-0.2890386939085343,4.509145883859685,1.6954346506704066
402,4,2025-12-01,test,-2.082660554078508,ridge/3,-0.2337137317494297,4.502368137395507,1.8489468223290784
402,4,2026-01-01,test,-2.030526616074546,ridge/3,0.1250944008804808,4.488466252061017,2.1556210169550267
402,4,2026-02-01,test,-1.902032467903059,ridge/3,0.3222979597255344,4.474564366726527,2.224330427628593
402,4,2026-03-01,test,-4.0166041725334445,ridge/3,1.8999106589874548,4.460662481392035,5.9165148315208995
402,4,2026-04-01,test,-1.1678964864146657,ridge/3,1.024030891057758,4.446760596057545,2.1919273774724237
402,5,2015-01-01,validation,0.0,ridge/3,-0.9180817645191004,5.78851687937883,-0.9180817645191004
402,5,2015-02-01,validation,1.1439590909394504,ridge/3,0.1263047880450731,5.767111190928757,-1.0176543028943772
402,5,2015-03-01,validation,1.4361185068128002,ridge/3,0.4779377060304468,5.745705502478682,-0.9581808007823533
402,5,2015-04-01,validation,1.1549695279272854,ridge/3,0.4947562288231371,5.723253894283521,-0.6602132991041483
402,5,2015-05-01,validation,0.2886004889135485,ridge/3,0.1879134126403034,5.700802286088357,-0.10068707627324511
402,5,2015-06-01,validation,-0.4786988557224703,ridge/3,0.1256174892516879,5.678350677893197,0.6043163449741582
402,5,2015-07-01,validation,-1.7208837680639633,ridge/3,-0.5127349223908646,5.655899069698036,1.2081488456730987
402,5,2015-08-01,validation,-1.5325970478227369,ridge/3,-1.117183450043693,5.633447461502872,0.41541359777904385
402,5,2015-09-01,validation,-1.8349138668196652,ridge/3,-0.4204900775560782,5.5991796588068095,1.414423789263587
402,5,2015-10-01,validation,-1.4514042884254508,ridge/3,0.1617793375767504,5.564911856110743,1.6131836260022012
402,5,2015-11-01,validation,-0.8674753193673723,ridge/3,0.1975232133182352,5.53064405341468,1.0649985326856075
402,5,2015-12-01,validation,-0.4833262188019382,ridge/3,-0.6369675015713387,5.496376250718618,-0.15364128276940053
402,5,2016-01-01,validation,-0.4837938802467967,ridge/3,-0.5162384884073616,5.462108448022551,-0.032444608160564936
402,5,2016-02-01,validation,-1.769957709940062,ridge/3,0.6738080283044638,5.4156767464750315,2.443765738244526
402,5,2016-03-01,validation,-1.769957709940062,ridge/3,1.7477657913483635,5.3692450449275055,3.5177235012884256
402,5,2016-04-01,validation,-2.648511845995394,ridge/3,2.172916852009795,5.322813343379985,4.821428698005189
402,5,2016-05-01,validation,-2.6511125548331904,ridge/3,1.8066496395162008,5.276381641832465,4.4577621943493915
402,5,2016-06-01,validation,-2.8531202372150233,ridge/3,1.2836226556119803,5.229949940284939,4.136742892827003
402,5,2016-07-01,validation,0.1982161203991417,ridge/3,0.45662571898386,5.216662278261222,0.25840959858471835
402,5,2016-08-01,validation,0.2971770389157413,ridge/3,0.7964455591341937,5.203374616237504,0.49926852021845236
402,5,2016-09-01,validation,0.4957868360786932,ridge/3,0.8902474563063462,5.190086954213786,0.39446062022765294
402,5,2016-10-01,validation,2.165438943538245,ridge/3,0.7201771014510852,5.176799292190069,-1.4452618420871597
402,5,2016-11-01,validation,3.4333926584717567,ridge/3,0.3904768518569439,5.163511630166351,-3.042915806614813
402,5,2016-12-01,validation,3.979176104164583,ridge/3,1.2454642216720049,5.160739819476579,-2.733711882492578
402,5,2017-01-01,validation,3.9753174277183945,ridge/3,1.573378316500207,5.157968008786806,-2.401939111218187
402,5,2017-02-01,validation,3.498899185006543,ridge/3,1.4661431996343055,5.155196198097034,-2.032755985372238
402,5,2017-03-01,validation,1.9287000941978327,ridge/3,1.735573302187577,5.152424387407262,-0.19312679201025573
402,5,2017-04-01,validation,1.3410162647423896,ridge/3,1.7924628556968318,5.149652576717489,0.4514465909544423
402,5,2017-05-01,validation,-0.5725206478039979,ridge/3,1.8683167740338928,5.126005411622129,2.440837421837891
402,5,2017-06-01,validation,-1.3397329571821714,ridge/3,1.8331258849604892,5.1023582465267685,3.1728588421426607
402,5,2017-07-01,validation,-0.4786988557224703,ridge/3,1.8705294432399535,5.078711081431405,2.349228298962424
402,5,2017-08-01,validation,-0.9597002641009488,ridge/3,2.1009957582611736,5.055063916336044,3.0606960223621225
402,5,2017-09-01,validation,-0.860014856363911,ridge/3,2.0901058435600923,5.03141675124068,2.9501206999240033
402,5,2017-10-01,validation,0.0,ridge/3,1.7782831065475897,5.026875731265523,1.7782831065475897
402,5,2017-11-01,validation,0.3846158587478498,ridge/3,1.592314159482476,5.022334711290367,1.207698300734626
402,5,2017-12-01,validation,-0.4810014083784786,ridge/3,2.235454900942691,5.017793691315209,2.7164563093211695
402,5,2018-01-01,validation,-0.3864739109888937,ridge/3,2.1718020574882915,5.013252671340052,2.558275968477185
402,5,2018-02-01,validation,-1.2554486479262827,ridge/3,1.8115451755454512,5.008711651364894,3.066993823471734
402,5,2018-03-01,validation,-1.1549695279272854,ridge/3,1.749900537193775,5.007616796062759,2.9048700651210604
402,5,2018-04-01,validation,-1.061273829635212,ridge/3,1.2111158353177072,5.006521940760624,2.272389664952919
402,5,2018-05-01,validation,-0.871676221441664,ridge/3,0.5533916929279341,5.005427085458489,1.4250679143695981
402,5,2018-06-01,validation,-0.7774577547129624,ridge/3,-0.1894300245275018,5.004332230156354,0.5880277301854606
402,5,2018-07-01,validation,0.1941748182910707,ridge/3,-0.0841138010087834,5.003237374854219,-0.2782886192998541
402,5,2018-08-01,validation,0.771459949533071,ridge/3,0.9091834635106644,4.9822695278911775,0.13772351397759341
402,5,2018-09-01,validation,0.8691508118458202,ridge/3,1.2521543159552773,4.961301680928137,0.38300350410945705
402,5,2018-10-01,validation,0.9680617710722929,ridge/3,0.6131537887317083,4.940333833965092,-0.3549079823405845
402,5,2018-11-01,validation,2.0280753052359657,ridge/3,-0.4809187501109218,4.919365987002051,-2.5089940553468875
402,5,2018-12-01,validation,1.444416060790843,ridge/3,0.3269340126043241,4.898398140039006,-1.1174820481865189
402,5,2019-01-01,test,0.287769982761521,ridge/3,1.6302867289192469,4.892882518340116,1.3425167461577259
402,5,2019-02-01,test,2.56302591663351,ridge/3,1.5831574450514856,4.887366896641226,-0.9798684715820245
402,5,2019-03-01,test,2.0029281875572735,ridge/3,1.2160230494892663,4.881851274942335,-0.7869051380680072
402,5,2019-04-01,test,0.0,ridge/3,1.265845173442341,4.876335653243445,1.265845173442341
402,5,2019-05-01,test,0.2863963771428501,ridge/3,1.33803287499979,4.870820031544554,1.05163649785694
402,5,2019-06-01,test,0.0957395956326934,ridge/3,1.1758821107814657,4.863027570651806,1.0801425151487722
402,5,2019-07-01,test,-2.4669182686784197,ridge/3,1.7568984342854097,4.855235109759058,4.22381670296383
402,5,2019-08-01,test,-0.9487737205109426,ridge/3,1.187110788577695,4.847442648866309,2.135884509088638
402,5,2019-09-01,test,0.9514819641338156,ridge/3,0.7885778427029634,4.839650187973562,-0.1629041214308522
402,5,2019-10-01,test,1.0431578709815703,ridge/3,0.941232717624524,4.831857727080813,-0.10192515335704633
402,5,2019-11-01,test,1.2363448019333312,ridge/3,1.2038299203154843,4.781139043774199,-0.03251488161784688
402,5,2019-12-01,test,1.1461443519006131,ridge/3,0.8597073232775124,4.730420360467585,-0.2864370286231007
402,5,2020-01-01,test,1.5137469747228849,ridge/3,0.0669555502152559,4.679701677160965,-1.446791424507629
402,5,2020-02-01,test,-0.5698021114637797,ridge/3,-1.597050874153606,4.628982993854351,-1.0272487626898263
402,5,2020-03-01,test,-1.0431578709815703,ridge/3,-4.315296118855629,4.5782643105477305,-3.272138247874059
402,5,2020-04-01,test,-0.3787883316936913,ridge/3,-3.3606945633315073,4.539040333222551,-2.981906231637816
402,5,2020-05-01,test,0.0949216967332411,ridge/3,0.1287411757523728,4.49981635589737,0.03381947901913168
402,5,2020-06-01,test,0.9345862418236984,ridge/3,1.9909091401060868,4.460592378572184,1.0563228982823882
402,5,2020-07-01,test,3.4631443969640685,ridge/3,1.1803513709054168,4.421368401247005,-2.282793026058652
402,5,2020-08-01,test,5.2008005555556736,ridge/3,-0.0887209776895694,4.382144423921819,-5.289521533245243
402,5,2020-09-01,test,5.086625824905955,ridge/3,-0.2518059302155948,4.333859321420486,-5.338431755121549
402,5,2020-10-01,test,6.785370295669679,ridge/3,0.8798135907905862,4.2855742189191535,-5.905556704879093
402,5,2020-11-01,test,5.254832046624358,ridge/3,2.4615123775282237,4.237289116417815,-2.7933196690961344
402,5,2020-12-01,test,5.981255994683554,ridge/3,2.9942210775145988,4.189004013916482,-2.9870349171689554
402,5,2021-01-01,test,6.820825002653308,ridge/3,3.177265269960757,4.382144423921819,-3.643559732692551
402,5,2021-02-01,test,6.797040725930081,ridge/3,2.0941151175613903,4.539040333222551,-4.702925608368691
402,5,2021-03-01,test,8.249469092082329,ridge/3,1.7201411670687474,4.730420360467585,-6.529327925013582
402,5,2021-04-01,test,8.782011136448187,ridge/3,1.428955469378442,4.847442648866309,-7.353055667069745
402,5,2021-05-01,test,8.07090633988663,ridge/3,1.9521716081882696,4.876335653243445,-6.1187347316983605
402,5,2021-06-01,test,6.305813596713694,ridge/3,2.0850001831331326,4.898398140039006,-4.2208134135805615
402,5,2021-07-01,test,5.809404265071816,ridge/3,1.286252370929366,4.9822695278911775,-4.523151894142449
402,5,2021-08-01,test,1.7799822701208612,ridge/3,2.1648945615485,5.006521940760624,0.38491229142763883
402,5,2021-09-01,test,2.396280792865113,ridge/3,2.186857084809894,5.017793691315209,-0.20942370805521904
402,5,2021-10-01,test,3.379496459393483,ridge/3,2.658377038150839,5.042458565973736,-0.7211194212426437
402,5,2021-11-01,test,5.556985115481083,ridge/3,1.9626903075228943,5.086625824905955,-3.594294807958189
402,5,2021-12-01,test,6.9840418947369365,ridge/3,1.5550348500968432,5.137047226355183,-5.429007044640093
402,5,2022-01-01,test,7.9363925752439,ridge/3,1.756371234347756,5.124441875992877,-6.180021340896144
402,5,2022-02-01,test,7.669791786135693,ridge/3,2.469731799858405,5.111836525630569,-5.200059986277287
402,5,2022-03-01,test,4.23663963716292,ridge/3,2.8760464207401126,5.099231175268263,-1.3605932164228074
402,5,2022-04-01,test,0.8968669982760247,ridge/3,2.7360487968008886,5.149652576717489,1.839181798524864
402,5,2022-05-01,test,-1.2682005107421013,ridge/3,2.32073741140621,5.160739819476579,3.588937922148311
402,5,2022-06-01,test,-2.550775954721285,ridge/3,1.0268446979429842,5.185884985399945,3.577620652664269
402,5,2022-07-01,test,-4.791335569589794,ridge/3,1.2627540357452367,5.21246030944738,6.054089605335031
402,5,2022-08-01,test,-4.159389729883678,ridge/3,-0.1880287738519583,5.206630432501528,3.97136095603172
402,5,2022-09-01,test,-5.192005717835979,ridge/3,-0.6163232953636548,5.2008005555556736,4.575682422472324
402,5,2022-10-01,test,-6.353802080398729,ridge/3,0.2819554993307616,5.193342770477809,6.635757579729491
402,5,2022-11-01,test,-5.6264838586137955,ridge/3,0.9912585879614242,5.185884985399945,6.617742446575219
402,5,2022-12-01,test,-3.670853389635109,ridge/3,1.793910901574448,5.17842720032208,5.4647642912095575
402,5,2023-01-01,test,-3.8572274786240257,ridge/3,1.2705073968538625,5.170969415244216,5.127734875477888
402,5,2023-02-01,test,-3.346925943940171,ridge/3,0.0157695816317469,5.163511630166351,3.362695525571918
402,5,2023-03-01,test,-2.593338202650486,ridge/3,-0.6104343124202183,5.160739819476579,1.9829038902302676
402,5,2023-04-01,test,-2.853842268433215,ridge/3,-0.4068932263667433,5.157968008786806,2.4469490420664717
402,5,2023-05-01,test,-2.9877070862944777,ridge/3,0.1985732563905429,5.155196198097034,3.186280342685021
402,5,2023-06-01,test,-1.373758978136319,ridge/3,0.2946645878332974,5.152424387407262,1.6684235659696165
402,5,2023-07-01,test,0.8874604433474431,ridge/3,0.2243745043882512,5.149652576717489,-0.6630859389591919
402,5,2023-08-01,test,3.390155167568132,ridge/3,-0.0661339473150428,5.137047226355183,-3.4562891148831745
402,5,2023-09-01,test,5.079689328527515,ridge/3,-0.107724323821249,5.124441875992877,-5.187413652348764
402,5,2023-10-01,test,5.811424104455476,ridge/3,0.6862256931611946,5.111836525630569,-5.125198411294281
402,5,2023-11-01,test,4.7665893373152635,ridge/3,1.0134711646416452,5.099231175268263,-3.7531181726736182
402,5,2023-12-01,test,4.783350093756855,ridge/3,1.4343809937890033,5.086625824905955,-3.348969099967852
402,5,2024-01-01,test,5.556985115481083,ridge/3,1.6423387342406883,5.075584010172901,-3.914646381240395
402,5,2024-02-01,test,4.082199452025481,ridge/3,1.6896107868776142,5.083851226354579,-2.392588665147867
402,5,2024-03-01,test,3.271497532473422,ridge/3,1.9356655124359556,5.111836525630569,-1.3358320200374663
402,5,2024-04-01,test,4.697833502101112,ridge/3,1.2183756417124971,5.099231175268263,-3.4794578603886146
402,5,2024-05-01,test,4.711151545207315,ridge/3,1.4582304260862715,5.086625824905955,-3.2529211191210434
402,5,2024-06-01,test,3.6126302308957743,ridge/3,2.3611488352066523,5.137047226355183,-1.251481395689122
402,5,2024-07-01,test,5.363018437343303,ridge/3,2.258593711235082,5.124441875992877,-3.1044247261082214
402,5,2024-08-01,test,6.2384256266594384,ridge/3,2.5472022385687203,5.111836525630569,-3.691223388090718
402,5,2024-09-01,test,6.726426258633378,ridge/3,2.3221742483824963,5.099231175268263,-4.4042520102508815
402,5,2024-10-01,test,6.572481502127481,ridge/3,2.031039939251883,5.086625824905955,-4.5414415628755975
402,5,2024-11-01,test,7.1933270318033316,ridge/3,1.6627889824611306,5.085238525630267,-5.530538049342201
402,5,2024-12-01,test,7.5741625774146115,ridge/3,1.835609357874951,5.124441875992877,-5.738553219539661
402,5,2025-01-01,test,7.450973993735044,ridge/3,2.445267654263815,5.155196198097034,-5.005706339471229
402,5,2025-02-01,test,4.598511324182297,ridge/3,2.6185952294673047,5.170969415244216,-1.9799160947149925
402,5,2025-03-01,test,2.232084551506297,ridge/3,2.3113604473663227,5.2008005555556736,0.0792758958600257
402,5,2025-04-01,test,-1.015924755344777,ridge/3,2.3937740767197035,5.224120063339086,3.4096988320644805
402,5,2025-05-01,test,-4.336722911512947,ridge/3,2.945953006988974,5.244879204088591,7.282675918501921
402,5,2025-06-01,test,-7.240225759778518,ridge/3,3.317320712479025,5.298106602911937,10.557546472257544
402,5,2025-07-01,test,-7.263465667396662,ridge/3,1.8852560582502735,5.276469324768149,9.148721725646936
402,5,2025-08-01,test,-7.066651204498164,ridge/3,0.9861373501392132,5.254832046624358,8.052788554637377
402,5,2025-09-01,test,-6.249839802262702,ridge/3,-0.1296829599199835,5.249855625356474,6.120156842342719
402,5,2025-10-01,test,-3.308996019581034,ridge/3,-0.5401249297890254,5.244879204088591,2.768871089792009
402,5,2025-11-01,test,-3.3538641129147173,ridge/3,-0.1547946331091567,5.239902782820707,3.199069479805561
402,5,2025-12-01,test,-3.0305349495328926,ridge/3,0.0337475550618773,5.234926361552823,3.06428250459477
402,5,2026-01-01,test,-2.8396520307585327,ridge/3,0.4805244603165723,5.229949940284939,3.320176491075105
402,5,2026-02-01,test,-2.7922460619623557,ridge/3,0.7798558942440429,5.224120063339086,3.5721019562063985
402,5,2026-03-01,test,-2.537287254750442,ridge/3,2.440379816457132,5.218290186393234,4.977667071207574
402,6,2015-01-01,validation,0.7611835039630144,ridge/3,-0.797262884153644,6.9317346375759925,-1.5584463881166584
402,6,2015-02-01,validation,0.8591938296882873,ridge/3,0.2899232197231738,6.9256668078621075,-0.5692706099651135
402,6,2015-03-01,validation,0.7684956169383916,ridge/3,0.7787950085821858,6.9195989781482234,0.01029939164379412
402,6,2015-04-01,validation,0.771459949533071,ridge/3,0.7971296454430881,6.913531148434338,0.02566969591001711
402,6,2015-05-01,validation,0.3846158587478498,ridge/3,0.2708678892473923,6.887276845522694,-0.11374796950045751
402,6,2015-06-01,validation,-0.9597002641009488,ridge/3,0.1770287014705593,6.861022542611045,1.136728965571508
402,6,2015-07-01,validation,-1.8173623090739,ridge/3,-0.6643412794328027,6.834768239699401,1.1530210296410972
402,6,2015-08-01,validation,-2.5025367566940737,ridge/3,-1.3070385810794505,6.808513936787757,1.1954981756146232
402,6,2015-09-01,validation,-1.8349138668196652,ridge/3,-0.5260263663734035,6.782259633876109,1.3088875004462617
402,6,2015-10-01,validation,-0.771459949533071,ridge/3,0.2210373347658751,6.769068603298401,0.992497284298946
402,6,2015-11-01,validation,-0.9643276271804168,ridge/3,0.2978742040744562,6.755877572720692,1.262201831254873
402,6,2015-12-01,validation,-0.5802724212567334,ridge/3,-0.6680486872238132,6.742686542142984,-0.08777626596707977
402,6,2016-01-01,validation,-2.739897418811399,ridge/3,-0.4713886138228975,6.729495511565276,2.2685088049885014
402,6,2016-02-01,validation,-1.769957709940062,ridge/3,0.9746803575172448,6.716304480987567,2.744638067457307
402,6,2016-03-01,validation,-1.968567507103014,ridge/3,2.1969608528950295,6.7132577904492585,4.165528359998044
402,6,2016-04-01,validation,-2.747964862646235,ridge/3,2.675747107938381,6.71021109991095,5.423711970584616
402,6,2016-05-01,validation,-2.9500664396698184,ridge/3,2.1722556965740676,6.707164409372641,5.122322136243886
402,6,2016-06-01,validation,-2.0578874181654605,ridge/3,1.5807518524165958,6.704117718834333,3.6386392705820563
402,6,2016-07-01,validation,0.2971770389157413,ridge/3,0.7288383593433565,6.701071028296024,0.4316613204276152
402,6,2016-08-01,validation,0.2971770389157413,ridge/3,1.1198817416867222,6.690336391986183,0.8227047027709808
402,6,2016-09-01,validation,2.0659859268874037,ridge/3,1.211824945745172,6.679601755676341,-0.8541609811422317
402,6,2016-10-01,validation,3.1344387736351287,ridge/3,0.9139880612845448,6.6688671193664995,-2.220450712350584
402,6,2016-11-01,validation,4.774408923214146,ridge/3,0.5773600022313243,6.658132483056659,-4.197048920982822
402,6,2016-12-01,validation,4.074278346234994,ridge/3,1.4451543429369975,6.647397846746816,-2.6291240032979966
402,6,2017-01-01,validation,3.498899185006543,ridge/3,1.903330515433161,6.523957365996072,-1.5955686695733822
402,6,2017-02-01,validation,3.498899185006543,ridge/3,1.8149419089921264,6.40051688524531,-1.6839572760144168
402,6,2017-03-01,validation,2.3100160948392734,ridge/3,2.0978543791762183,6.277076404494565,-0.21216171566305508
402,6,2017-04-01,validation,0.7684956169383916,ridge/3,2.1313413814160667,6.1536359237438205,1.362845764477675
402,6,2017-05-01,validation,-1.2446307151117608,ridge/3,2.1635863101109343,6.030195442993058,3.408217025222695
402,6,2017-06-01,validation,-0.9551170984343216,ridge/3,2.2038009405250296,5.994703143340258,3.158918038959351
402,6,2017-07-01,validation,-0.9597002641009488,ridge/3,2.2520806219420906,5.959210843687459,3.2117808860430395
402,6,2017-08-01,validation,-0.4786988557224703,ridge/3,2.5658506032087196,5.923718544034654,3.04454945893119
402,6,2017-09-01,validation,-0.5725206478039979,ridge/3,2.515785118632881,5.888226244381854,3.088305766436879
402,6,2017-10-01,validation,-0.287494208559913,ridge/3,2.1667009479144608,5.852733944729049,2.454195156474374
402,6,2017-11-01,validation,-0.0963855496306287,ridge/3,1.9800359402856351,5.8521112894154115,2.076421489916264
402,6,2017-12-01,validation,-0.8674753193673723,ridge/3,2.7424145012913836,5.851488634101774,3.609889820658756
402,6,2018-01-01,validation,-0.7744472395478041,ridge/3,2.692168965360948,5.850865978788136,3.4666162049087523
402,6,2018-02-01,validation,-0.8674753193673723,ridge/3,2.2841636123949973,5.850243323474498,3.1516389317623696
402,6,2018-03-01,validation,-1.348768038195125,ridge/3,2.1859570560286192,5.84962066816086,3.5347250942237443
402,6,2018-04-01,validation,-1.3526776298201426,ridge/3,1.504215212392211,5.786698436191994,2.8568928422123534
402,6,2018-05-01,validation,-1.163931665701856,ridge/3,0.6499255922658417,5.723776204223128,1.8138572579676975
402,6,2018-06-01,validation,-0.1937985102678396,ridge/3,-0.2182759967691432,5.6608539722542535,-0.024477486501303602
402,6,2018-07-01,validation,1.1594332780919814,ridge/3,-0.1528033363697951,5.597931740285388,-1.3122366144617765
402,6,2018-08-01,validation,0.6753523015779805,ridge/3,1.1101305069547052,5.535009508316513,0.4347782053767246
402,6,2018-09-01,validation,0.6766579708873621,ridge/3,1.5647103211939706,5.485056770219415,0.8880523503066085
402,6,2018-10-01,validation,1.7358198609757736,ridge/3,0.7553341678824376,5.435104032122316,-0.980485693093336
402,6,2018-11-01,validation,2.0280753052359657,ridge/3,-0.4699161885169376,5.385151294025212,-2.4979914937529033
402,6,2018-12-01,validation,1.2530284425624316,ridge/3,0.4655082398770549,5.335198555928113,-0.7875202026853767
402,6,2019-01-01,test,2.4669182686784197,ridge/3,2.0247256448911033,5.285245817831008,-0.4421926237873164
402,6,2019-02-01,test,1.8104353465988152,ridge/3,1.9968184724556788,5.274186642321795,0.18638312585686356
402,6,2019-03-01,test,0.7677580899034808,ridge/3,1.5086980741723792,5.263127466812581,0.7409399842688984
402,6,2019-04-01,test,0.2863963771428501,ridge/3,1.4784833585980186,5.252068291303367,1.1920869814551684
402,6,2019-05-01,test,-0.0956480225957179,ridge/3,1.553349856435949,5.241009115794154,1.6489978790316668
402,6,2019-06-01,test,-0.287769982761521,ridge/3,1.5020048138172268,5.229949940284939,1.7897747965787478
402,6,2019-07-01,test,-1.7013642905456372,ridge/3,2.0836245481865614,5.165752156158415,3.7849888387321986
402,6,2019-08-01,test,-0.283688133519977,ridge/3,1.4641513364422534,5.101554372031892,1.7478394699622304
402,6,2019-09-01,test,1.3295542481244205,ridge/3,0.9925996527095252,5.037356587905359,-0.33695459541489525
402,6,2019-10-01,test,0.8543004021947631,ridge/3,1.2224355574958816,4.973158803778835,0.3681351553011185
402,6,2019-11-01,test,0.7626347735063987,ridge/3,1.5001874802422648,4.908961019652303,0.737552706735866
402,6,2019-12-01,test,2.2793009528556674,ridge/3,1.083291941335505,4.882050600364673,-1.1960090115201623
402,6,2020-01-01,test,0.0952834755271858,ridge/3,0.1160156918642005,4.855140181077043,0.02073221633701469
402,6,2020-02-01,test,-0.6650855869909655,ridge/3,-2.0157436916989755,4.82822976178941,-1.35065810470801
402,6,2020-03-01,test,-0.5676458004804985,ridge/3,-5.108423310277234,4.80131934250178,-4.540777509796736
402,6,2020-04-01,test,-0.3787883316936913,ridge/3,-3.7339104198918274,4.774408923214146,-3.355122088198136
402,6,2020-05-01,test,2.0677428427787525,ridge/3,0.2430239286840434,4.758421823875097,-1.824718914094709
402,6,2020-06-01,test,2.0446808977683695,ridge/3,2.480542521224557,4.742434724536048,0.4358616234561876
402,6,2020-07-01,test,5.105517080028488,ridge/3,1.572849365854024,4.726447625196998,-3.5326677141744636
402,6,2020-08-01,test,5.562137895407027,ridge/3,-0.1075807571719871,4.710460525857949,-5.6697186525790135
402,6,2020-09-01,test,6.785370295669679,ridge/3,-0.3656069616876702,4.694473426518897,-7.15097725735735
402,6,2020-10-01,test,7.227653192669869,ridge/3,1.0445092524416797,4.665621989272479,-6.183143940228189
402,6,2020-11-01,test,7.091350650628225,ridge/3,2.973255329777289,4.636770552026061,-4.118095320850936
402,6,2020-12-01,test,8.463197685717727,ridge/3,3.535329742227426,4.607919114779638,-4.927867943490301
402,6,2021-01-01,test,7.158378065781434,ridge/3,3.674871280042353,4.710460525857949,-3.4835067857390816
402,6,2021-02-01,test,9.948213562846052,ridge/3,2.393834757960401,4.774408923214146,-7.55437880488565
402,6,2021-03-01,test,9.224294033448375,ridge/3,1.8351808517764292,4.882050600364673,-7.389113181671946
402,6,2021-04-01,test,9.907424943890495,ridge/3,1.506254260852339,5.026894655878018,-8.401170683038156
402,6,2021-05-01,test,8.787755287747867,ridge/3,2.135861839653274,5.155290224131069,-6.651893448094594
402,6,2021-06-01,test,6.146957328199942,ridge/3,2.253194967357521,5.241009115794154,-3.8937623608424214
402,6,2021-07-01,test,4.931155107036833,ridge/3,1.209256702340765,5.285245817831008,-3.721898404696068
402,6,2021-08-01,test,3.371105734231161,ridge/3,2.1794622530974443,5.485056770219415,-1.1916434811337169
402,6,2021-09-01,test,4.504910266835793,ridge/3,2.3052714296585894,5.551286540570822,-2.1996388371772038
402,6,2021-10-01,test,6.273834063342321,ridge/3,2.860865217292954,5.677131004508562,-3.412968846049367
402,6,2021-11-01,test,6.825185626223185,ridge/3,2.162061331155748,5.850243323474498,-4.663124295067437
402,6,2021-12-01,test,7.0581434172089175,ridge/3,1.7330845995663688,5.852733944729049,-5.325058817642549
402,6,2022-01-01,test,9.260915250245992,ridge/3,2.0845087129254813,5.8521112894154115,-7.17640653732051
402,6,2022-02-01,test,6.3452691111336,ridge/3,2.959875217457865,5.851488634101774,-3.3853938936757353
402,6,2022-03-01,test,3.7912046022248624,ridge/3,3.224917898408344,5.850865978788136,-0.5662867038165182
402,6,2022-04-01,test,0.0,ridge/3,2.99945552532435,5.888226244381854,2.99945552532435
402,6,2022-05-01,test,-2.476674432249304,ridge/3,2.4815559980956476,6.030195442993058,4.958230430344951
402,6,2022-06-01,test,-3.466812894587701,ridge/3,1.0197748756900171,6.123604951158566,4.486587770277718
402,6,2022-07-01,test,-5.483912404885771,ridge/3,1.240733458970121,6.223083369285372,6.724645863855892
402,6,2022-08-01,test,-5.637440752774037,ridge/3,-0.2537136439749061,6.302408082458832,5.383727108799131
402,6,2022-09-01,test,-7.250669078674754,ridge/3,-0.7599158241187545,6.288121072900577,6.490753254555999
402,6,2022-10-01,test,-6.834957780120998,ridge/3,0.32503743141049,6.273834063342321,7.159995211531488
402,6,2022-11-01,test,-4.586890329501525,ridge/3,1.341071111817654,6.248458716313847,5.927961441319179
402,6,2022-12-01,test,-4.549804313920003,ridge/3,2.439967637254902,6.223083369285372,6.989771951174905
402,6,2023-01-01,test,-4.82497696683053,ridge/3,1.8914629464399888,6.1977080222568945,6.716439913270518
402,6,2023-02-01,test,-4.652001563489261,ridge/3,0.2329608956735056,6.17233267522842,4.884962459162766
402,6,2023-03-01,test,-3.334997968155484,ridge/3,-0.4731623253801529,6.146957328199942,2.8618356427753313
402,6,2023-04-01,test,-1.9481135571822072,ridge/3,-0.20398975534166,6.123604951158566,1.7441238018405472
402,6,2023-05-01,test,-2.2527099024212127,ridge/3,0.4354348182151837,6.100252574117191,2.688144720636396
402,6,2023-06-01,test,-0.0802890448590609,ridge/3,0.4452024726984311,6.076900197075813,0.525491517557492
402,6,2023-07-01,test,2.085079548019042,ridge/3,0.4237770253753503,6.053547820034437,-1.6613025226436917
402,6,2023-08-01,test,4.338029563022516,ridge/3,0.0573212240922629,6.030195442993058,-4.280708338930253
402,6,2023-09-01,test,6.717152815706484,ridge/3,-0.0621377693853038,5.994703143340258,-6.779290585091788
402,6,2023-10-01,test,5.501586521188528,ridge/3,0.8448330682697996,5.959210843687459,-4.656753452918728
402,6,2023-11-01,test,6.076820027034113,ridge/3,1.3234874920801984,5.923718544034654,-4.753332534953914
402,6,2023-12-01,test,6.754604220152682,ridge/3,1.7767930185224192,5.888226244381854,-4.977811201630264
402,6,2024-01-01,test,5.030073847479866,ridge/3,1.908637302690179,5.852733944729049,-3.1214365447896864
402,6,2024-02-01,test,4.908961019652391,ridge/3,1.8656404896896648,5.8521112894154115,-3.0433205299627266
402,6,2024-03-01,test,4.387995918834164,ridge/3,2.1359356069499715,5.959210843687459,-2.252060311884193
402,6,2024-04-01,test,6.021382234926165,ridge/3,1.3022944894786064,5.923718544034654,-4.719087745447558
402,6,2024-05-01,test,5.583884357291602,ridge/3,1.6415467433983324,6.03952035980127,-3.9423376138932698
402,6,2024-06-01,test,4.836107169342085,ridge/3,2.6731238629130702,6.076820027034113,-2.162983306429015
402,6,2024-07-01,test,7.065187194286349,ridge/3,2.655150257478538,6.067495110225903,-4.410036936807811
402,6,2024-08-01,test,7.84292464499412,ridge/3,3.1123433930512787,6.058170193417692,-4.730581251942842
402,6,2024-09-01,test,7.896030234952533,ridge/3,2.894957227585438,6.04884527660948,-5.001073007367095
402,6,2024-10-01,test,8.066059843887619,ridge/3,2.33852013115868,6.03952035980127,-5.727539712728939
402,6,2024-11-01,test,8.797639515860922,ridge/3,1.8019359238059625,6.030195442993058,-6.9957035920549595
402,6,2024-12-01,test,9.15314275067809,ridge/3,2.0624420385423554,6.0284328013796795,-7.0907007121357335
402,6,2025-01-01,test,6.203010342516979,ridge/3,2.737489879303737,6.058170193417692,-3.465520463213242
402,6,2025-02-01,test,3.4016885278254527,ridge/3,2.9523172569896605,6.104874947500445,-0.4493712708357922
402,6,2025-03-01,test,0.4776535864153608,ridge/3,2.5871157060118306,6.17233267522842,2.10946211959647
402,6,2025-04-01,test,-2.732410427455356,ridge/3,2.6832793271741,6.273834063342321,5.415689754629456
402,6,2025-05-01,test,-5.66124558651504,ridge/3,3.4032306187279016,6.330982101575345,9.064476205242942
402,6,2025-06-01,test,-8.511429318614727,ridge/3,3.808050260641638,6.526546352501537,12.319479579256365
402,6,2025-07-01,test,-8.263474000855009,ridge/3,2.195683410190608,6.466120605378888,10.459157411045616
402,6,2025-08-01,test,-8.004270767353638,ridge/3,1.216376728635436,6.405694858256249,9.220647495989075
402,6,2025-09-01,test,-5.025481691691613,ridge/3,-0.0146859097415823,6.3452691111336,5.010795781950031
402,6,2025-10-01,test,-4.678386787916811,ridge/3,-0.5039959935308327,6.330982101575345,4.174390794385978
402,6,2025-11-01,test,-4.301738508369102,ridge/3,0.0122870609089675,6.31669509201709,4.314025569278069
402,6,2025-12-01,test,-3.839660364216879,ridge/3,0.3494546858105714,6.302408082458832,4.189115050027451
402,6,2026-01-01,test,-3.7298656248178297,ridge/3,0.85760437797004,6.288121072900577,4.587470002787869
402,6,2026-02-01,test,-1.3129291441793534,ridge/3,1.2024552519323566,6.273834063342321,2.5153843961117097
318,2,2015-01-01,validation,-3.77863356661381,ridge/3+commodity,-0.1662172006145607,1.570734361237919,3.612416365999249
318,2,2015-02-01,validation,-4.087256214181778,ridge/3+commodity,-0.8565764480710778,1.5509779385093654,3.2306797661107005
318,2,2015-03-01,validation,-0.6230549750636527,ridge/3+commodity,-1.8455991100316411,1.531221515780815,-1.2225441349679884
318,2,2015-04-01,validation,0.8810629682154847,ridge/3+commodity,-0.8215615025810296,1.511465093052264,-1.7026244707965144
318,2,2015-05-01,validation,-0.8788506033078569,ridge/3+commodity,0.596101986289505,1.4917086703237104,1.4749525895973619
318,2,2015-06-01,validation,-1.8975901459005409,ridge/3+commodity,-0.021171187456313856,1.4764859208616177,1.876418958444227
318,2,2015-07-01,validation,-1.9096697456456369,ridge/3+commodity,-0.9400180314342702,1.4612631713995223,0.9696517142113666
318,2,2015-08-01,validation,-1.9342962843131415,ridge/3+commodity,-0.9523654959049163,1.4460404219374294,0.9819307884082252
318,2,2015-09-01,validation,-2.472474678276182,ridge/3+commodity,-1.445175940914606,1.4308176724753363,1.0272987373615758
318,2,2015-10-01,validation,-2.1053409197832273,ridge/3+commodity,-1.2369866136169687,1.4155949230132414,0.8683543061662586
318,2,2015-11-01,validation,-4.721038500991348,ridge/3+commodity,-2.1321339547949107,1.4155949230132414,2.5889045461964373
318,2,2015-12-01,validation,-5.747135391447866,ridge/3+commodity,-3.2626685380009914,1.4155949230132414,2.484466853446875
318,2,2016-01-01,validation,-3.6572289623344463,ridge/3+commodity,-3.7878983364947265,1.4155949230132414,-0.13066937416028024
318,2,2016-02-01,validation,-1.1331566009549654,ridge/3+commodity,-0.8010781350813558,1.4155949230132414,0.33207846587360956
318,2,2016-03-01,validation,-1.152750517106682,ridge/3+commodity,-0.2042145043879543,1.4155949230132414,0.9485360127187278
318,2,2016-04-01,validation,-2.597548640326064,ridge/3+commodity,0.5483447127409949,1.4115502338878907,3.1458933530670588
318,2,2016-05-01,validation,-2.4946267946577727,ridge/3+commodity,-1.9554487265406344,1.4075055447625393,0.5391780681171383
318,2,2016-06-01,validation,-2.2173857494322213,ridge/3+commodity,-0.38630833011683746,1.4034608556371888,1.8310774193153838
318,2,2016-07-01,validation,-1.0455659104338544,ridge/3+commodity,-0.6461722187356435,1.399416166511838,0.39939369169821093
318,2,2016-08-01,validation,0.4474280394920704,ridge/3+commodity,-0.6337085708471686,1.3953714773864867,-1.081136610339239
318,2,2016-09-01,validation,3.829628507728078,ridge/3+commodity,-0.6055074472158815,1.3721642111073795,-4.435135954943959
318,2,2016-10-01,validation,4.793946228911938,ridge/3+commodity,-0.28851117412038946,1.3489569448282694,-5.082457403032328
318,2,2016-11-01,validation,3.4094211342975633,ridge/3+commodity,1.1232672436309135,1.4034608556371888,-2.28615389066665
318,2,2016-12-01,validation,2.382733608055787,ridge/3+commodity,1.1484708397459422,1.4155949230132414,-1.2342627683098448
318,2,2017-01-01,validation,-0.5602255548669888,ridge/3+commodity,0.3316764359016252,1.4155949230132414,0.891901990768614
318,2,2017-02-01,validation,-1.9581045199107192,ridge/3+commodity,1.319461523656738,1.4764859208616177,3.2775660435674574
318,2,2017-03-01,validation,-0.4222384879848384,ridge/3+commodity,-0.42474899211335737,1.4612631713995246,-0.0025105041285189977
318,2,2017-04-01,validation,0.9838449000287852,ridge/3+commodity,-1.2103907562174716,1.4460404219374294,-2.194235656246257
318,2,2017-05-01,validation,-0.1411432838407833,ridge/3+commodity,-0.5503108532887369,1.4308176724753363,-0.4091675694479535
318,2,2017-06-01,validation,0.9742596198819342,ridge/3+commodity,0.08249773249317244,1.4155949230132414,-0.8917618873887618
318,2,2017-07-01,validation,2.9229638314938633,ridge/3+commodity,0.34466889758969077,1.4155949230132414,-2.5782949339041723
318,2,2017-08-01,validation,3.270046131093451,ridge/3+commodity,1.7919307201287837,1.4155949230132414,-1.4781154109646673
318,2,2017-09-01,validation,3.5044017240366543,ridge/3+commodity,1.6817342547814835,1.4460404219374294,-1.8226674692551708
318,2,2017-10-01,validation,0.933962759613216,ridge/3+commodity,2.001784224969785,1.511465093052264,1.0678214653565687
318,2,2017-11-01,validation,0.7915608612661273,ridge/3+commodity,0.2996068516506724,1.5904907839664697,-0.49195400961545493
318,2,2017-12-01,validation,2.102574170575089,ridge/3+commodity,0.8374990626659393,1.570734361237919,-1.2650751079091496
318,2,2018-01-01,validation,2.0806992505961297,ridge/3+commodity,1.5548013436610462,1.5509779385093685,-0.5258979069350835
318,2,2018-02-01,validation,0.3893580519132023,ridge/3+commodity,1.28409489064932,1.6002139266991655,0.8947368387361176
318,2,2018-03-01,validation,-0.5161301780225003,ridge/3+commodity,1.4154169451858505,1.6268551211348747,1.9315471232083508
318,2,2018-04-01,validation,1.924369839262674,ridge/3+commodity,0.9079803989221658,1.6147986407982096,-1.0163894403405083
318,2,2018-05-01,validation,0.6447475590969809,ridge/3+commodity,1.0477764015241138,1.6099370694318618,0.4030288424271329
318,2,2018-06-01,validation,-0.1271455988196557,ridge/3+commodity,1.9588364605077926,1.650968081808203,2.0859820593274483
318,2,2018-07-01,validation,3.0382083688122563,ridge/3+commodity,0.336223667634872,1.638911601471538,-2.701984701177384
318,2,2018-08-01,validation,3.007745523727845,ridge/3+commodity,0.8952641567619473,1.6268551211348747,-2.1124813669658975
318,2,2018-09-01,validation,0.8690309191977441,ridge/3+commodity,1.7923881403355364,1.67508104248153,0.9233572211377923
318,2,2018-10-01,validation,-1.117330059812538,ridge/3+commodity,1.0093304742480775,1.7385609805690558,2.1266605340606155
318,2,2018-11-01,validation,-2.3765971597424773,ridge/3+commodity,-1.5461726545024228,1.7226909960471757,0.8304245052400545
318,2,2018-12-01,validation,-2.913442288996748,ridge/3+commodity,-1.8194126417725331,1.7068210115252929,1.094029647224215
318,2,2019-01-01,test,-2.0461071871340053,ridge/3+commodity,-1.124384756823693,1.6909510270034125,0.9217224303103122
318,2,2019-02-01,test,-0.7741974153615772,ridge/3+commodity,-0.6038226677704648,1.67508104248153,0.17037474759111237
318,2,2019-03-01,test,0.900327624995878,ridge/3+commodity,-0.13560925666176565,1.6630245621448665,-1.0359368816576437
318,2,2019-04-01,test,2.4313417742877874,ridge/3+commodity,-0.4130289441333686,1.650968081808203,-2.844370718421156
318,2,2019-05-01,test,0.1279590705625111,ridge/3+commodity,-0.301426466349868,1.638911601471538,-0.42938553691237913
318,2,2019-06-01,test,-3.081116640039827,ridge/3+commodity,0.634581583261273,1.6909510270034125,3.7156982233011
318,2,2019-07-01,test,-1.936793917805524,ridge/3+commodity,-0.6835215227158612,1.67508104248153,1.2532723950896627
318,2,2019-08-01,test,-0.261096754072021,ridge/3+commodity,-1.460037229829998,1.6630245621448665,-1.198940475757977
318,2,2019-09-01,test,-2.108114960312069,ridge/3+commodity,-1.0774579282399668,1.650968081808203,1.0306570320721022
318,2,2019-10-01,test,-4.820210181787754,ridge/3+commodity,-1.1210210363293256,1.638911601471538,3.6991891454584285
318,2,2019-11-01,test,-3.799642960537053,ridge/3+commodity,-1.3430361122892962,1.6268551211348747,2.4566068482477568
318,2,2019-12-01,test,-1.520416296043425,ridge/3+commodity,-1.4573513238851354,1.6147986407982096,0.06306497215828966
318,2,2020-01-01,test,-4.67176245674592,ridge/3+commodity,-0.6432812574034827,1.6099370694318618,4.028481199342438
318,2,2020-02-01,test,-4.705073078599842,ridge/3+commodity,-2.1470892168948583,1.6050754980655142,2.5579838617049835
318,2,2020-03-01,test,-5.971923470162288,ridge/3+commodity,-5.977895108341434,1.6002139266991655,-0.0059716381791457
318,2,2020-04-01,test,-5.39861215581352,ridge/3+commodity,-3.968347001451468,1.5953523553328182,1.4302651543620524
318,2,2020-05-01,test,1.678147696200405,ridge/3+commodity,-2.140766516672594,1.5904907839664697,-3.818914212872999
318,2,2020-06-01,test,3.184499568092125,ridge/3+commodity,1.337693406622558,1.570734361237919,-1.846806161469567
318,2,2020-07-01,test,2.539344808870858,ridge/3+commodity,3.3559080016568297,1.6050754980655142,0.8165631927859716
318,2,2020-08-01,test,1.4815085785141235,ridge/3+commodity,1.9283362869149974,1.638911601471538,0.4468277084008738
318,2,2020-09-01,test,0.8810629682155735,ridge/3+commodity,0.4295564933916826,1.675694373225305,-0.4515064748238909
318,2,2020-10-01,test,0.8784829555732898,ridge/3+commodity,0.20088083697259085,1.67508104248153,-0.677602118600699
318,2,2020-11-01,test,0.0,ridge/3+commodity,1.5640482556699473,1.6630245621448665,1.5640482556699473
318,2,2020-12-01,test,8.652535024859187,ridge/3+commodity,2.533259373339418,1.650968081808203,-6.119275651519769
318,2,2021-01-01,test,12.23211309648713,ridge/3+commodity,3.889859244166259,1.638911601471538,-8.34225385232087
318,2,2021-02-01,test,3.4168895615249717,ridge/3+commodity,5.809351201711153,1.675694373225305,2.3924616401861813
318,2,2021-03-01,test,1.540466919498673,ridge/3+commodity,3.5929442932362914,1.678147696200405,2.0524773737376183
318,2,2021-04-01,test,7.705673949497438,ridge/3+commodity,2.3441420639412858,1.7391743113128308,-5.361531885556152
318,2,2021-05-01,test,8.775420081537089,ridge/3+commodity,2.986415245103347,1.7239176575347257,-5.789004836433742
318,2,2021-06-01,test,3.641036369584061,ridge/3+commodity,4.397026469966814,1.770166606521251,0.7559901003827534
318,2,2021-07-01,test,5.890717557969882,ridge/3+commodity,2.6035564875746577,1.7945763008415485,-3.2871610703952245
318,2,2021-08-01,test,9.457592687366034,ridge/3+commodity,1.2968732085754109,1.797801229540852,-8.160719478790623
318,2,2021-09-01,test,10.733875566993234,ridge/3+commodity,5.645537842989223,1.8549308868804113,-5.088337724004011
318,2,2021-10-01,test,6.499749239435726,ridge/3+commodity,5.4003229073413985,1.9023072240437255,-1.0994263320943274
318,2,2021-11-01,test,0.9832920916238664,ridge/3+commodity,3.8584482783726717,1.9467269954047952,2.8751561867488054
318,2,2021-12-01,test,-1.785761740000602,ridge/3+commodity,1.8766593608952409,2.000350033813609,3.662421100895843
318,2,2022-01-01,test,4.121330737987616,ridge/3+commodity,1.7192617888182005,1.9802627296179764,-2.402068949169416
318,2,2022-02-01,test,9.721935807412583,ridge/3+commodity,4.468005593275802,1.9690841515469168,-5.253930214136782
318,2,2022-03-01,test,0.0,ridge/3+commodity,5.448919751268362,2.0405246422048706,5.448919751268362
318,2,2022-04-01,test,-6.763140088863029,ridge/3+commodity,1.9126835763358816,2.089449218587714,8.67582366519891
318,2,2022-05-01,test,-6.097679649871601,ridge/3+commodity,0.5185218639233186,2.085074234591922,6.61620151379492
318,2,2022-06-01,test,-3.762820150406121,ridge/3+commodity,-0.9618211491672521,2.0806992505961297,2.8009990012388686
318,2,2022-07-01,test,1.1904902506318926,ridge/3+commodity,-1.7060960964425411,2.0606119464005004,-2.8965863470744337
318,2,2022-08-01,test,-0.2020202707275764,ridge/3+commodity,-0.3213791908089718,2.0405246422048706,-0.11935892008139543
318,2,2022-09-01,test,-7.259190151767125,ridge/3+commodity,0.24510823128593506,2.020437338009238,7.504298383053061
318,2,2022-10-01,test,-8.544995302141878,ridge/3+commodity,-1.6138576629784094,2.000350033813609,6.9311376391634685
318,2,2022-11-01,test,-9.562836403567765,ridge/3+commodity,-2.494207670939042,1.9802627296179764,7.0686287326287225
318,2,2022-12-01,test,-9.223122421603414,ridge/3+commodity,-1.3309006808394224,1.9690841515469168,7.892221740763992
318,2,2023-01-01,test,-7.383873275339692,ridge/3+commodity,-1.6016686433917502,1.9579055734758568,5.782204631947941
318,2,2023-02-01,test,-4.318993275041105,ridge/3+commodity,-1.3312771103660268,1.9467269954047952,2.9877161646750787
318,2,2023-03-01,test,-2.158813997363485,ridge/3+commodity,-0.7438266355342524,1.9355484173337352,1.4149873618292326
318,2,2023-04-01,test,-5.441756987071322,ridge/3+commodity,-2.0102858903062177,1.924369839262674,3.4314710967651045
318,2,2023-05-01,test,-2.3377688009062148,ridge/3+commodity,-3.572427446295614,1.9133385316532,-1.2346586453893993
318,2,2023-06-01,test,5.94490270260799,ridge/3+commodity,-1.7451575019090264,1.9023072240437255,-7.6900602045170166
318,2,2023-07-01,test,3.992803395273992,ridge/3+commodity,1.4419978886431009,1.89127591643425,-2.5508055066308915
318,2,2023-08-01,test,2.3559676173891653,ridge/3+commodity,2.579949851965806,1.9355484173337352,0.22398223457664068
318,2,2023-09-01,test,0.0,ridge/3+commodity,1.6111486225485314,1.9802627296179764,1.6111486225485314
318,2,2023-10-01,test,-6.7156323679649965,ridge/3+commodity,0.2602452071118386,2.0606119464005004,6.975877575076835
318,2,2023-11-01,test,-6.521214864704561,ridge/3+commodity,-1.199450888545155,2.0405246422048706,5.321763976159406
318,2,2023-12-01,test,-1.0540282035432114,ridge/3+commodity,-0.8432349214794126,2.020437338009238,0.21079328206379877
318,2,2024-01-01,test,-0.5405418566907905,ridge/3+commodity,-0.21977283312909218,2.000350033813609,0.3207690235616983
318,2,2024-02-01,test,-4.746653723892358,ridge/3+commodity,0.6727991014338865,1.9802627296179764,5.419452825326244
318,2,2024-03-01,test,-6.003197903568047,ridge/3+commodity,-0.758658269820185,1.9690841515469168,5.244539633747862
318,2,2024-04-01,test,0.6920442844573493,ridge/3+commodity,-2.5951067334891675,1.9579055734758568,-3.287151017946517
318,2,2024-05-01,test,5.186866839652016,ridge/3+commodity,-1.1110490421515002,1.9467269954047952,-6.297915881803516
318,2,2024-06-01,test,1.233737375984134,ridge/3+commodity,0.5188680880238157,1.9355484173337352,-0.7148692879603182
318,2,2024-07-01,test,-0.5479465764626212,ridge/3+commodity,0.05587432419686117,1.9802627296179764,0.6038209006594824
318,2,2024-08-01,test,4.0058760552004635,ridge/3+commodity,-0.37860973271775367,1.9690841515469168,-4.3844857879182175
318,2,2024-09-01,test,1.634913800153015,ridge/3+commodity,0.9455012831663829,1.9579055734758568,-0.6894125169866321
318,2,2024-10-01,test,-3.4623964566048215,ridge/3+commodity,1.7542316761292494,2.020437338009238,5.216628132734071
318,2,2024-11-01,test,6.030660623099049,ridge/3+commodity,0.021271835905011804,2.000350033813609,-6.0093887871940375
318,2,2024-12-01,test,11.022670530899958,ridge/3+commodity,1.044249709700701,1.9802627296179764,-9.978420821199258
318,2,2025-01-01,test,-0.1273074646797489,ridge/3+commodity,3.2317117787834544,2.0606119464005004,3.3590192434632034
318,2,2025-02-01,test,-7.168372854221605,ridge/3+commodity,2.1803007387201445,2.0938242025835057,9.34867359294175
318,2,2025-03-01,test,-1.153119759919008,ridge/3+commodity,-0.25362991895703707,2.089449218587714,0.8994898409619709
318,2,2025-04-01,test,5.947356463528486,ridge/3+commodity,-0.6335157488515653,2.085074234591922,-6.580872212380051
318,2,2025-05-01,test,7.9249371654140255,ridge/3+commodity,1.2805337822611709,2.0806992505961297,-6.644403383152855
318,2,2025-06-01,test,4.797082778602935,ridge/3+commodity,3.2401519275895865,2.0981991865792975,-1.5569308510133482
318,2,2025-07-01,test,-0.1191185370152503,ridge/3+commodity,2.5382154512606996,2.144683010575898,2.65733398827595
318,2,2025-08-01,test,-6.282258592205547,ridge/3+commodity,0.6580013338483298,2.1847462350774904,6.940259926053877
318,2,2025-09-01,test,-3.0250340464665904,ridge/3+commodity,-1.143080647261631,2.178750902826963,1.8819533992049593
318,2,2025-10-01,test,-2.397591187571102,ridge/3+commodity,-1.2471694695540234,2.1727555705764345,1.1504217180170786
318,2,2025-11-01,test,-0.3692311887127708,ridge/3+commodity,-1.6332341183225778,2.1587192905761663,-1.264002929609807
318,2,2025-12-01,test,11.33742963813793,ridge/3+commodity,-0.9960688653452279,2.144683010575898,-12.333498503483158
318,2,2026-01-01,test,20.848672453314077,ridge/3+commodity,1.7130241332994611,2.1306467305756276,-19.135648320014617
318,2,2026-02-01,test,24.457697191695704,ridge/3+commodity,7.665864556350708,2.178750902826963,-16.791832635344996
318,2,2026-03-01,test,12.144665340945073,ridge/3+commodity,8.971460513173746,2.2027322318290743,-3.173204827771327
318,2,2026-04-01,test,-11.03331763272042,ridge/3+commodity,6.339445207678877,2.216879031246677,17.372762840399297
318,2,2026-05-01,test,-17.06873695126143,ridge/3+commodity,-1.4372927019054662,2.23050415771243,15.631444249355965
318,2,2026-06-01,test,-7.234558711459194,ridge/3+commodity,-2.896467875575866,2.227141348841979,4.338090835883328
318,3,2015-01-01,validation,-5.5330645317047455,ridge/3+commodity,-0.2045393071021826,1.987207415200132,5.328525224602563
318,3,2015-02-01,validation,-2.9558802241544946,ridge/3+commodity,-1.1096680231518994,1.985818478083701,1.8462122010025952
318,3,2015-03-01,validation,-0.8733679968754515,ridge/3+commodity,-2.1519093149856277,1.9844295409672696,-1.2785413181101761
318,3,2015-04-01,validation,0.2525253867194266,ridge/3+commodity,-0.9344208488442327,1.9830406038508388,-1.1869462355636593
318,3,2015-05-01,validation,-2.1479031677123395,ridge/3+commodity,0.7074270202569686,1.9816516667344075,2.855330187969308
318,3,2015-06-01,validation,-2.538207327141695,ridge/3+commodity,-0.3578250305052718,1.9802627296179764,2.1803822966364232
318,3,2015-07-01,validation,-3.2033488487176243,ridge/3+commodity,-1.6103624709466473,1.9802627296179764,1.592986377770977
318,3,2015-08-01,validation,-3.113091859517336,ridge/3+commodity,-1.5375684446201423,1.9802627296179764,1.5755234148971935
318,3,2015-09-01,validation,-3.3990200228552148,ridge/3+commodity,-1.8240792518280782,1.9802627296179764,1.5749407710271366
318,3,2015-10-01,validation,-5.899834076195543,ridge/3+commodity,-1.4130797397609633,1.9802627296179764,4.486754336434579
318,3,2015-11-01,validation,-6.673680736026899,ridge/3+commodity,-2.8690108961782226,1.9802627296179764,3.8046698398486765
318,3,2015-12-01,validation,-7.451722118746762,ridge/3+commodity,-4.3367174749908655,1.9588309178156404,3.1150046437558965
318,3,2016-01-01,validation,-3.0857988359905164,ridge/3+commodity,-4.46813402658907,1.9373991060133016,-1.3823351905985533
318,3,2016-02-01,validation,-2.857337244405578,ridge/3+commodity,-0.25661803244515213,1.9159672942109656,2.600719211960426
318,3,2016-03-01,validation,-2.0261185139821336,ridge/3+commodity,0.3096796356470418,1.8945354824086296,2.3357981496291753
318,3,2016-04-01,validation,-4.218807438108385,ridge/3+commodity,0.9348678977593383,1.873103670606291,5.153675335867724
318,3,2016-05-01,validation,-3.090753746307673,ridge/3+commodity,-2.081241012382559,1.8366312202708477,1.009512733925114
318,3,2016-06-01,validation,-2.6668247082161756,ridge/3+commodity,-0.22979094133745182,1.8001587699353994,2.4370337668787236
318,3,2016-07-01,validation,-0.1486989121578297,ridge/3+commodity,-0.9248874953806671,1.7636863195999564,-0.7761885832228373
318,3,2016-08-01,validation,3.3801895489441236,ridge/3+commodity,-0.8832271952274403,1.7272138692645131,-4.263416744171564
318,3,2016-09-01,validation,5.690813227187963,ridge/3+commodity,-0.9822302446294958,1.6907414189290648,-6.673043471817459
318,3,2016-10-01,validation,6.3421826437496165,ridge/3+commodity,-0.7627971640060989,1.666853248434378,-7.104979807755715
318,3,2016-11-01,validation,4.243918327515672,ridge/3+commodity,0.8200284379452701,1.8001587699353994,-3.423889889570402
318,3,2016-12-01,validation,0.9880108599706894,ridge/3+commodity,0.9952433405137388,1.9159672942109656,0.007232480543049369
318,3,2017-01-01,validation,-1.1236073266926103,ridge/3+commodity,0.5175437734044059,1.9802627296179764,1.6411511000970163
318,3,2017-02-01,validation,-1.816961236069936,ridge/3+commodity,1.8734530055885827,1.9802627296179764,3.6904142416585186
318,3,2017-03-01,validation,0.4204631282031634,ridge/3+commodity,-0.39670863830957703,1.9802627296179764,-0.8171717665127405
318,3,2017-04-01,validation,0.0,ridge/3+commodity,-1.239563086783506,1.9802627296179764,-1.239563086783506
318,3,2017-05-01,validation,1.816961236069936,ridge/3+commodity,-0.47280038677529246,1.9802627296179764,-2.2897616228452287
318,3,2017-06-01,validation,1.939118931465078,ridge/3+commodity,0.28557720770175243,1.9802627296179764,-1.6535417237633256
318,3,2017-07-01,validation,5.228150651004171,ridge/3+commodity,0.6205276315640433,1.9802627296179764,-4.607623019440128
318,3,2017-08-01,validation,4.469261035619798,ridge/3+commodity,2.2984286283818225,1.9588309178156404,-2.1708324072379757
318,3,2017-09-01,validation,3.2391495791235236,ridge/3+commodity,1.7650133520641293,1.963805210356818,-1.4741362270593943
318,3,2017-10-01,validation,1.990775765792474,ridge/3+commodity,2.16186305610292,1.9802627296179764,0.1710872903104459
318,3,2017-11-01,validation,1.8373220256619585,ridge/3+commodity,0.43344239263490686,1.9816516667344075,-1.4038796330270515
318,3,2017-12-01,validation,3.1375122567753877,ridge/3+commodity,1.645682072865187,1.987207415200132,-1.4918301839102006
318,3,2018-01-01,validation,1.4351192163090332,ridge/3+commodity,2.5250907728814767,1.9900620956740056,1.0899715565724435
318,3,2018-02-01,validation,0.5188079081777985,ridge/3+commodity,1.945172174829903,1.9893484255555376,1.4263642666521044
318,3,2018-03-01,validation,1.2787898049755777,ridge/3+commodity,2.0223929291957172,2.041954788253247,0.7436031242201395
318,3,2018-04-01,validation,0.7741974153615772,ridge/3+commodity,1.1623430298351773,2.0163652770228624,0.3881456144736002
318,3,2018-05-01,validation,1.667774384178422,ridge/3+commodity,1.3733851086374256,1.990775765792474,-0.2943892755409965
318,3,2018-06-01,validation,1.8880359449111592,ridge/3+commodity,2.2528491993235873,1.9900620956740056,0.36481325441242807
318,3,2018-07-01,validation,4.030772348809286,ridge/3+commodity,0.14078943074063688,1.9893484255555376,-3.8899829180686494
318,3,2018-08-01,validation,2.8842124629285593,ridge/3+commodity,1.26881632182926,1.988634755437069,-1.6153961410992992
318,3,2018-09-01,validation,-0.1247660798155081,ridge/3+commodity,2.5034321500541163,1.9879210853186005,2.6281982298696245
318,3,2018-10-01,validation,-2.500130220541763,ridge/3+commodity,1.1618650937570043,1.990775765792474,3.6619953142987676
318,3,2018-11-01,validation,-3.90723928801,ridge/3+commodity,-2.164424977649573,2.09313381071402,1.7428143103604268
318,3,2018-12-01,validation,-3.4289073478632304,ridge/3+commodity,-2.0155284485058345,2.0675442994836355,1.413378899357396
318,3,2019-01-01,test,-2.3048395436291003,ridge/3+commodity,-0.8717895816878453,2.041954788253247,1.4330499619412551
318,3,2019-02-01,test,0.3848625661293958,ridge/3+commodity,-0.4112124534511765,2.0163652770228624,-0.7960750195805724
318,3,2019-03-01,test,2.1726094177926925,ridge/3+commodity,0.12807921171237535,1.990775765792474,-2.044530206080317
318,3,2019-04-01,test,1.287019052053484,ridge/3+commodity,-0.36724460759678457,1.9900620956740056,-1.6542636596502687
318,3,2019-05-01,test,-1.808834847243013,ridge/3+commodity,-0.18151609485301845,1.9893484255555376,1.6273187523899946
318,3,2019-06-01,test,-3.081116640039827,ridge/3+commodity,1.1350616847002195,2.041954788253247,4.216178324740047
318,3,2019-07-01,test,-2.197890671877545,ridge/3+commodity,-0.8170415190919647,2.0163652770228624,1.3808491527855802
318,3,2019-08-01,test,-2.108114960312069,ridge/3+commodity,-1.5867653389317287,1.990775765792474,0.5213496213803404
318,3,2019-09-01,test,-5.081306935859775,ridge/3+commodity,-1.1933299981910683,1.9900620956740056,3.887976937668707
318,3,2019-10-01,test,-5.6466611667771005,ridge/3+commodity,-1.3409027041588866,1.9893484255555376,4.305758462618214
318,3,2019-11-01,test,-4.493608271591132,ridge/3+commodity,-1.677071660881726,1.988634755437069,2.816536610709406
318,3,2019-12-01,test,-5.498213441735267,ridge/3+commodity,-2.020105997887433,1.9879210853186005,3.4781074438478337
318,3,2020-01-01,test,-5.399038389653921,ridge/3+commodity,-1.028951597229491,1.987207415200132,4.37008679242443
318,3,2020-02-01,test,-9.94972061585413,ridge/3+commodity,-3.461272487393586,1.985818478083701,6.4884481284605435
318,3,2020-03-01,test,-6.125888088721521,ridge/3+commodity,-8.64132530554624,1.98442954096727,-2.5154372168247185
318,3,2020-04-01,test,-3.566499841053883,ridge/3+commodity,-4.792773623402191,1.9830406038508388,-1.2262737823483079
318,3,2020-05-01,test,3.0305349495328926,ridge/3+commodity,-2.0173137188488446,1.9816516667344075,-5.047848668381738
318,3,2020-06-01,test,4.3714571236304955,ridge/3+commodity,2.545007340549606,1.9802627296179764,-1.8264497830808897
318,3,2020-07-01,test,2.833895831846611,ridge/3+commodity,4.325492092755164,1.9802627296179764,1.491596260908553
318,3,2020-08-01,test,2.068020523753944,ridge/3+commodity,2.458008380571967,1.98442954096727,0.38998785681802284
318,3,2020-09-01,test,1.173033978549043,ridge/3+commodity,0.7805006740831949,1.988634755437069,-0.392533304465848
318,3,2020-10-01,test,0.5865119452398204,ridge/3+commodity,0.577765458564611,2.0163652770228624,-0.008746486675209386
318,3,2020-11-01,test,8.944506035192656,ridge/3+commodity,2.63145965960987,2.068020523753944,-6.313046375582786
318,3,2020-12-01,test,11.94014208615366,ridge/3+commodity,3.5849186481286184,2.052571572161651,-8.355223438025043
318,3,2021-01-01,test,12.361395596717628,ridge/3+commodity,5.023382412271892,2.037122620569358,-7.338013184445736
318,3,2021-02-01,test,4.828073980793146,ridge/3+commodity,6.981844655183122,2.0883016430301287,2.1537706743899756
318,3,2021-03-01,test,7.834956449727937,ridge/3+commodity,4.016081994669701,2.129500541114063,-3.8188744550582356
318,3,2021-04-01,test,10.186604500805265,ridge/3+commodity,2.8955938802936094,2.1726094177926925,-7.291010620511655
318,3,2021-05-01,test,9.935525899813324,ridge/3+commodity,3.6269480454452783,2.172726340019686,-6.308577854368046
318,3,2021-06-01,test,8.371648109277707,ridge/3+commodity,4.936954671207767,2.1820649032010224,-3.4346934380699405
318,3,2021-07-01,test,10.61769850564227,ridge/3+commodity,2.525554179087104,2.207854585151781,-8.092144326555166
318,3,2021-08-01,test,15.46448730668688,ridge/3+commodity,1.4255763639548074,2.274923373273866,-14.038910942732073
318,3,2021-09-01,test,11.226730187108114,ridge/3+commodity,6.756186979262849,2.4256977645559896,-4.470543207845265
318,3,2021-10-01,test,6.990186710944712,ridge/3+commodity,6.004796101166454,2.4703530824891033,-0.9853906097782579
318,3,2021-11-01,test,-1.2929071198857225,ridge/3+commodity,4.51257240507277,2.578602188878291,5.805479524958492
318,3,2021-12-01,test,4.611768209496603,ridge/3+commodity,2.5605120739425695,2.71955375682798,-2.0512561355540333
318,3,2022-01-01,test,7.445736595902996,ridge/3+commodity,2.6598575433977576,2.8439591580630017,-4.785879052505239
318,3,2022-02-01,test,6.397529949497205,ridge/3+commodity,6.035164147231908,2.833895831846611,-0.36236580226529647
318,3,2022-03-01,test,-3.4387342309476487,ridge/3+commodity,7.0037207882194945,2.87414913671217,10.442455019167143
318,3,2022-04-01,test,-9.42208550778698,ridge/3+commodity,3.010799024035851,2.934231073938422,12.43288453182283
318,3,2022-05-01,test,-7.20155438135377,ridge/3+commodity,0.8176448146274244,2.967576814611661,8.019199195981194
318,3,2022-06-01,test,-1.46845516829206,ridge/3+commodity,-1.4988709188211742,2.967576814611661,-0.03041575052911427
318,3,2022-07-01,test,-1.3058950022097449,ridge/3+commodity,-1.9393460001980873,2.967576814611661,-0.6334509979883425
318,3,2022-08-01,test,-4.964825169653064,ridge/3+commodity,-0.6753398283596542,2.9509039442750415,4.28948534129341
318,3,2022-09-01,test,-11.041380554983515,ridge/3+commodity,0.44807829993686743,2.934231073938422,11.489458854920382
318,3,2022-10-01,test,-14.325641302493253,ridge/3+commodity,-1.5357201214280232,2.9175582036018004,12.78992118106523
318,3,2022-11-01,test,-13.005312824819804,ridge/3+commodity,-2.015343303500185,2.900885333265181,10.989969521319619
318,3,2022-12-01,test,-13.164519275691069,ridge/3+commodity,0.5493466325293459,2.8842124629285593,13.713865908220415
318,3,2023-01-01,test,-7.761469696293144,ridge/3+commodity,0.14433604492767105,2.87414913671217,7.905805741220815
318,3,2023-02-01,test,-6.100210851451138,ridge/3+commodity,0.29333133989894444,2.864085810495782,6.3935421913500825
318,3,2023-03-01,test,-5.819353408024774,ridge/3+commodity,0.3110197957675047,2.854022484279391,6.13037320379228
318,3,2023-04-01,test,-4.118986377316247,ridge/3+commodity,-2.1085458826742967,2.8439591580630017,2.0104404946419505
318,3,2023-05-01,test,2.2843632919467005,ridge/3+commodity,-4.1494684529118135,2.833895831846611,-6.433831744858514
318,3,2023-06-01,test,5.315574005029067,ridge/3+commodity,-2.181816478428819,2.795781806840403,-7.497390483457886
318,3,2023-07-01,test,6.9780997102420805,ridge/3+commodity,1.4787815853707327,2.7576677818341944,-5.499318124871348
318,3,2023-08-01,test,-0.6293286975789236,ridge/3+commodity,3.2002594985764494,2.71955375682798,3.829588196155373
318,3,2023-09-01,test,-3.730336052996907,ridge/3+commodity,1.6930306989064894,2.8439591580630017,5.423366751903396
318,3,2023-10-01,test,-9.50651117967265,ridge/3+commodity,0.3441624560506658,2.8842124629285593,9.850673635723316
318,3,2023-11-01,test,-4.784364256540119,ridge/3+commodity,-1.218987054901913,2.87414913671217,3.565377201638206
318,3,2023-12-01,test,-3.331420668398444,ridge/3+commodity,-0.685359434889943,2.864085810495782,2.646061233508501
318,3,2024-01-01,test,-3.009803115727916,ridge/3+commodity,-0.19297635461050688,2.854022484279391,2.816826761117409
318,3,2024-02-01,test,-8.28059036842328,ridge/3+commodity,0.9888960496978614,2.8439591580630017,9.26948641812114
318,3,2024-03-01,test,-1.777216974579776,ridge/3+commodity,-1.0070446239934274,2.833895831846611,0.7701723505863485
318,3,2024-04-01,test,1.652930195121094,ridge/3+commodity,-3.243401505119672,2.795781806840403,-4.896331700240766
318,3,2024-05-01,test,5.459718304972405,ridge/3+commodity,-1.7691923902133107,2.7576677818341944,-7.228910695185716
318,3,2024-06-01,test,0.4129393342011234,ridge/3+commodity,0.5406747564252019,2.71955375682798,0.12773542222407852
318,3,2024-07-01,test,4.278727520520853,ridge/3+commodity,0.18971397653274252,2.681439731821772,-4.08901354398811
318,3,2024-08-01,test,0.8141157583700043,ridge/3+commodity,0.19470368938890092,2.833895831846611,-0.6194120689811033
318,3,2024-09-01,test,1.3642776403786527,ridge/3+commodity,1.8893367590185512,2.795781806840403,0.5250591186398985
318,3,2024-10-01,test,2.8389003262685897,ridge/3+commodity,2.5739832803263965,2.864085810495782,-0.26491704594219323
318,3,2024-11-01,test,10.752034371125596,ridge/3+commodity,0.19285122557134604,2.854022484279391,-10.55918314555425
318,3,2024-12-01,test,6.173989318193662,ridge/3+commodity,1.5721880736359954,2.8439591580630017,-4.601801244557667
318,3,2025-01-01,test,-2.446999106195058,ridge/3+commodity,4.200784520026378,2.8389003262685897,6.647783626221436
318,3,2025-02-01,test,-6.001800972625304,ridge/3+commodity,3.268783260229,2.875150035596566,9.270584232854304
318,3,2025-03-01,test,3.627664822013177,ridge/3+commodity,-0.4963094224312272,2.934231073938422,-4.123974244444404
318,3,2025-04-01,test,9.091509047010328,ridge/3+commodity,-0.9746950697571605,2.9175582036018004,-10.066204116767489
318,3,2025-05-01,test,9.57786736053512,ridge/3+commodity,1.6278481315712436,2.900885333265181,-7.950019228963876
318,3,2025-06-01,test,3.0250340464665904,ridge/3+commodity,3.895157156187873,2.967576814611661,0.8701231097212827
318,3,2025-07-01,test,-4.629328397084453,ridge/3+commodity,3.1055311978324323,2.967576814611661,7.734859594916886
318,3,2025-08-01,test,-4.797082778602935,ridge/3+commodity,1.1602888799918816,3.0053516955644013,5.957371658594816
318,3,2025-09-01,test,-6.907801047640305,ridge/3+commodity,-1.1189232257844846,3.0272344076931113,5.78887782185582
318,3,2025-10-01,test,1.115944624889842,ridge/3+commodity,-1.668234551409877,3.026134227079851,-2.784179176299719
318,3,2025-11-01,test,7.454662636964216,ridge/3+commodity,-2.079559731206653,3.0250340464665904,-9.53422236817087
318,3,2025-12-01,test,24.36220826577502,ridge/3+commodity,-1.3125412248389927,3.013542600095605,-25.674749490614012
318,3,2026-01-01,test,32.28159101737269,ridge/3+commodity,2.1090027572325174,3.00205115372462,-30.172588260140174
318,3,2026-02-01,test,25.16944396858216,ridge/3+commodity,9.190410700143708,3.0272344076931113,-15.979033268438453
318,3,2026-03-01,test,0.3996009313381954,ridge/3+commodity,10.320485799057288,3.0519304109813934,9.920884867719092
318,3,2026-04-01,test,-16.356990174374975,ridge/3+commodity,7.408988977999298,3.1375122567753877,23.76597915237427
318,3,2026-05-01,test,-18.97962312106607,ridge/3+commodity,-1.2455598694377525,3.218822114653898,17.734063251628317
318,4,2015-01-01,validation,-4.401688541677462,ridge/3+commodity,-0.44839023058959815,2.2027322318290743,3.953298311087864
318,4,2015-02-01,validation,-3.2061932459662934,ridge/3+commodity,-1.3423106103660662,2.2027322318290743,1.8638826356002272
318,4,2015-03-01,validation,-1.5019055783715096,ridge/3+commodity,-2.2138391276928537,2.1736288669674426,-0.7119335493213441
318,4,2015-04-01,validation,-1.016527177685056,ridge/3+commodity,-0.8711797068231331,2.1445255021058065,0.1453474708619229
318,4,2015-05-01,validation,-2.7885203489534938,ridge/3+commodity,0.7871809990600805,2.115422137244175,3.5757013480135744
318,4,2015-06-01,validation,-3.8318864302136824,ridge/3+commodity,-0.6230715056050076,2.086318772382543,3.208814924608675
318,4,2015-07-01,validation,-4.382144423921819,ridge/3+commodity,-2.1363052751474054,2.057215407520907,2.2458391487744134
318,4,2015-08-01,validation,-4.039637204096369,ridge/3+commodity,-1.8522554936858993,2.041824871940322,2.18738171041047
318,4,2015-09-01,validation,-7.19351317926753,ridge/3+commodity,-2.0280193277622782,2.0264343363597344,5.165493851505252
318,4,2015-10-01,validation,-7.852476311231094,ridge/3+commodity,-1.4328641514519425,2.011043800779149,6.419612159779151
318,4,2015-11-01,validation,-8.378267463325795,ridge/3+commodity,-3.327284010008373,1.995653265198564,5.050983453317421
318,4,2015-12-01,validation,-6.880291992402832,ridge/3+commodity,-4.908244501937526,1.9802627296179764,1.9720474904653056
318,4,2016-01-01,validation,-4.809979479441129,ridge/3+commodity,-4.446399626878382,1.9659821149448409,0.36357985256274716
318,4,2016-02-01,validation,-3.7307052412810298,ridge/3+commodity,0.47516736820585415,1.9517015002717024,4.2058726094868835
318,4,2016-03-01,validation,-3.647377311764455,ridge/3+commodity,0.7854322798953974,1.9374208855985668,4.432809591659852
318,4,2016-04-01,validation,-4.814934389758285,ridge/3+commodity,1.2065132971750614,1.9231402709254308,6.021447686933347
318,4,2016-05-01,validation,-3.540192705091627,ridge/3+commodity,-1.9917685726578793,1.908859656252293,1.5484241324337478
318,4,2016-06-01,validation,-1.769957709940151,ridge/3+commodity,-0.057263184383283594,1.901708459123093,1.7126945255568673
318,4,2016-07-01,validation,2.7840625972942235,ridge/3+commodity,-1.0839323643164467,1.894557261993892,-3.86799496161067
318,4,2016-08-01,validation,5.241374268404009,ridge/3+commodity,-1.070036922818236,1.887406064864692,-6.311411191222245
318,4,2016-09-01,validation,7.239049642025641,ridge/3+commodity,-1.293524588967827,1.880254867735492,-8.532574230993468
318,4,2016-10-01,validation,7.176679836967725,ridge/3+commodity,-1.3284640034494763,1.873103670606291,-8.505143840417201
318,4,2016-11-01,validation,2.8491955794305746,ridge/3+commodity,0.23335308341553795,1.901708459123093,-2.615842496015037
318,4,2016-12-01,validation,0.4246290881450676,ridge/3+commodity,0.5505167728783272,1.9517015002717024,0.12588768473325962
318,4,2017-01-01,validation,-0.9824640428518272,ridge/3+commodity,0.591020410829181,2.011043800779149,1.5734844536810082
318,4,2017-02-01,validation,-0.9742596198819342,ridge/3+commodity,2.3019254057219376,2.086318772382543,3.276185025603872
318,4,2017-03-01,validation,-0.5633817718256218,ridge/3+commodity,-0.3105275403904365,2.2027322318290743,0.25285423143518526
318,4,2017-04-01,validation,1.9581045199107192,ridge/3+commodity,-1.0741250508345055,2.1736288669674426,-3.0322295707452245
318,4,2017-05-01,validation,2.78182054765308,ridge/3+commodity,-0.25394065355395135,2.1445255021058105,-3.0357612012070314
318,4,2017-06-01,validation,4.244305750975386,ridge/3+commodity,0.3188749466196198,2.115422137244175,-3.925430804355766
318,4,2017-07-01,validation,6.427365555530518,ridge/3+commodity,0.831831683562738,2.086318772382543,-5.595533871967779
318,4,2017-08-01,validation,4.2040088907066675,ridge/3+commodity,2.4890105383015615,2.057215407520907,-1.714998352405106
318,4,2017-09-01,validation,4.295962585302782,ridge/3+commodity,1.6154779655709204,2.1736288669674426,-2.6804846197318613
318,4,2017-10-01,validation,3.036536930188305,ridge/3+commodity,2.0429776679452027,2.2027322318290743,-0.9935592622431022
318,4,2017-11-01,validation,2.872260111862257,ridge/3+commodity,0.4836093542044295,2.2548736096052666,-2.3886507576578273
318,4,2017-12-01,validation,2.491932222488291,ridge/3+commodity,2.3253820399850937,2.3951336823787592,-0.16655018250319742
318,4,2018-01-01,validation,1.5645690725736294,ridge/3+commodity,3.3233723338697017,2.643325706815558,1.7588032612960722
318,4,2018-02-01,validation,2.3137278911758763,ridge/3+commodity,2.483695043341963,2.7541215794855773,0.1699671521660866
318,4,2018-03-01,validation,0.1286173810744806,ridge/3+commodity,2.45354871675452,2.783165777437766,2.324931335680039
318,4,2018-04-01,validation,1.7972242404430183,ridge/3+commodity,1.3306897465035337,2.782717367509538,-0.46653449393948465
318,4,2018-05-01,validation,3.682955927909237,ridge/3+commodity,1.6569221380463341,2.7822689575813087,-2.026033789862903
318,4,2018-06-01,validation,2.8805999249081893,ridge/3+commodity,2.363869480583083,2.78182054765308,-0.5167304443251064
318,4,2018-07-01,validation,3.90723928801,ridge/3+commodity,-0.03784524854127147,2.7541215794855773,-3.9450845365512714
318,4,2018-08-01,validation,1.890415463915307,ridge/3+commodity,1.5571466327694696,2.7264226113180743,-0.3332688311458374
318,4,2018-09-01,validation,-1.5075662405447332,ridge/3+commodity,3.119695056546634,2.782717367509538,4.627261297091367
318,4,2018-10-01,validation,-4.030772348809286,ridge/3+commodity,1.3035301917005502,2.7970891937214946,5.334302540509836
318,4,2018-11-01,validation,-4.422704346876483,ridge/3+commodity,-2.589073753751806,2.8491955794305746,1.8336305931246768
318,4,2018-12-01,validation,-3.6876397043583258,ridge/3+commodity,-1.9598379728112434,2.836168983003305,1.7278017315470824
318,4,2019-01-01,test,-1.1457795621381273,ridge/3+commodity,-0.4225834589637707,2.823142386576035,0.7231961031743566
318,4,2019-02-01,test,1.6571443589262105,ridge/3+commodity,0.07188330206325544,2.8101157901487643,-1.585261056862955
318,4,2019-03-01,test,1.0282866955583891,ridge/3+commodity,0.5889953297610651,2.7970891937214946,-0.4392913657973241
318,4,2019-04-01,test,-0.6497748657520397,ridge/3+commodity,-0.18657878862291266,2.7840625972942235,0.463196077129127
318,4,2019-05-01,test,-1.808834847243013,ridge/3+commodity,0.024962878771388475,2.7836141873659948,1.8337977260144014
318,4,2019-06-01,test,-3.342213394111848,ridge/3+commodity,1.6818793428523748,2.783165777437766,5.0240927369642225
318,4,2019-07-01,test,-4.044908878117592,ridge/3+commodity,-0.7324627343204606,2.782717367509538,3.312446143797132
318,4,2019-08-01,test,-5.081306935859775,ridge/3+commodity,-1.3958298682646437,2.7822689575813087,3.6854770675951314
318,4,2019-09-01,test,-5.9077579208491215,ridge/3+commodity,-1.165873664688676,2.78182054765308,4.7418842561604455
318,4,2019-10-01,test,-6.340626477831179,ridge/3+commodity,-1.5386712108103602,2.7541215794855773,4.801955267020819
318,4,2019-11-01,test,-8.471405417282973,ridge/3+commodity,-1.8182519316136734,2.7264226113180743,6.6531534856693
318,4,2019-12-01,test,-6.225489374643267,ridge/3+commodity,-2.192956100134018,2.6987236431505677,4.032533274509249
318,4,2020-01-01,test,-10.643685926908208,ridge/3+commodity,-1.3328835240028858,2.6710246749830646,9.310802402905322
318,4,2020-02-01,test,-10.103685234413362,ridge/3+commodity,-4.517497853053713,2.643325706815558,5.586187381359649
318,4,2020-03-01,test,-4.293775773961883,ridge/3+commodity,-10.55561435682691,2.6130470099501064,-6.2618385828650265
318,4,2020-04-01,test,-2.214112587721395,ridge/3+commodity,-5.934200539724177,2.582768313084655,-3.720087952002782
318,4,2020-05-01,test,4.217492505071263,ridge/3+commodity,-1.618872364839984,2.552489616219199,-5.836364869911247
318,4,2020-06-01,test,4.666008146606249,ridge/3+commodity,3.946914764030823,2.522210919353747,-0.7190933825754255
318,4,2020-07-01,test,3.4204077770864316,ridge/3+commodity,5.807545348265901,2.491932222488291,2.387137571179469
318,4,2020-08-01,test,2.359991534087414,ridge/3+commodity,2.5918922417581953,2.4601629132445453,0.23190070767078153
318,4,2020-09-01,test,0.8810629682155735,ridge/3+commodity,1.0088189651931132,2.582768313084655,0.1277559969775397
318,4,2020-10-01,test,9.531017980432477,ridge/3+commodity,1.0409365734900329,2.6987236431505677,-8.490081406942444
318,4,2020-11-01,test,12.23211309648713,ridge/3+commodity,3.598678274614763,2.7822689575813087,-8.633434821872367
318,4,2020-12-01,test,12.06942458638416,ridge/3+commodity,4.454151741603657,2.78182054765308,-7.615272844780503
318,4,2021-01-01,test,13.772580015985804,ridge/3+commodity,5.975244157149049,2.7541215794855773,-7.797335858836755
318,4,2021-02-01,test,11.12256351102241,ridge/3+commodity,7.13757758155629,2.783165777437766,-3.98498592946612
318,4,2021-03-01,test,10.315887001035762,ridge/3+commodity,4.1550510190854935,2.8101157901487643,-6.160835981950268
318,4,2021-04-01,test,11.3467103190815,ridge/3+commodity,3.404134477683039,2.8538084859169115,-7.942575841398462
318,4,2021-05-01,test,14.666137639506973,ridge/3+commodity,3.946368508050085,2.872260111862257,-10.719769131456887
318,4,2021-06-01,test,13.098629056950095,ridge/3+commodity,4.710545400835969,2.878931962299003,-8.388083656114127
318,4,2021-07-01,test,16.624593124963116,ridge/3+commodity,2.0706405891845074,2.932786058730274,-14.55395253577861
318,4,2021-08-01,test,15.95734192680176,ridge/3+commodity,1.2788241618680176,2.967576814611661,-14.678517764933742
318,4,2021-09-01,test,11.7171676586171,ridge/3+commodity,7.137525948323447,2.981368837726991,-4.579641710293654
318,4,2021-10-01,test,4.713987499435124,ridge/3+commodity,5.912193785627737,3.036536930188305,1.1982062861926135
318,4,2021-11-01,test,5.104622829611483,ridge/3+commodity,4.576116414883928,3.0690400793779564,-0.5285064147275547
318,4,2021-12-01,test,7.936174067411983,ridge/3+commodity,2.999168327928601,3.2831110129220145,-4.937005739483382
318,4,2022-01-01,test,4.121330737987616,ridge/3+commodity,3.25515279387941,3.4725122045282584,-0.8661779441082063
318,4,2022-02-01,test,2.958795718549556,ridge/3+commodity,7.48568478517413,3.5771262621346467,4.526889066624574
318,4,2022-03-01,test,-6.097679649871601,ridge/3+commodity,8.164506201176824,3.682955927909237,14.262185851048425
318,4,2022-04-01,test,-10.52596023926915,ridge/3+commodity,3.7149893238151255,3.852988604447936,14.240949563084275
318,4,2022-05-01,test,-4.907189399239709,ridge/3+commodity,1.0597990308272358,3.902542282239043,5.9669884300669445
318,4,2022-06-01,test,-3.9648404211336974,ridge/3+commodity,-1.6177313238992022,3.9001937793535646,2.3471090972344952
318,4,2022-07-01,test,-6.068699901135233,ridge/3+commodity,-1.7766417930155394,3.897845276468086,4.292058108119694
318,4,2022-08-01,test,-8.747015572869454,ridge/3+commodity,-0.42792538237894995,3.8954967735826074,8.319090190490504
318,4,2022-09-01,test,-16.82202655533489,ridge/3+commodity,0.7271915324183647,3.852988604447936,17.549218087753253
318,4,2022-10-01,test,-17.76811772374529,ridge/3+commodity,-1.2406193045172642,3.810480435313264,16.527498419228028
318,4,2022-11-01,test,-16.946709678907457,ridge/3+commodity,-0.6777156791862471,3.7679722661785866,16.26899399972121
318,4,2022-12-01,test,-13.54211569664452,ridge/3+commodity,3.2108101740464132,3.725464097043915,16.752925870690934
318,4,2023-01-01,test,-9.542687272703176,ridge/3+commodity,2.3802939925281317,3.682955927909237,11.922981265231307
318,4,2023-02-01,test,-9.760750262112428,ridge/3+commodity,2.6063825594347563,3.6564985114655904,12.367132821547184
318,4,2023-03-01,test,-4.496582798269699,ridge/3+commodity,2.3989170790252867,3.630041095021944,6.895499877294986
318,4,2023-04-01,test,0.5031457155366681,ridge/3+commodity,-1.491644134278284,3.6035836785782935,-1.994789849814952
318,4,2023-05-01,test,1.655034594367777,ridge/3+commodity,-3.8455792972422578,3.5771262621346467,-5.500613891610035
318,4,2023-06-01,test,8.300870319997156,ridge/3+commodity,-1.966325284499205,3.5506688456909963,-10.267195604496361
318,4,2023-07-01,test,3.992803395273992,ridge/3+commodity,1.5268392233287897,3.5246166319700847,-2.4659641719452026
318,4,2023-08-01,test,-4.359664750575831,ridge/3+commodity,3.4953608296013727,3.4985644182491735,7.8550255801772035
318,4,2023-09-01,test,-6.521214864704561,ridge/3+commodity,1.7365793835800485,3.4725122045282584,8.25779424828461
318,4,2023-10-01,test,-7.769660571508208,ridge/3+commodity,0.447593921851398,3.5771262621346467,8.217254493359606
318,4,2023-11-01,test,-7.061756721395351,ridge/3+commodity,-0.7265817611465417,3.682955927909237,6.33517496024881
318,4,2023-12-01,test,-5.800681927435569,ridge/3+commodity,-0.1600188902009222,3.6564985114655904,5.640663037234647
318,4,2024-01-01,test,-6.543739760258838,ridge/3+commodity,0.012806858445850056,3.630041095021944,6.5565466187046875
318,4,2024-02-01,test,-4.0546094394350085,ridge/3+commodity,1.3221157798898053,3.6035836785782935,5.376725219324814
318,4,2024-03-01,test,-0.8163310639160315,ridge/3+commodity,-1.0633163809794848,3.5771262621346467,-0.24698531706345328
318,4,2024-04-01,test,1.9257816604414837,ridge/3+commodity,-3.6170547756121287,3.5506688456909963,-5.542836436053612
318,4,2024-05-01,test,4.638920263189394,ridge/3+commodity,-2.0666576005257387,3.5246166319700847,-6.705577863715133
318,4,2024-06-01,test,5.239613431184598,ridge/3+commodity,0.4058709170287056,3.4985644182491735,-4.833742514155892
318,4,2024-07-01,test,1.0869672236903938,ridge/3+commodity,0.5447739476407055,3.4725122045282584,-0.5421932760496883
318,4,2024-08-01,test,0.543479598595642,ridge/3+commodity,1.1435528970639046,3.4464599908073468,0.6000732984682626
318,4,2024-09-01,test,7.665574423252064,ridge/3+commodity,2.9961882151353185,3.5506688456909963,-4.669386208116745
318,4,2024-10-01,test,7.560274074295137,ridge/3+commodity,3.2651465474426553,3.6564985114655904,-4.295127526852482
318,4,2024-11-01,test,5.9033531584193,ridge/3+commodity,0.6824468210705481,3.630041095021944,-5.220906337348752
318,4,2024-12-01,test,3.854297676678353,ridge/3+commodity,2.210153115520703,3.6035836785782935,-1.6441445611576504
318,4,2025-01-01,test,-1.280427224598757,ridge/3+commodity,5.267815857514826,3.725464097043915,6.548243082113583
318,4,2025-02-01,test,-1.2210163906931193,ridge/3+commodity,4.2600875115362316,3.8954967735826074,5.481103902229351
318,4,2025-03-01,test,6.7718174054950175,ridge/3+commodity,-0.605344912282934,3.904890785124522,-7.377162317777952
318,4,2025-04-01,test,10.74443924213142,ridge/3+commodity,-0.9771885916955545,3.902542282239043,-11.721627833826975
318,4,2025-05-01,test,7.805818628398775,ridge/3+commodity,2.1019182734777058,3.9001937793535646,-5.703900354921069
318,4,2025-06-01,test,-1.4851758136026127,ridge/3+commodity,4.500269747611532,3.897845276468086,5.985445561214145
318,4,2025-07-01,test,-3.1441525834818407,ridge/3+commodity,3.5211038149777414,3.90723928801,6.665256398459582
318,4,2025-08-01,test,-8.67984977977665,ridge/3+commodity,1.528988761242621,3.9756905738211943,10.20883854101927
318,4,2025-09-01,test,-3.394265235179361,ridge/3+commodity,-1.1906224730492247,4.046441029324914,2.203642762130136
318,4,2025-10-01,test,8.939838450566828,ridge/3+commodity,-2.114057846518428,4.028561817974606,-11.053896297085256
318,4,2025-11-01,test,20.479441264601306,ridge/3+commodity,-2.473875007230657,4.0106826066243,-22.953316271831962
318,4,2025-12-01,test,35.795126829833634,ridge/3+commodity,-1.4638493605291125,3.992803395273992,-37.258976190362745
318,4,2026-01-01,test,32.99333779425915,ridge/3+commodity,2.4682683172650095,3.9756905738211943,-30.525069476994137
318,4,2026-02-01,test,13.424379558975286,ridge/3+commodity,10.072802205669074,4.046441029324914,-3.3515773533062116
318,4,2026-03-01,test,-4.924071610316361,ridge/3+commodity,11.44712075991399,4.097851966410362,16.37119237023035
318,4,2026-04-01,test,-18.267876344179612,ridge/3+commodity,8.073540595251371,4.137866368531428,26.341416939430985
318,5,2015-01-01,validation,-4.652001563489261,ridge/3+commodity,-0.9400538923583306,2.541443796560481,3.7119476711309303
318,5,2015-02-01,validation,-3.834730827462351,ridge/3+commodity,-1.4127055844285692,2.5392888853811346,2.422025243033782
318,5,2015-03-01,validation,-2.770958142775992,ridge/3+commodity,-2.059109459532925,2.5371339742017884,0.7118486832430673
318,5,2015-04-01,validation,-1.6571443589262105,ridge/3+commodity,-0.7687129125491647,2.5337430188404397,0.8884314463770457
318,5,2015-05-01,validation,-4.082199452025481,ridge/3+commodity,0.9248745246081562,2.530352063479091,5.007073976633637
318,5,2015-06-01,validation,-5.010682005417877,ridge/3+commodity,-0.6012868352655887,2.5269611081177423,4.409395170152289
318,5,2015-07-01,validation,-5.308689768500852,ridge/3+commodity,-2.506067367676782,2.523570152756394,2.8026224008240694
318,5,2015-08-01,validation,-7.834130360508684,ridge/3+commodity,-2.2795872321110675,2.520179197395045,5.554543128397617
318,5,2015-09-01,validation,-9.14615541430308,ridge/3+commodity,-2.100068868165256,2.5172134068270413,7.046086546137824
318,5,2015-10-01,validation,-9.55706303852999,ridge/3+commodity,-1.273043252045879,2.5142476162590377,8.28401978648411
318,5,2015-11-01,validation,-7.806837336981864,ridge/3+commodity,-3.4159433685333824,2.511281825691034,4.3908939684484825
318,5,2015-12-01,validation,-8.604472635853444,ridge/3+commodity,-5.040880403951961,2.508316035123031,3.5635922319014828
318,5,2016-01-01,validation,-5.68334747631658,ridge/3+commodity,-4.243978468560625,2.505350244555027,1.439369007755955
318,5,2016-02-01,validation,-5.3519640390633505,ridge/3+commodity,1.032938479284994,2.488352230461751,6.384902518348344
318,5,2016-03-01,validation,-4.243504263414355,ridge/3+commodity,1.319125453323625,2.4713542163684727,5.56262971673798
318,5,2016-04-01,validation,-5.2643733485422395,ridge/3+commodity,1.5424403990117668,2.454356202275197,6.806813747554006
318,5,2016-05-01,validation,-2.6433257068156024,ridge/3+commodity,-1.5532170608000757,2.437358188181921,1.0901086460155267
318,5,2016-06-01,validation,1.1628037995119025,ridge/3+commodity,-0.06197331896753955,2.4203601740886427,-1.224777118479442
318,5,2016-07-01,validation,4.645247316754109,ridge/3+commodity,-1.1523764656498803,2.4005256164952917,-5.7976237824039885
318,5,2016-08-01,validation,6.789610683241687,ridge/3+commodity,-1.1220628002568684,2.3806910589019377,-7.911673483498555
318,5,2016-09-01,validation,8.07354683524375,ridge/3+commodity,-1.6200321709244858,2.3608565013085863,-9.693579006168235
318,5,2016-10-01,validation,5.781957088882628,ridge/3+commodity,-1.856652005494367,2.3410219437152353,-7.638609094376995
318,5,2016-11-01,validation,2.285813807604953,ridge/3+commodity,-0.6124534019605685,2.3211873861218812,-2.898267209565521
318,5,2016-12-01,validation,0.565772371985851,ridge/3+commodity,0.09023993706121591,2.4005256164952917,-0.47553243492463504
318,5,2017-01-01,validation,-0.1397624266638253,ridge/3+commodity,0.7577706256156215,2.4713542163684727,0.8975330522794468
318,5,2017-02-01,validation,-1.9581045199107192,ridge/3+commodity,2.447155485245187,2.511281825691034,4.405260005155906
318,5,2017-03-01,validation,1.3947227480850977,ridge/3+commodity,-0.11447139265694428,2.523570152756394,-1.509194140742042
318,5,2017-04-01,validation,2.9229638314938633,ridge/3+commodity,-0.7090505323655838,2.520179197395045,-3.6320143638594473
318,5,2017-05-01,validation,5.0870073671633875,ridge/3+commodity,-0.19814806469380586,2.5172134068270413,-5.285155431857193
318,5,2017-06-01,validation,5.443520655501732,ridge/3+commodity,0.20599341228169354,2.514247616259038,-5.237527243220039
318,5,2017-07-01,validation,6.162113410617387,ridge/3+commodity,0.8169016298935795,2.511281825691034,-5.345211780723807
318,5,2017-08-01,validation,5.2608218968859255,ridge/3+commodity,2.5449848087248133,2.508316035123031,-2.7158370881611122
318,5,2017-09-01,validation,5.3417237496986125,ridge/3+commodity,1.4437422114491363,2.520179197395045,-3.8979815382494762
318,5,2017-10-01,validation,4.071475016388604,ridge/3+commodity,1.9022687788554602,2.5337430188404397,-2.1692062375331433
318,5,2017-11-01,validation,2.2266800775751605,ridge/3+commodity,0.6595846890885724,2.543598707739827,-1.5670953884865881
318,5,2017-12-01,validation,2.621382078752887,ridge/3+commodity,2.5949963424220823,2.6373611119209808,-0.026385736330804654
318,5,2018-01-01,validation,3.359489055571707,ridge/3+commodity,3.9399790050145116,2.801824754022511,0.5804899494428044
318,5,2018-02-01,validation,1.1635554672747794,ridge/3+commodity,2.89849498571125,2.9229638314938633,1.7349395184364704
318,5,2018-03-01,validation,1.1516442061559218,ridge/3+commodity,2.677208617566677,2.958654217988102,1.5255644114107554
318,5,2018-04-01,validation,3.8124057841738335,ridge/3+commodity,1.3076610646136362,2.949731621364543,-2.5047447195601973
318,5,2018-05-01,validation,4.675519907906267,ridge/3+commodity,1.8569853776962595,2.940809024740983,-2.8185345302100075
318,5,2018-06-01,validation,2.7570668641089036,ridge/3+commodity,2.3070351826694937,2.967576814611661,-0.45003168143940986
318,5,2018-07-01,validation,2.913442288996748,ridge/3+commodity,-0.21272599836924777,2.967576814611661,-3.1261682873659957
318,5,2018-08-01,validation,0.507615303186082,ridge/3+commodity,1.862743002642281,2.958654217988102,1.3551276994561992
318,5,2018-09-01,validation,-3.0382083688122563,ridge/3+commodity,3.7900132501726613,2.967576814611661,6.828221618984918
318,5,2018-10-01,validation,-4.546237407675768,ridge/3+commodity,1.559759784437147,3.0114124354371445,6.105997192112915
318,5,2018-11-01,validation,-4.681436703371578,ridge/3+commodity,-2.7649434954409635,2.9894946250244043,1.916493207930614
318,5,2018-12-01,validation,-2.5285797228673523,ridge/3+commodity,-1.7762620410080914,2.967576814611661,0.752317681859261
318,5,2019-01-01,test,0.1265022306586871,ridge/3+commodity,0.30472983255317754,2.967576814611661,0.17822760189449044
318,5,2019-02-01,test,0.512821636691907,ridge/3+commodity,0.8871697492691587,2.967576814611661,0.37434811257725176
318,5,2019-03-01,test,-0.9085072222471346,ridge/3+commodity,1.251547719416154,2.967576814611661,2.1600549416632884
318,5,2019-04-01,test,-0.6497748657520397,ridge/3+commodity,0.23384169820598766,2.967576814611661,0.8836165639580273
318,5,2019-05-01,test,-2.0699316013150337,ridge/3+commodity,0.44837088695705507,2.967576814611661,2.518302488272089
318,5,2019-06-01,test,-5.189231600351896,ridge/3+commodity,2.307529722747474,2.958654217988102,7.49676132309937
318,5,2019-07-01,test,-7.018100853665299,ridge/3+commodity,-0.44135286705494625,2.949731621364543,6.576747986610353
318,5,2019-08-01,test,-5.9077579208491215,ridge/3+commodity,-1.0452790419906053,2.940809024740983,4.862478878858516
318,5,2019-09-01,test,-6.6017232319032,ridge/3+commodity,-1.0250484843872214,2.9318864281174237,5.576674747515979
318,5,2019-10-01,test,-10.31842362352302,ridge/3+commodity,-1.6032474336653844,2.9229638314938633,8.715176189857635
318,5,2019-11-01,test,-9.198681350190974,ridge/3+commodity,-1.8270961954577931,2.9210595229944403,7.3715851547331805
318,5,2019-12-01,test,-11.470136911897557,ridge/3+commodity,-2.4284898803730464,2.9191552144950172,9.04164703152451
318,5,2020-01-01,test,-10.79765054546744,ridge/3+commodity,-1.8482812338105208,2.9172509059955942,8.949369311656918
318,5,2020-02-01,test,-8.271572919653725,ridge/3+commodity,-5.531633786876344,2.915346597496171,2.7399391327773808
318,5,2020-03-01,test,-2.9413885206293955,ridge/3+commodity,-12.317504124431688,2.913442288996748,-9.376115603802292
318,5,2020-04-01,test,-1.0271550321830247,ridge/3+commodity,-7.312629256137505,2.8850618281283342,-6.2854742239544805
318,5,2020-05-01,test,4.512043528047016,ridge/3+commodity,-0.9083630437075644,2.85668136725992,-5.42040657175458
318,5,2020-06-01,test,5.252520091846069,ridge/3+commodity,6.059020876560405,2.828300906391502,0.806500784714336
318,5,2020-07-01,test,3.712378787419901,ridge/3+commodity,7.4300924737937235,2.7999204455230875,3.7177136863738225
318,5,2020-08-01,test,2.068020523753944,ridge/3+commodity,3.663458746148393,2.7715399846546696,1.5954382223944492
318,5,2020-09-01,test,9.82556900340823,ridge/3+commodity,1.1454800941072336,2.7686453605455164,-8.680088909300997
318,5,2020-10-01,test,12.81862504172695,ridge/3+commodity,1.541337995832742,2.85668136725992,-11.277287045894209
318,5,2020-11-01,test,12.361395596717628,ridge/3+commodity,4.509046642184096,2.9172509059955942,-7.852348954533532
318,5,2020-12-01,test,13.480609005652331,ridge/3+commodity,5.126882166209521,2.9318864281174237,-8.35372683944281
318,5,2021-01-01,test,20.067069546215063,ridge/3+commodity,6.545928324510425,2.9229638314938633,-13.521141221704639
318,5,2021-02-01,test,13.603494062330237,ridge/3+commodity,7.247942817910482,2.958654217988102,-6.355551244419755
318,5,2021-03-01,test,11.475992819311998,ridge/3+commodity,4.364230478903612,2.967576814611661,-7.111762340408386
318,5,2021-04-01,test,16.077322058775145,ridge/3+commodity,3.7440188239023806,3.0114124354371445,-12.333303234872766
318,5,2021-05-01,test,19.39311858717936,ridge/3+commodity,3.8995563283390626,3.1336305044546413,-15.493562258840296
318,5,2021-06-01,test,19.10552367627094,ridge/3+commodity,4.149428289885373,3.359489055571707,-14.956095386385568
318,5,2021-07-01,test,17.117447745077996,ridge/3+commodity,1.4951134533128225,3.5124328876671407,-15.622334291765174
318,5,2021-08-01,test,16.447779398310747,ridge/3+commodity,0.9084458103526203,3.6476948107283422,-15.539333587958126
318,5,2021-09-01,test,9.440968447107512,ridge/3+commodity,6.647614428547751,3.7523895861214744,-2.7933540185597607
318,5,2021-10-01,test,11.111517448932329,ridge/3+commodity,5.726862478726954,3.864219630616792,-5.384654970205375
318,5,2021-11-01,test,8.429028687526863,ridge/3+commodity,4.619263878047702,4.071475016388604,-3.8097648094791605
318,5,2021-12-01,test,4.611768209496603,ridge/3+commodity,3.0776654559552505,4.080054564898141,-1.5341027535413523
318,5,2022-01-01,test,0.6825965070399675,ridge/3+commodity,3.7462212324197623,4.34010589763843,3.063624725379795
318,5,2022-02-01,test,0.2998502996256036,ridge/3+commodity,8.533126751050023,4.565325043529854,8.23327645142442
318,5,2022-03-01,test,-7.20155438135377,ridge/3+commodity,9.272343562026908,4.651301834984541,16.473897943380678
318,5,2022-04-01,test,-8.231595257155089,ridge/3+commodity,4.321647678992149,4.675519907906267,12.553242936147239
318,5,2022-05-01,test,-7.403574652081346,ridge/3+commodity,1.0992738846550676,4.669465389675835,8.502848536736414
318,5,2022-06-01,test,-8.727645320059185,ridge/3+commodity,-1.4674894419723632,4.663410871445405,7.260155878086822
318,5,2022-07-01,test,-9.850890304351624,ridge/3+commodity,-1.1456544544062697,4.657356353214972,8.705235849945355
318,5,2022-08-01,test,-14.52766157322083,ridge/3+commodity,0.030994540159803075,4.651301834984541,14.558656113380632
318,5,2022-09-01,test,-20.26450297658693,ridge/3+commodity,1.0829550553853622,4.645247316754109,21.34745803197229
318,5,2022-10-01,test,-21.709514577832945,ridge/3+commodity,-0.8094398988357272,4.6385514953026075,20.900074678997218
318,5,2022-11-01,test,-17.32430609986091,ridge/3+commodity,1.3357270572901414,4.631855673851107,18.66003315715105
318,5,2022-12-01,test,-15.323333273054551,ridge/3+commodity,6.515968254830024,4.625159852399605,21.839301527884576
318,5,2023-01-01,test,-13.203226683364466,ridge/3+commodity,5.195101557839644,4.618464030948105,18.398328241204112
318,5,2023-02-01,test,-8.437979652357352,ridge/3+commodity,5.216406407180216,4.611768209496603,13.654386059537568
318,5,2023-03-01,test,0.1255492945832159,ridge/3+commodity,4.836484048686044,4.591823273206686,4.710934754102828
318,5,2023-04-01,test,-0.1261829820422555,ridge/3+commodity,0.2449201184532146,4.571878336916771,0.37110310049547013
318,5,2023-05-01,test,4.640330909335866,ridge/3+commodity,-2.664139491239366,4.551933400626852,-7.304470400575232
318,5,2023-06-01,test,5.315574005029067,ridge/3+commodity,-1.5154710913771725,4.531988464336935,-6.831045096406239
318,5,2023-07-01,test,0.262467342277084,ridge/3+commodity,1.6520264613832167,4.512043528047016,1.3895591191061327
318,5,2023-08-01,test,-7.1505435622834845,ridge/3+commodity,3.6826875941290633,4.426074712842723,10.833231156412548
318,5,2023-09-01,test,-4.784364256540119,ridge/3+commodity,1.741281760687249,4.34010589763843,6.525646017227368
318,5,2023-10-01,test,-10.04705303636344,ridge/3+commodity,0.5691045429551956,4.551933400626852,10.616157579318635
318,5,2023-11-01,test,-9.531017980432477,ridge/3+commodity,-0.20661912734231858,4.617480749464456,9.324398853090159
318,5,2023-12-01,test,-9.334618571966493,ridge/3+commodity,0.3899153552005361,4.611768209496603,9.724533927167029
318,5,2024-01-01,test,-2.3177588312705666,ridge/3+commodity,0.46585057313142975,4.591823273206686,2.7836094044019966
318,5,2024-02-01,test,-3.093723528771264,ridge/3+commodity,2.0388802485455004,4.571878336916771,5.132603777316764
318,5,2024-03-01,test,-0.543479598595642,ridge/3+commodity,-1.1085165663954162,4.551933400626852,-0.5650369677997742
318,5,2024-04-01,test,1.1049836186584727,ridge/3+commodity,-3.66986495442136,4.531988464336935,-4.774848573079833
318,5,2024-05-01,test,9.465594360172869,ridge/3+commodity,-2.479883991270713,4.512043528047016,-11.945478351443581
318,5,2024-06-01,test,2.0478531343541384,ridge/3+commodity,0.32993019799791734,4.426074712842723,-1.7179229363562212
318,5,2024-07-01,test,0.8163310639160315,ridge/3+commodity,0.9471824186414386,4.34010589763843,0.1308513547254071
318,5,2024-08-01,test,6.844776381469053,ridge/3+commodity,2.1300467695446414,4.2541370824341245,-4.714729611924412
318,5,2024-09-01,test,12.386948171278611,ridge/3+commodity,4.166424031867679,4.168168267229831,-8.220524139410932
318,5,2024-10-01,test,2.7115928615888407,ridge/3+commodity,4.073815812833391,4.512043528047016,1.3622229512445498
318,5,2024-11-01,test,3.583661516903991,ridge/3+commodity,1.40994379711865,4.426074712842723,-2.173717719785341
318,5,2024-12-01,test,5.020869558274654,ridge/3+commodity,2.9393188810533184,4.34010589763843,-2.081550677221336
318,5,2025-01-01,test,3.500357357333428,ridge/3+commodity,6.335573423095647,4.551933400626852,2.8352160657622187
318,5,2025-02-01,test,1.9231361927887216,ridge/3+commodity,5.269240949919361,4.617480749464456,3.3461047571306395
318,5,2025-03-01,test,8.424747600616111,ridge/3+commodity,-0.6089127679430538,4.611768209496603,-9.033660368559165
318,5,2025-04-01,test,8.972390509995076,ridge/3+commodity,-0.6853869940050966,4.591823273206686,-9.657777504000173
318,5,2025-05-01,test,3.295608768329572,ridge/3+commodity,2.5837045530872484,4.6289058294001615,-0.7119042152423236
318,5,2025-06-01,test,0.0,ridge/3+commodity,5.076439606953248,4.623193289432308,5.076439606953248
318,5,2025-07-01,test,-7.026919584655555,ridge/3+commodity,3.8642115247843227,4.617480749464456,10.891131109439879
318,5,2025-08-01,test,-5.1663139673157055,ridge/3+commodity,1.6553795664200406,4.640330909335866,6.821693533735746
318,5,2025-09-01,test,4.429628590497625,ridge/3+commodity,-1.40373391086962,4.64426403527046,-5.833362501367246
318,5,2025-10-01,test,21.96461707820392,ridge/3+commodity,-2.4307640316172288,4.6432807537868115,-24.395381109821148
318,5,2025-11-01,test,31.91235982865992,ridge/3+commodity,-2.6666609550819462,4.642297472303163,-34.57902078374187
318,5,2025-12-01,test,36.50687360672009,ridge/3+commodity,-1.5442928793036845,4.641314190819514,-38.051166486023774
318,5,2026-01-01,test,21.248273384652272,ridge/3+commodity,2.6544253982544763,4.640330909335866,-18.593847986397797
318,5,2026-02-01,test,8.10070701732073,ridge/3+commodity,10.351780954221097,4.634618369368013,2.251073936900367
318,5,2026-03-01,test,-6.834957780120998,ridge/3+commodity,11.924842541539999,4.6432807537868115,18.759800321660997
318,6,2015-01-01,validation,-5.280539144985319,ridge/3+commodity,-1.3468572988623206,2.924738512033524,3.9336818461229983
318,6,2015-02-01,validation,-5.103783391866834,ridge/3+commodity,-1.2976584884857254,2.9033193607444567,3.8061249033811086
318,6,2015-03-01,validation,-3.4115753240171465,ridge/3+commodity,-1.7232246600511547,2.88190020945539,1.6883506639659918
318,6,2015-04-01,validation,-2.9508234619981977,ridge/3+commodity,-0.7658676803178879,2.86048105816632,2.18495578168031
318,6,2015-05-01,validation,-5.260995027229676,ridge/3+commodity,1.1329920974842853,2.8592249133227465,6.393987124713961
318,6,2015-06-01,validation,-5.93722734999691,ridge/3+commodity,-0.5468253929644988,2.8579687684791732,5.390401957032411
318,6,2015-07-01,validation,-9.103182924913169,ridge/3+commodity,-2.7142567832152107,2.8567126236356,6.388926141697958
318,6,2015-08-01,validation,-9.786772595544235,ridge/3+commodity,-2.43871605346787,2.8554564787920267,7.348056542076366
318,6,2015-09-01,validation,-10.850742141601977,ridge/3+commodity,-2.050730257328595,2.8542003339484534,8.800011884273381
318,6,2015-10-01,validation,-8.985632912186059,ridge/3+commodity,-0.7941393723329648,2.8336595328641514,8.191493539853095
318,6,2015-11-01,validation,-9.531017980432477,ridge/3+commodity,-3.2544200388940805,2.8131187317798463,6.276597941538396
318,6,2015-12-01,validation,-9.477840632728896,ridge/3+commodity,-5.156392929629609,2.792577930695544,4.321447703099286
318,6,2016-01-01,validation,-7.304606274098901,ridge/3+commodity,-3.8072212823774763,2.772037129611242,3.4973849917214244
318,6,2016-02-01,validation,-5.948090990713251,ridge/3+commodity,1.6655312160489277,2.7514963285269367,7.613622206762178
318,6,2016-03-01,validation,-4.692943222198309,ridge/3+commodity,1.9872629300313938,2.744595169860107,6.680206152229703
318,6,2016-04-01,validation,-4.367506350266215,ridge/3+commodity,1.7232790883267814,2.737694011193277,6.090785438592996
318,6,2016-05-01,validation,0.2894358026364507,ridge/3+commodity,-1.2974175764755476,2.730792852526447,-1.5868533791119983
318,6,2016-06-01,validation,3.023988518971787,ridge/3+commodity,-0.1618647092320067,2.7238916938596174,-3.1858532282037935
318,6,2016-07-01,validation,6.193483731591787,ridge/3+commodity,-1.1403470181485622,2.716990535192787,-7.333830749740349
318,6,2016-08-01,validation,7.624107876459796,ridge/3+commodity,-1.172741693689845,2.6810192229945895,-8.796849570149641
318,6,2016-09-01,validation,6.678824087158652,ridge/3+commodity,-1.7863755149217382,2.6450479107963867,-8.465199602080391
318,6,2016-10-01,validation,5.218575317057006,ridge/3+commodity,-2.414570475430364,2.6090765985981887,-7.63314579248737
318,6,2016-11-01,validation,2.426957091445736,ridge/3+commodity,-1.5202653855478827,2.5731052863999913,-3.947222476993619
318,6,2016-12-01,validation,1.4084739881738528,ridge/3+commodity,-0.3390969851301535,2.716990535192787,-1.7475709733040063
318,6,2017-01-01,validation,-1.1236073266926103,ridge/3+commodity,0.865360123522185,2.744595169860107,1.9889674502147954
318,6,2017-02-01,validation,0.0,ridge/3+commodity,2.5422386892918896,2.8131187317798463,2.5422386892918896
318,6,2017-03-01,validation,2.3595820596682415,ridge/3+commodity,0.22422434391605384,2.8567126236356,-2.1353577157521877
318,6,2017-04-01,validation,5.228150651004171,ridge/3+commodity,-0.4884783753161088,2.88190020945539,-5.7166290263202795
318,6,2017-05-01,validation,6.286222271689734,ridge/3+commodity,-0.17631164632948138,2.86048105816632,-6.462533918019216
318,6,2017-06-01,validation,5.178268510588602,ridge/3+commodity,-0.11592495870295694,2.8592249133227465,-5.294193469291558
318,6,2017-07-01,validation,7.218926416796645,ridge/3+commodity,0.8310844367270012,2.8579687684791732,-6.387841980069644
318,6,2017-08-01,validation,6.306583061281756,ridge/3+commodity,2.5759208693221955,2.8567126236356,-3.730662191959561
318,6,2017-09-01,validation,6.376661835898911,ridge/3+commodity,1.332973566732014,2.8554564787920267,-5.043688269166897
318,6,2017-10-01,validation,3.4258949821015072,ridge/3+commodity,1.7683898895828758,2.86048105816632,-1.6575050925186314
318,6,2017-11-01,validation,2.3561299338397568,ridge/3+commodity,0.6787042871111759,2.946157663322594,-1.6774256467285809
318,6,2017-12-01,validation,4.416302061750965,ridge/3+commodity,2.740546560012767,2.967576814611661,-1.6757555017381982
318,6,2018-01-01,validation,2.2093166316706103,ridge/3+commodity,4.361867307824283,2.9901414963557116,2.1525506761536723
318,6,2018-02-01,validation,2.1865822923562206,ridge/3+commodity,3.064647372531642,3.109708192158916,0.8780650801754213
318,6,2018-03-01,validation,3.166825749886737,ridge/3+commodity,2.7557093693942982,3.4525868849073937,-0.4111163804924387
318,6,2018-04-01,validation,4.804969764170863,ridge/3+commodity,1.2438928985022093,3.447248504346217,-3.561076865668654
318,6,2018-05-01,validation,4.551986847106981,ridge/3+commodity,2.0512493106120693,3.4419101237850396,-2.500737536494912
318,6,2018-06-01,validation,1.763269865095651,ridge/3+commodity,2.248391344677914,3.491819669220835,0.4851214795822629
318,6,2018-07-01,validation,1.530642128267523,ridge/3+commodity,-0.10192373483921457,3.472203277064116,-1.6325658631067377
318,6,2018-08-01,validation,-1.0230268250814412,ridge/3+commodity,2.3193511092205625,3.4525868849073937,3.3423779343020037
318,6,2018-09-01,validation,-3.5536734276787385,ridge/3+commodity,4.419477735544946,3.447248504346217,7.973151163223685
318,6,2018-10-01,validation,-4.804969764170863,ridge/3+commodity,1.8175512178799351,3.5114360613775575,6.622520982050799
318,6,2018-11-01,validation,-3.522376721880605,ridge/3+commodity,-2.7899102266961266,3.605406491077031,0.7324664951844784
318,6,2018-12-01,validation,-1.256297930070538,ridge/3+commodity,-1.4445612048561867,3.5780376683840154,-0.18826327478564875
318,6,2019-01-01,test,-1.0178204915756162,ridge/3+commodity,1.2434065630585063,3.5506688456909963,2.2612270546341224
318,6,2019-02-01,test,-1.4239722811136168,ridge/3+commodity,1.7958445987020508,3.531052453534277,3.2198168798156677
318,6,2019-03-01,test,-0.9085072222471346,ridge/3+commodity,1.9898334123717785,3.5114360613775575,2.898340634618913
318,6,2019-04-01,test,-0.9108716198240608,ridge/3+commodity,0.7386179863789453,3.491819669220835,1.649489606203006
318,6,2019-05-01,test,-3.9169498075550817,ridge/3+commodity,0.8709664289692267,3.472203277064116,4.787916236524309
318,6,2019-06-01,test,-8.162423575899602,ridge/3+commodity,2.9376545298359886,3.4525868849073937,11.10007810573559
318,6,2019-07-01,test,-7.844551838654645,ridge/3+commodity,-0.017615983034638738,3.447248504346217,7.826935855620007
318,6,2019-08-01,test,-6.6017232319032,ridge/3+commodity,-0.529680616051925,3.4419101237850396,6.0720426158512755
318,6,2019-09-01,test,-10.579520377595042,ridge/3+commodity,-0.8682070516148439,3.436571743223862,9.711313325980198
318,6,2019-10-01,test,-11.04569955643102,ridge/3+commodity,-1.6233200808828703,3.431233362662685,9.42237947554815
318,6,2019-11-01,test,-14.44332888744526,ridge/3+commodity,-1.838503768950902,3.4258949821015072,12.604825118494357
318,6,2019-12-01,test,-11.624101530456787,ridge/3+commodity,-2.7156841990893383,3.3740811356585563,8.908417331367449
318,6,2020-01-01,test,-8.965538230707804,ridge/3+commodity,-2.4372226330124818,3.322267289215605,6.528315597695322
318,6,2020-02-01,test,-6.919185666321237,ridge/3+commodity,-6.413526900179505,3.2704534427726464,0.5056587661417318
318,6,2020-03-01,test,-1.754430965091025,ridge/3+commodity,-13.756314947872422,3.218639596329695,-12.001883982781397
318,6,2020-04-01,test,-0.7326040092072716,ridge/3+commodity,-8.112849012966198,3.166825749886737,-7.380245003758926
318,6,2020-05-01,test,5.098555473286837,ridge/3+commodity,0.466738869843877,3.1382583037037484,-4.631816603442959
318,6,2020-06-01,test,5.5444911021795384,ridge/3+commodity,8.402071388578511,3.10969085752076,2.8575802863989725
318,6,2020-07-01,test,3.4204077770864316,ridge/3+commodity,9.431398361159829,3.0811234113377677,6.010990584073397
318,6,2020-08-01,test,11.0125265589466,ridge/3+commodity,4.021666524299667,3.0525559651547796,-6.990860034646933
318,6,2020-09-01,test,13.113176064702705,ridge/3+commodity,1.3318748775815346,3.023988518971787,-11.78130118712117
318,6,2020-10-01,test,12.947907541957449,ridge/3+commodity,1.8050260066452193,3.0127061780997626,-11.14288153531223
318,6,2020-11-01,test,13.772580015985804,ridge/3+commodity,5.35924284855557,3.10969085752076,-8.413337167430235
318,6,2020-12-01,test,19.775098535881597,ridge/3+commodity,5.907457972878045,3.2704534427726464,-13.867640563003551
318,6,2021-01-01,test,22.54800009752289,ridge/3+commodity,7.178433084103402,3.4215052180894467,-15.36956701341949
318,6,2021-02-01,test,14.76359988060647,ridge/3+commodity,7.113315010817146,3.4258949821015072,-7.650284869789324
318,6,2021-03-01,test,16.206604559005644,ridge/3+commodity,4.281060417231053,3.447248504346217,-11.92554414177459
318,6,2021-04-01,test,20.804303006447533,ridge/3+commodity,4.090772826687005,3.5114360613775575,-16.71353017976053
318,6,2021-05-01,test,25.400013206500205,ridge/3+commodity,3.938904030755764,3.605406491077031,-21.46110917574444
318,6,2021-06-01,test,19.59837829638582,ridge/3+commodity,3.3669743444287024,3.766450257729976,-16.23140395195712
318,6,2021-07-01,test,17.607885216586983,ridge/3+commodity,0.9798276137900123,4.082199452025526,-16.62805760279697
318,6,2021-08-01,test,14.171580186801158,ridge/3+commodity,0.47758798284055515,4.349481539805881,-13.693992203960603
318,6,2021-09-01,test,15.838498396604717,ridge/3+commodity,6.205818502434477,4.4977129329645775,-9.63267989417024
318,6,2021-10-01,test,14.435923306847709,ridge/3+commodity,5.646223868664855,4.653180013932536,-8.789699438182854
318,6,2021-11-01,test,5.104622829611483,ridge/3+commodity,4.542370330358787,4.863686905994063,-0.562252499252696
318,6,2021-12-01,test,1.173033978548954,ridge/3+commodity,3.3920636094642624,5.098555473286837,2.2190296309153084
318,6,2022-01-01,test,-1.976348911883985,ridge/3+commodity,3.857240320797005,5.16232590312825,5.83358923268099
318,6,2022-02-01,test,-0.8040244318565648,ridge/3+commodity,9.498570747426104,5.202452594469645,10.302595179282669
318,6,2022-03-01,test,-4.907189399239709,ridge/3+commodity,10.191373711151257,5.222405450635872,15.098563110390966
318,6,2022-04-01,test,-10.727980509996726,ridge/3+commodity,4.596501933733803,5.290496108599095,15.32448244373053
318,6,2022-05-01,test,-12.166379551006834,ridge/3+commodity,1.4148125442361597,5.228150651004171,13.581192095242994
318,6,2022-06-01,test,-12.509835723275575,ridge/3+commodity,-1.2279872090310202,5.226235584214738,11.281848514244555
318,6,2022-07-01,test,-15.631536304702998,ridge/3+commodity,-0.29833424411490506,5.224320517425305,15.333202060588093
318,6,2022-08-01,test,-17.970137994472868,ridge/3+commodity,0.7002071434105273,5.222405450635872,18.670345137883395
318,6,2022-09-01,test,-24.205899830674586,ridge/3+commodity,1.3602278373677987,5.220490383846439,25.566127668042384
318,6,2022-10-01,test,-22.087110998786397,ridge/3+commodity,-0.02887432080878405,5.218575317057006,22.05823667797761
318,6,2022-11-01,test,-19.10552367627094,ridge/3+commodity,3.7148243048082517,5.210513955763326,22.820347981079195
318,6,2022-12-01,test,-18.98387268371584,ridge/3+commodity,10.065152670775573,5.202452594469645,29.049025354491413
318,6,2023-01-01,test,-11.880456073609391,ridge/3+commodity,8.686685951666686,5.194391233175963,20.567142025276077
318,6,2023-02-01,test,-3.815847559504437,ridge/3+commodity,8.318630556858865,5.1863298718822834,12.134478116363303
318,6,2023-03-01,test,-0.5037794029957077,ridge/3+commodity,7.5772780273840965,5.178268510588602,8.081057430379804
318,6,2023-04-01,test,2.859113332925834,ridge/3+commodity,2.9031686374054946,5.163539374393179,0.04405530447966077
318,6,2023-05-01,test,1.655034594367777,ridge/3+commodity,-1.127408577051252,5.148810238197756,-2.782443171419029
318,6,2023-06-01,test,1.5852379520321591,ridge/3+commodity,-0.661305387418234,5.13408110200233,-2.246543339450393
318,6,2023-07-01,test,-2.5284114694305693,ridge/3+commodity,1.8748518139115036,5.119351965806907,4.403263283342072
318,6,2023-08-01,test,-5.413692954119043,ridge/3+commodity,3.8078187127432033,5.104622829611483,9.221511666862245
318,6,2023-09-01,test,-7.061756721395351,ridge/3+commodity,1.929542154698052,5.103409358346553,8.991298876093403
318,6,2023-10-01,test,-12.516314295400566,ridge/3+commodity,0.42728934358271164,5.102195887081624,12.943603638983276
318,6,2023-11-01,test,-13.0649546249634,ridge/3+commodity,0.2327215569358747,5.100982415816695,13.297676181899275
318,6,2023-12-01,test,-5.10863764297822,ridge/3+commodity,1.3287089234418314,5.099768944551766,6.437346566420051
318,6,2024-01-01,test,-1.356872920606822,ridge/3+commodity,1.5770254447031902,5.098555473286837,2.933898365310012
318,6,2024-02-01,test,-2.8208720634508744,ridge/3+commodity,2.5630027453774256,5.0398383314636455,5.3838748088283
318,6,2024-03-01,test,-1.3642776403786527,ridge/3+commodity,-0.7777498992809471,4.981121189640454,0.5865277410977057
318,6,2024-04-01,test,5.931657715641947,ridge/3+commodity,-3.77126231920537,4.922404047817254,-9.702920034847317
318,6,2024-05-01,test,6.2738340633424095,ridge/3+commodity,-2.6355848691091532,4.863686905994063,-8.909418932451562
318,6,2024-06-01,test,1.777216974579776,ridge/3+commodity,0.11879759316920513,4.804969764170863,-1.6584193814105708
318,6,2024-07-01,test,7.117627846789443,ridge/3+commodity,1.1902056305702975,4.75437318075809,-5.927422216219146
318,6,2024-08-01,test,11.5661501294956,ridge/3+commodity,3.1335815171530967,4.703776597345316,-8.432568612342504
318,6,2024-09-01,test,7.538266958572315,ridge/3+commodity,5.68587049471512,4.653180013932536,-1.852396463857195
318,6,2024-10-01,test,0.3919012200735317,ridge/3+commodity,4.895267605496956,4.863686905994063,4.5033663854234245
318,6,2024-11-01,test,4.750233398500292,ridge/3+commodity,2.3225000770694875,5.098555473286837,-2.4277333214308046
318,6,2024-12-01,test,9.80165414020684,ridge/3+commodity,3.7796661706900974,5.0398383314636455,-6.021987969516742
318,6,2025-01-01,test,6.644509940815269,ridge/3+commodity,7.33845656834621,5.102195887081624,0.6939466275309414
318,6,2025-02-01,test,3.5760663879098153,ridge/3+commodity,5.86937453879408,5.13408110200233,2.2933081508842648
318,6,2025-03-01,test,6.652698868479767,ridge/3+commodity,-0.24865736489363077,5.1863298718822834,-6.901356233373398
318,6,2025-04-01,test,4.462180649925873,ridge/3+commodity,-0.023440394204661708,5.178268510588602,-4.485621044130535
318,6,2025-05-01,test,4.780784581932185,ridge/3+commodity,2.9839177740921388,5.163539374393179,-1.796866807840046
318,6,2025-06-01,test,-3.882767001173715,ridge/3+commodity,5.716106790136928,5.202452594469645,9.598873791310643
318,6,2025-07-01,test,-3.5133837721946115,ridge/3+commodity,4.110916581457191,5.222405450635872,7.624300353651803
318,6,2025-08-01,test,2.657579858361281,ridge/3+commodity,1.7278388306601333,5.220490383846439,-0.9297410277011475
318,6,2025-09-01,test,17.454407218134715,ridge/3+commodity,-1.6867977847131674,5.228150651004171,-19.141205002847883
318,6,2025-10-01,test,33.39753564226253,ridge/3+commodity,-2.3714574194020717,5.226235584214738,-35.7689930616646
318,6,2025-11-01,test,32.62410660554637,ridge/3+commodity,-2.7210193847504174,5.224320517425305,-35.34512599029679
318,6,2025-12-01,test,24.761809197113216,ridge/3+commodity,-1.6950708421252345,5.222405450635872,-26.45688003923845
318,6,2026-01-01,test,15.924600842997716,ridge/3+commodity,2.8456746016068966,5.220490383846439,-13.07892624139082
318,6,2026-02-01,test,6.189820847516092,ridge/3+commodity,10.449420487494395,5.218575317057006,4.259599639978303
402,2,2015-01-01,validation,-0.9597002641009488,ridge/3+commodity,0.14413073615906213,2.292212142540891,1.103831000260011
402,2,2015-02-01,validation,-0.9633985881134066,ridge/3+commodity,0.27864275018888196,2.285472462611917,1.2420413383022886
402,2,2015-03-01,validation,0.0963855496306287,ridge/3+commodity,0.30288911189494705,2.278732782682944,0.20650356226431835
402,2,2015-04-01,validation,1.3461741750898426,ridge/3+commodity,0.16498446808527484,2.2719931027539713,-1.1811897070045678
402,2,2015-05-01,validation,1.6244982184333343,ridge/3+commodity,0.19389027103913525,2.2652534228249976,-1.430607947394199
402,2,2015-06-01,validation,0.4764182427118513,ridge/3+commodity,0.1695689088473485,2.243417920391552,-0.3068493338645028
402,2,2015-07-01,validation,-0.9523881511255716,ridge/3+commodity,0.07195272872268277,2.221582417958103,1.0243408798482543
402,2,2015-08-01,validation,-1.051132468268623,ridge/3+commodity,0.1984241050242625,2.1997469155246567,1.2495565732928855
402,2,2015-09-01,validation,-0.287494208559913,ridge/3+commodity,0.5020526332646508,2.177911413091211,0.7895468418245637
402,2,2015-10-01,validation,-0.3849860385441772,ridge/3+commodity,0.4753725724794664,2.156075910657762,0.8603586110236436
402,2,2015-11-01,validation,-0.5774799493884153,ridge/3+commodity,0.24965068599649776,2.1350208129487505,0.827130635384913
402,2,2015-12-01,validation,-1.0664182498812735,ridge/3+commodity,0.19052564680333367,2.113965715239736,1.2569438966846072
402,2,2016-01-01,validation,-0.9699397088713368,ridge/3+commodity,0.22976928675045538,2.0929106175307237,1.1997089956217923
402,2,2016-02-01,validation,0.6799443388923798,ridge/3+commodity,0.3119393368157811,2.071855519821712,-0.3680050020765987
402,2,2016-03-01,validation,0.5830920310793353,ridge/3+commodity,0.3688053374637779,2.0508004221126974,-0.21428669361555736
402,2,2016-04-01,validation,-0.1937985102678396,ridge/3+commodity,0.42861763906723443,2.0315322591495653,0.622416149335074
402,2,2016-05-01,validation,-2.3530497410193973,ridge/3+commodity,0.3724957272904665,2.012264096186431,2.7255454683098637
402,2,2016-06-01,validation,-2.256103538564602,ridge/3+commodity,0.5024669823262685,1.9929959332232987,2.7585705208908706
402,2,2016-07-01,validation,-0.1986097971629519,ridge/3+commodity,0.5664615399953561,1.9737277702601668,0.765071337158308
402,2,2016-08-01,validation,-0.298062813813793,ridge/3+commodity,0.8527499218991951,1.954459607297032,1.150812735712988
402,2,2016-09-01,validation,-0.3984069014874691,ridge/3+commodity,0.9210926045438171,1.9374103460806689,1.3194995060312862
402,2,2016-10-01,validation,0.4962789342129348,ridge/3+commodity,0.7057111912911588,1.9203610848643031,0.209432257078224
402,2,2016-11-01,validation,0.8941937375661624,ridge/3+commodity,0.5361564510645818,1.90331182364794,-0.3580372865015806
402,2,2016-12-01,validation,0.0989609185165996,ridge/3+commodity,0.5813662534454662,1.8862625624315768,0.4824053349288666
402,2,2017-01-01,validation,1.5701990908087105,ridge/3+commodity,0.6399601358507332,1.8692133012152112,-0.9302389549579773
402,2,2017-02-01,validation,2.5391989209055943,ridge/3+commodity,0.5970142102377203,1.867721821293582,-1.942184710667874
402,2,2017-03-01,validation,2.3100160948392734,ridge/3+commodity,0.7012414630513262,1.866230341371953,-1.6087746317879472
402,2,2017-04-01,validation,1.4361185068128002,ridge/3+commodity,0.718844281533502,1.90331182364794,-0.7172742252792982
402,2,2017-05-01,validation,-0.3813160006414406,ridge/3+commodity,0.9103188689878378,1.9737277702601668,1.2916348696292783
402,2,2017-06-01,validation,-0.4764182427118513,ridge/3+commodity,0.94979370333129,1.954459607297032,1.4262119460431413
402,2,2017-07-01,validation,0.3813160006414406,ridge/3+commodity,0.896281753880829,1.9374103460806689,0.5149657532393883
402,2,2017-08-01,validation,-0.1912046471625572,ridge/3+commodity,0.8095551604570668,1.9203610848643056,1.000759807619624
402,2,2017-09-01,validation,-1.2446307151117608,ridge/3+commodity,0.6635238600688168,1.90331182364794,1.9081545751805775
402,2,2017-10-01,validation,-0.287494208559913,ridge/3+commodity,0.4556008579075499,1.8862625624315768,0.7430950664674629
402,2,2017-11-01,validation,-0.0963855496306287,ridge/3+commodity,0.2686596823979965,1.8692133012152112,0.36504523202862516
402,2,2017-12-01,validation,0.0,ridge/3+commodity,0.37922179838529807,1.867721821293582,0.37922179838529807
402,2,2018-01-01,validation,0.7684956169383916,ridge/3+commodity,0.491538790746166,1.866230341371953,-0.2769568261922256
402,2,2018-02-01,validation,0.0,ridge/3+commodity,0.6410957113864144,1.8647388614503235,0.6410957113864144
402,2,2018-03-01,validation,-0.7684956169383916,ridge/3+commodity,0.6352975266575775,1.8632473815286943,1.4037931435959692
402,2,2018-04-01,validation,-0.8674753193673723,ridge/3+commodity,0.45962038889840157,1.861755901607065,1.327095708265774
402,2,2018-05-01,validation,-0.7744472395478041,ridge/3+commodity,0.3928688242411372,1.8533519023238123,1.1673160637889413
402,2,2018-06-01,validation,0.0,ridge/3+commodity,0.2765489328983777,1.84494790304056,0.2765489328983777
402,2,2018-07-01,validation,0.1941748182910707,ridge/3+commodity,0.2492076778824921,1.836543903757306,0.0550328595914214
402,2,2018-08-01,validation,-0.4852023104527703,ridge/3+commodity,0.38940505405449494,1.8281399044740536,0.8746073645072652
402,2,2018-09-01,validation,-0.5836592444451227,ridge/3+commodity,0.32599317732225574,1.8197359051908,0.9096524217673785
402,2,2018-10-01,validation,0.2914038001849306,ridge/3+commodity,0.1296824469926966,1.8179716599495777,-0.16172135319223402
402,2,2018-11-01,validation,1.5489177042460334,ridge/3+commodity,0.07221225026056544,1.8162074147083551,-1.4767054539854678
402,2,2018-12-01,validation,0.8691508118458202,ridge/3+commodity,0.33440610750102207,1.8144431694671328,-0.5347447043447981
402,2,2019-01-01,test,-0.2886004889135485,ridge/3+commodity,0.6503592287141449,1.81267892422591,0.9389597176276934
402,2,2019-02-01,test,0.5752652489450227,ridge/3+commodity,0.6284430520902323,1.8109146789846875,0.05317780314520959
402,2,2019-03-01,test,0.7677580899034808,ridge/3+commodity,0.5660386645359621,1.7869411861540931,-0.20171942536751875
402,2,2019-04-01,test,-0.1913876182284113,ridge/3+commodity,0.5419009044277234,1.7629676933234988,0.7332885226561348
402,2,2019-05-01,test,1.9877606676884871,ridge/3+commodity,0.5147572209081036,1.738994200492901,-1.4730034467803836
402,2,2019-06-01,test,1.426557715882204,ridge/3+commodity,0.38646303773666235,1.7150207076623067,-1.0400946781455418
402,2,2019-07-01,test,-1.9877606676884871,ridge/3+commodity,0.4864223286402728,1.8109146789846875,2.47418299632876
402,2,2019-08-01,test,-0.9487737205109426,ridge/3+commodity,0.43739665238743475,1.7869411861540931,1.3861703728983774
402,2,2019-09-01,test,-0.0956480225957179,ridge/3+commodity,0.3742498233805943,1.7629676933234988,0.46989784597631223
402,2,2019-10-01,test,-0.7655539781327825,ridge/3+commodity,0.4796657220761925,1.738994200492901,1.2452197002089749
402,2,2019-11-01,test,0.3820443997385681,ridge/3+commodity,0.5207256506462861,1.7150207076623067,0.138681250907718
402,2,2019-12-01,test,1.430639565123748,ridge/3+commodity,0.4375011334279447,1.691047214831709,-0.9931384316958033
402,2,2020-01-01,test,1.0431578709815703,ridge/3+commodity,0.3066692792882197,1.6777374155520348,-0.7364885916933506
402,2,2020-02-01,test,0.1892148152037975,ridge/3+commodity,0.12511747981318921,1.6644276162723606,-0.06409733539060827
402,2,2020-03-01,test,-0.6625674972137396,ridge/3+commodity,-0.20271626657252162,1.6511178169926846,0.459851230641218
402,2,2020-04-01,test,0.6594465725281218,ridge/3+commodity,-0.19984816106220205,1.6378080177130103,-0.8592947335903238
402,2,2020-05-01,test,-0.2853068982406448,ridge/3+commodity,0.11648859243607695,1.6244982184333343,0.40179549067672177
402,2,2020-06-01,test,-1.5137469747228849,ridge/3+commodity,0.5255646017542338,1.6136383929084102,2.0393115764771186
402,2,2020-07-01,test,0.3802285949738859,ridge/3+commodity,0.5431530615403897,1.602778567383486,0.16292446656650378
402,2,2020-08-01,test,0.4755120705010718,ridge/3+commodity,0.3311026690407759,1.5919187418585603,-0.1444094014602959
402,2,2020-09-01,test,1.9728211460455112,ridge/3+commodity,0.3494086587926034,1.5810589163336362,-1.6234124872529079
402,2,2020-10-01,test,3.0829158019901826,ridge/3+commodity,0.5549264563951742,1.5701990908087105,-2.5279893455950084
402,2,2020-11-01,test,2.7524673390090904,ridge/3+commodity,0.8191781392203716,1.6136383929084102,-1.9332891997887187
402,2,2020-12-01,test,2.0037100229157723,ridge/3+commodity,0.9011573025802425,1.6644276162723606,-1.1025527203355296
402,2,2021-01-01,test,2.0600818106150776,ridge/3+commodity,0.9512751623837361,1.738994200492901,-1.1088066482313415
402,2,2021-02-01,test,2.1410273677639147,ridge/3+commodity,0.7761764205708706,1.81267892422591,-1.3648509471930441
402,2,2021-03-01,test,2.2788015010040574,ridge/3+commodity,0.8285063951290164,1.8197359051908,-1.450295105875041
402,2,2021-04-01,test,4.31846029503804,ridge/3+commodity,0.8034169986359005,1.8533519023238123,-3.5150432964021396
402,2,2021-05-01,test,2.819494754162299,ridge/3+commodity,0.8198468945723293,1.866230341371953,-1.9996478595899698
402,2,2021-06-01,test,3.4887259000440984,ridge/3+commodity,0.6825248397136503,1.90331182364794,-2.806201060330448
402,2,2021-07-01,test,4.12599777828202,ridge/3+commodity,0.5459436479594434,1.958131915046728,-3.580054130322577
402,2,2021-08-01,test,2.1002387488083585,ridge/3+commodity,0.8385254996894089,1.9728211460455112,-1.2617132491189496
402,2,2021-09-01,test,1.8422627553035476,ridge/3+commodity,0.9148627330909576,1.984772763359892,-0.92740002221259
402,2,2021-10-01,test,0.5579926793474854,ridge/3+commodity,1.0758605125284202,1.9973302808248583,0.5178678331809348
402,2,2021-11-01,test,-1.0371054265487345,ridge/3+commodity,0.9897269603943628,1.994140409779401,2.0268323869430973
402,2,2021-12-01,test,0.7128743060753173,ridge/3+commodity,0.9429750540915691,1.9909505387339443,0.2301007480162518
402,2,2022-01-01,test,3.69975293808098,ridge/3+commodity,0.9583108175273494,1.9877606676884871,-2.741442120553631
402,2,2022-02-01,test,5.002967077919518,ridge/3+commodity,1.082240296715299,1.984772763359892,-3.920726781204219
402,2,2022-03-01,test,4.162538114690939,ridge/3+commodity,1.082407868360551,1.9973302808248583,-3.080130246330388
402,2,2022-04-01,test,1.3423020332140825,ridge/3+commodity,1.053188360085207,2.0225461825945428,-0.2891136731288755
402,2,2022-05-01,test,1.3986241974740743,ridge/3+commodity,0.9506953548656143,2.0526566998131734,-0.44792884260846
402,2,2022-06-01,test,0.0,ridge/3+commodity,0.7429219973860646,2.0508004221126974,0.7429219973860646
402,2,2022-07-01,test,-1.769957709940151,ridge/3+commodity,0.7317235184527875,2.041382342273313,2.5016812283929384
402,2,2022-08-01,test,-1.3423020332140825,ridge/3+commodity,0.364524038138193,2.031964262433928,1.7068260713522756
402,2,2022-09-01,test,-2.1053409197832273,ridge/3+commodity,0.24818073168685795,2.0225461825945428,2.353521651470085
402,2,2022-10-01,test,-2.1245108613736186,ridge/3+commodity,0.3154036627391171,2.013128102755158,2.439914524112736
402,2,2022-11-01,test,-1.608613775162393,ridge/3+commodity,0.43781594618293096,2.0037100229157723,2.0464297213453237
402,2,2022-12-01,test,-2.170627858186336,ridge/3+commodity,0.5836594961277677,2.0005201518703153,2.7542873543141035
402,2,2023-01-01,test,-3.5367143837291337,ridge/3+commodity,0.27029008071676996,1.9973302808248583,3.8070044644459036
402,2,2023-02-01,test,-2.539819060561044,ridge/3+commodity,0.0009926168649969647,1.994140409779401,2.5408116774260407
402,2,2023-03-01,test,0.5584378293900016,ridge/3+commodity,-0.1348064169282397,1.9909505387339443,-0.6932442463182413
402,2,2023-04-01,test,0.1606426048273768,ridge/3+commodity,-0.22679948829196372,1.9877606676884871,-0.3874420931193405
402,2,2023-05-01,test,-1.8467004124913975,ridge/3+commodity,-0.07692391709032842,1.984772763359892,1.769776495401069
402,2,2023-06-01,test,-2.272825107755594,ridge/3+commodity,0.12661614339638305,1.9817848590312972,2.399441251151977
402,2,2023-07-01,test,-2.046735385054088,ridge/3+commodity,0.06199490031297261,1.9787969547027016,2.1087302853670606
402,2,2023-08-01,test,0.1640689457460098,ridge/3+commodity,-0.06302381930053014,1.9758090503741064,-0.22709276504653994
402,2,2023-09-01,test,1.6407258951242731,ridge/3+commodity,0.05566912576712579,1.9728211460455112,-1.5850567693571473
402,2,2023-10-01,test,2.028467117150523,ridge/3+commodity,0.45323551245315963,1.9691488382958156,-1.5752316046973633
402,2,2023-11-01,test,2.491089037948857,ridge/3+commodity,0.6029642957358577,1.96547653054612,-1.8881247422129994
402,2,2023-12-01,test,2.1454935001259834,ridge/3+commodity,0.6620594836474627,1.9787969547027016,-1.4834340164785207
402,2,2024-01-01,test,2.585337882633354,ridge/3+commodity,0.6587780776252459,1.9909505387339443,-1.926559805008108
402,2,2024-02-01,test,1.327625903912022,ridge/3+commodity,0.7813884732773619,2.0037100229157723,-0.54623743063466
402,2,2024-03-01,test,1.0003931064519025,ridge/3+commodity,0.8481891564077924,2.023515698303574,-0.15220395004411014
402,2,2024-04-01,test,3.281484816114677,ridge/3+commodity,0.7091398779332077,2.018564279456623,-2.5723449381814696
402,2,2024-05-01,test,1.4443428583946094,ridge/3+commodity,0.7836655809865847,2.0136128606096726,-0.6606772774080247
402,2,2024-06-01,test,0.2998502996256924,ridge/3+commodity,0.910569612321456,2.0329337781429584,0.6107193126957635
402,2,2024-07-01,test,1.9432599539876527,ridge/3+commodity,0.8677716955740401,2.028467117150523,-1.0754882584136127
402,2,2024-08-01,test,2.4400471191857953,ridge/3+commodity,1.001595912095321,2.023515698303574,-1.4384512070904742
402,2,2024-09-01,test,2.19628154490934,ridge/3+commodity,0.9663743653361139,2.018564279456623,-1.229907179573226
402,2,2024-10-01,test,2.0962097505305977,ridge/3+commodity,0.8931671505727705,2.037400439135393,-1.2030425999578271
402,2,2024-11-01,test,2.925645695389356,ridge/3+commodity,0.8740443016331898,2.0526566998131734,-2.051601393756166
402,2,2024-12-01,test,3.3066677752777274,ridge/3+commodity,0.8622478100938444,2.0600818106150776,-2.444419965183883
402,2,2025-01-01,test,2.7741029946538376,ridge/3+commodity,1.0187974382667395,2.088984162547494,-1.755305556387098
402,2,2025-02-01,test,2.6631823180792935,ridge/3+commodity,1.0811664920937074,2.098627149497254,-1.582015825985586
402,2,2025-03-01,test,3.0978908258177285,ridge/3+commodity,1.0114428665793345,2.1165541963905814,-2.086447959238394
402,2,2025-04-01,test,3.1832926573210685,ridge/3+commodity,1.0661867906548315,2.1419205942363284,-2.117105866666237
402,2,2025-05-01,test,0.3310165220454131,ridge/3+commodity,1.0914940790921652,2.1454935001259834,0.7604775570467521
402,2,2025-06-01,test,-2.4447864475749093,ridge/3+commodity,1.059705686016859,2.1539594285514063,3.5044921335917683
402,2,2025-07-01,test,-2.9512537614477807,ridge/3+commodity,0.6892844925250111,2.151842946445051,3.640538253972792
402,2,2025-08-01,test,-3.470916637201515,ridge/3+commodity,0.4130825135171671,2.149726464338695,3.883999150718682
402,2,2025-09-01,test,-3.0410083471126725,ridge/3+commodity,0.004654158628110916,2.147609982232339,3.0456625057407836
402,2,2025-10-01,test,-2.5957262338383025,ridge/3+commodity,-0.11780097282453106,2.1454935001259834,2.4779252610137714
402,2,2025-11-01,test,-2.2712118922945557,ridge/3+commodity,-0.17063145330562346,2.1446002736535696,2.100580438988932
402,2,2025-12-01,test,-1.9376278963138205,ridge/3+commodity,-0.3050070225139666,2.143707047181156,1.632620873799854
402,2,2026-01-01,test,0.2867385477156148,ridge/3+commodity,-0.22494815363132326,2.142813820708742,-0.511686701346938
402,2,2026-02-01,test,-0.1450326577646876,ridge/3+commodity,0.010925051789408502,2.1419205942363284,0.1559577095540961
402,2,2026-03-01,test,-2.317265163790161,ridge/3+commodity,0.45818560378116246,2.1410273677639147,2.775450767571323
402,2,2026-04-01,test,-1.756999810138371,ridge/3+commodity,0.30825168701844824,2.132869643972804,2.065251497156819
402,2,2026-05-01,test,-1.6993390087432836,ridge/3+commodity,0.09355274883505427,2.124711920181693,1.7928917575783379
402,2,2026-06-01,test,0.5891033237237053,ridge/3+commodity,-0.0702352054689902,2.1165541963905814,-0.6593385291926955
402,3,2015-01-01,validation,-1.3461741750898426,ridge/3+commodity,-0.03312973252706919,3.368194038677874,1.3130444425627734
402,3,2015-02-01,validation,-0.4805391274938841,ridge/3+commodity,0.4538249125717779,3.368194038677874,0.9343640400656621
402,3,2015-03-01,validation,0.9597002641009488,ridge/3+commodity,0.4673173448255913,3.368194038677874,-0.4923829192753575
402,3,2015-04-01,validation,2.107357679052857,ridge/3+commodity,0.32655192284560275,3.368194038677874,-1.7808057562072541
402,3,2015-05-01,validation,1.3397329571821714,ridge/3+commodity,0.34140090809162316,3.368194038677874,-0.9983320490905483
402,3,2015-06-01,validation,-0.1912046471625572,ridge/3+commodity,0.2667184185116154,3.368194038677874,0.45792306567417257
402,3,2015-07-01,validation,-1.335897729519786,ridge/3+commodity,0.09824736658455113,3.3341146254183425,1.4341450961043372
402,3,2015-08-01,validation,-0.9551170984343216,ridge/3+commodity,0.1657828744703579,3.3000352121588064,1.1208999729046796
402,3,2015-09-01,validation,-0.7684956169383916,ridge/3+commodity,0.6694971123436408,3.2659557988992747,1.4379927292820325
402,3,2015-10-01,validation,-0.4814645795541139,ridge/3+commodity,0.7278043359325863,3.231876385639743,1.2092689154867002
402,3,2015-11-01,validation,-1.547419658259752,ridge/3+commodity,0.35953674883999753,3.197796972380207,1.9069564070997496
402,3,2015-12-01,validation,-1.0664182498812735,ridge/3+commodity,0.2474267012227609,3.168454403174918,1.3138449511040344
402,3,2016-01-01,validation,-0.289995369978957,ridge/3+commodity,0.1833485608586235,3.1391118339696247,0.4733439308375805
402,3,2016-02-01,validation,0.5830920310793353,ridge/3+commodity,0.3987173907654247,3.109769264764336,-0.1843746403139106
402,3,2016-03-01,validation,0.4861458286245401,ridge/3+commodity,0.6134164980541067,3.080426695559047,0.1272706694295666
402,3,2016-04-01,validation,-2.449902048832442,ridge/3+commodity,0.723503242591504,3.0510841263537536,3.173405291423946
402,3,2016-05-01,validation,-2.3530497410193973,ridge/3+commodity,0.6084756113310598,3.0137792626223026,2.961525352350457
402,3,2016-06-01,validation,-2.454713335727554,ridge/3+commodity,0.7995680331336014,2.976474398890846,3.2542813688611556
402,3,2016-07-01,validation,-0.298062813813793,ridge/3+commodity,0.8413626281564857,2.9391695351593947,1.1394254419702787
402,3,2016-08-01,validation,-0.5970166986504211,ridge/3+commodity,1.3031492283932136,2.9018646714279437,1.9001659270436346
402,3,2016-09-01,validation,0.3968259175620936,ridge/3+commodity,1.4222212592798307,2.8645598076964873,1.025395341717737
402,3,2016-10-01,validation,0.5952398527295344,ridge/3+commodity,1.1355507979645938,2.851355154518612,0.5403109452350594
402,3,2016-11-01,validation,0.8941937375661624,ridge/3+commodity,0.7784921693972824,2.8381505013407344,-0.11570156816888
402,3,2016-12-01,validation,1.66916000932531,ridge/3+commodity,0.9000479373483653,2.824945848162859,-0.7691120719769448
402,3,2017-01-01,validation,2.5391989209055943,ridge/3+commodity,0.9741528166636338,2.811741194984984,-1.5650461042419606
402,3,2017-02-01,validation,3.880215185647984,ridge/3+commodity,0.9246705262261041,2.798536541807106,-2.9555446594218795
402,3,2017-03-01,validation,2.405118336909684,ridge/3+commodity,1.0063778467247846,2.7868087172079834,-1.3987404901848994
402,3,2017-04-01,validation,0.9597002641009488,ridge/3+commodity,1.0629461042039923,2.77508089260886,0.1032458401030435
402,3,2017-05-01,validation,-0.3813160006414406,ridge/3+commodity,1.3322799566718393,2.824945848162859,1.71359595731328
402,3,2017-06-01,validation,-0.0951022420704106,ridge/3+commodity,1.3661890309515976,2.811741194984984,1.4612912730220082
402,3,2017-07-01,validation,-0.1912046471625572,ridge/3+commodity,1.3246177150902476,2.798536541807106,1.5158223622528049
402,3,2017-08-01,validation,-0.8633147144703202,ridge/3+commodity,1.2392914160434416,2.7868087172079834,2.1026061305137618
402,3,2017-09-01,validation,-0.860014856363911,ridge/3+commodity,1.0528344755322219,2.77508089260886,1.9128493318961328
402,3,2017-10-01,validation,-0.7684956169383916,ridge/3+commodity,0.6857012289902982,2.7633530680097356,1.4541968459286898
402,3,2017-11-01,validation,0.3846158587478498,ridge/3+commodity,0.4409935823101007,2.7516252434106123,0.0563777235622509
402,3,2017-12-01,validation,0.287494208559913,ridge/3+commodity,0.5566500769255348,2.7398974188114877,0.26915586836562183
402,3,2018-01-01,validation,0.4810014083784786,ridge/3+commodity,0.7760792146257701,2.7238641854345156,0.2950778062472915
402,3,2018-02-01,validation,-0.4810014083784786,ridge/3+commodity,0.9575253179953362,2.707830952057543,1.4385267263738148
402,3,2018-03-01,validation,-1.1549695279272854,ridge/3+commodity,0.950436223980146,2.691797718680569,2.1054057519074316
402,3,2018-04-01,validation,-1.2554486479262827,ridge/3+commodity,0.7468349522033604,2.675764485303597,2.002283600129643
402,3,2018-05-01,validation,-0.3864739109888937,ridge/3+commodity,0.6584703339712927,2.6597312519266225,1.0449442449601865
402,3,2018-06-01,validation,-0.1937985102678396,ridge/3+commodity,0.4408131439973262,2.6564501429044185,0.6346116542651657
402,3,2018-07-01,validation,-0.0972289818938598,ridge/3+commodity,0.34345664388630304,2.653169033882215,0.44068562578016285
402,3,2018-08-01,validation,-0.7774577547129624,ridge/3+commodity,0.5134400588717684,2.6498879248600105,1.2908978135847309
402,3,2018-09-01,validation,0.0,ridge/3+commodity,0.5169515566318154,2.646606815837807,0.5169515566318154
402,3,2018-10-01,validation,1.2566622599858412,ridge/3+commodity,0.26477754947467724,2.6433257068156024,-0.991884710511164
402,3,2018-11-01,validation,1.452810056290943,ridge/3+commodity,0.030225149245335814,2.6363099030409924,-1.4225849070456071
402,3,2018-12-01,validation,0.6766579708873621,ridge/3+commodity,0.33767450881335825,2.6292940992663825,-0.33898346207400387
402,3,2019-01-01,test,0.4791576009899323,ridge/3+commodity,0.909183927622437,2.622278295491771,0.43002632663250473
402,3,2019-02-01,test,0.5752652489450227,ridge/3+commodity,0.9993501169099811,2.615262491717161,0.42408486796495837
402,3,2019-03-01,test,0.5763704716750695,ridge/3+commodity,0.8777274289307343,2.6082466879425503,0.3013569572556648
402,3,2019-04-01,test,1.9877606676884871,ridge/3+commodity,0.8363049754573677,2.606107078419253,-1.1514556922311194
402,3,2019-05-01,test,1.2351700976537927,ridge/3+commodity,0.7616812145280347,2.603967468895956,-0.473488883125758
402,3,2019-06-01,test,0.1913876182284113,ridge/3+commodity,0.5137188940455995,2.6018278593726585,0.3223312758171881
402,3,2019-07-01,test,-1.7013642905456372,ridge/3+commodity,0.70136109305091,2.599688249849361,2.402725383596547
402,3,2019-08-01,test,-1.3308181202495106,ridge/3+commodity,0.5822593058002239,2.597548640326064,1.9130774260497345
402,3,2019-09-01,test,-0.4791576009899323,ridge/3+commodity,0.5718517173661064,2.597548640326064,1.0510093183560387
402,3,2019-10-01,test,0.0,ridge/3+commodity,0.694732280242344,2.597548640326064,0.694732280242344
402,3,2019-11-01,test,1.0471299867295336,ridge/3+commodity,0.7938861523415841,2.597548640326064,-0.2532438343879495
402,3,2019-12-01,test,1.8087118491143528,ridge/3+commodity,0.7297807969564295,2.597548640326064,-1.0789310521579232
402,3,2020-01-01,test,0.8543004021947631,ridge/3+commodity,0.5268432102778942,2.597548640326064,-0.32745719191686895
402,3,2020-02-01,test,-0.2844952132231348,ridge/3+commodity,0.23600544483439034,2.5863254807122087,0.5205006580575251
402,3,2020-03-01,test,0.4705891037413146,ridge/3+commodity,-0.4938371160738224,2.575102321098354,-0.964426219815137
402,3,2020-04-01,test,-0.7590169266675773,ridge/3+commodity,-0.798022253174153,2.5638791614844973,-0.03900532650657573
402,3,2020-05-01,test,-0.3805903737678306,ridge/3+commodity,0.09911546983276087,2.552656001870642,0.4797058436005915
402,3,2020-06-01,test,-1.038234904221813,ridge/3+commodity,0.9529599300241626,2.5414328422567856,1.9911948342459755
402,3,2020-07-01,test,0.3802285949738859,ridge/3+commodity,0.8747187104279034,2.5409860579865473,0.4944901154540175
402,3,2020-08-01,test,2.448333216546583,ridge/3+commodity,0.5680268227476871,2.540539273716309,-1.8803063937988962
402,3,2020-09-01,test,3.0829158019901826,ridge/3+commodity,0.47890947242455295,2.540092489446071,-2.6040063295656295
402,3,2020-10-01,test,4.725288485054602,ridge/3+commodity,0.7522867159420604,2.5396457051758325,-3.973001769112541
402,3,2020-11-01,test,3.113804678860443,ridge/3+commodity,1.178497129088565,2.5391989209055943,-1.935307549771878
402,3,2020-12-01,test,3.7024544936794967,ridge/3+commodity,1.395156064112414,2.5409860579865473,-2.3072984295670826
402,3,2021-01-01,test,2.5023647076152677,ridge/3+commodity,1.45461930728457,2.575102321098354,-1.0477454003306979
402,3,2021-02-01,test,3.977545971767782,ridge/3+commodity,1.2475610247162257,2.597548640326064,-2.7299849470515563
402,3,2021-03-01,test,4.76074319203823,ridge/3+commodity,1.276680511911195,2.599688249849361,-3.4840626801270353
402,3,2021-04-01,test,4.656013358166167,ridge/3+commodity,1.149548411811697,2.597548640326064,-3.5064649463544697
402,3,2021-05-01,test,5.970667591078271,ridge/3+commodity,1.1950203794284846,2.606107078419253,-4.775647211649787
402,3,2021-06-01,test,4.463550841410147,ridge/3+commodity,1.0583145417111182,2.6292940992663825,-3.4052362996990286
402,3,2021-07-01,test,5.25141158572433,ridge/3+commodity,0.8045468005856786,2.6498879248600105,-4.446864785138652
402,3,2021-08-01,test,2.8170876966695957,ridge/3+commodity,1.1464126071000396,2.675764485303597,-1.6706750895695561
402,3,2021-09-01,test,1.6834064867897958,ridge/3+commodity,1.3021219656496463,2.7398974188114877,-0.38128452114014943
402,3,2021-10-01,test,-0.3202564786874973,ridge/3+commodity,1.590108609033905,2.7868087172079834,1.9103650877214022
402,3,2021-11-01,test,0.5540180375615655,ridge/3+commodity,1.4942765722430655,2.8096672347246003,0.9402585346815
402,3,2021-12-01,test,2.8215037800459974,ridge/3+commodity,1.3121012548603705,2.805957003752102,-1.509402525185627
402,3,2022-01-01,test,6.594090542029818,ridge/3+commodity,1.411882064030823,2.8022467727796045,-5.182208477998995
402,3,2022-02-01,test,6.271167588661619,ridge/3+commodity,1.6930187690738578,2.798536541807106,-4.578148819587762
402,3,2022-03-01,test,4.23663963716292,ridge/3+commodity,1.740616049623482,2.813377465697098,-2.496023587539438
402,3,2022-04-01,test,2.6668247082161756,ridge/3+commodity,1.533670635462313,2.8197373466954367,-1.1331540727538625
402,3,2022-05-01,test,0.0741015224719809,ridge/3+commodity,1.37830839388809,2.838726191106194,1.304206871416109
402,3,2022-06-01,test,-0.4454350349380576,ridge/3+commodity,1.1822930446043833,2.9018646714279437,1.627728079542441
402,3,2022-07-01,test,-2.6668247082161756,ridge/3+commodity,1.0002914457943224,2.8645598076964873,3.6671161540104977
402,3,2022-08-01,test,-2.550775954721285,ridge/3+commodity,0.5223353282026821,2.85594860216639,3.073111282923967
402,3,2022-09-01,test,-3.0213778596496432,ridge/3+commodity,0.3101860924970107,2.8473373966362923,3.331563952146654
402,3,2022-10-01,test,-2.8170876966695957,ridge/3+commodity,0.3651652408605921,2.838726191106194,3.182252937530188
402,3,2022-11-01,test,-3.0866647980527517,ridge/3+commodity,0.5795395024636119,2.8301149855760963,3.6662043005163634
402,3,2022-12-01,test,-4.229291219025111,ridge/3+commodity,0.7905478928020933,2.8215037800459974,5.0198391118272045
402,3,2023-01-01,test,-4.0178700834514025,ridge/3+commodity,0.47982788295806966,2.820620563370717,4.497697966409472
402,3,2023-02-01,test,-1.5002255314487734,ridge/3+commodity,0.05366039614141649,2.8197373466954367,1.5538859275901897
402,3,2023-03-01,test,-0.320513094894892,ridge/3+commodity,-0.2287090790065982,2.8188541300201564,0.09180401588829379
402,3,2023-04-01,test,-0.8071068833791273,ridge/3+commodity,-0.3029769208936264,2.817970913344876,0.5041299624855009
402,3,2023-05-01,test,-3.1517760320404875,ridge/3+commodity,-0.1320246910858176,2.8170876966695957,3.01975134095467
402,3,2023-06-01,test,-3.014484873260592,ridge/3+commodity,0.13096699043223126,2.813377465697098,3.145451863692823
402,3,2023-07-01,test,-1.14100667380308,ridge/3+commodity,0.12555035755182686,2.8096672347246003,1.2665570313549068
402,3,2023-08-01,test,0.8990661296192748,ridge/3+commodity,-0.025932496346147138,2.805957003752102,-0.9249986259654219
402,3,2023-09-01,test,2.9341958284015313,ridge/3+commodity,0.1524777109505997,2.8022467727796045,-2.7817181174509313
402,3,2023-10-01,test,3.226086221822122,ridge/3+commodity,0.6404117484409486,2.798536541807106,-2.5856744733811734
402,3,2023-11-01,test,3.4389634334032415,ridge/3+commodity,0.8628416706583425,2.7868087172079834,-2.576121762744899
402,3,2023-12-01,test,3.782956987304953,ridge/3+commodity,0.9689443913021774,2.8096672347246003,-2.8140125960027755
402,3,2024-01-01,test,2.2755002993664064,ridge/3+commodity,0.9901690702561854,2.8188541300201564,-1.285331229110221
402,3,2024-02-01,test,2.637856593630872,ridge/3+commodity,1.1522833365653486,2.8301149855760963,-1.4855732570655236
402,3,2024-03-01,test,2.9716472328477295,ridge/3+commodity,1.264872433174037,2.8645598076964873,-1.7067747996736924
402,3,2024-04-01,test,2.7545735481134592,ridge/3+commodity,1.049390761360084,2.85594860216639,-1.7051827867533753
402,3,2024-05-01,test,2.2711044260215196,ridge/3+commodity,1.118179779252742,2.8473373966362923,-1.1529246467687777
402,3,2024-06-01,test,1.416348685986435,ridge/3+commodity,1.2877868818257323,2.8924142159785053,-0.12856180416070262
402,3,2024-07-01,test,3.2668086868127055,ridge/3+commodity,1.2316454629410956,2.8784870118374974,-2.03516322387161
402,3,2024-08-01,test,3.3127799312700823,ridge/3+commodity,1.431092294925173,2.8645598076964873,-1.8816876363449093
402,3,2024-09-01,test,3.4197584833556505,ridge/3+commodity,1.43285062717253,2.85594860216639,-1.9869078561831204
402,3,2024-10-01,test,3.798378507473643,ridge/3+commodity,1.366189911727481,2.9063414201195155,-2.432188595746162
402,3,2024-11-01,test,4.530144713724038,ridge/3+commodity,1.2376173430416109,2.9491763901800105,-3.292527370682427
402,3,2024-12-01,test,4.476271751596883,ridge/3+commodity,1.217445112889678,2.9875346115489356,-3.2588266387072053
402,3,2025-01-01,test,4.267681336413975,ridge/3+commodity,1.4726234950202768,3.0510841263537536,-2.7950578413936986
402,3,2025-02-01,test,4.267494802136884,ridge/3+commodity,1.5762438440673212,3.076549466862897,-2.691250958069563
402,3,2025-03-01,test,4.676870999081206,ridge/3+commodity,1.4693574636777944,3.1014491281123395,-3.207513535403412
402,3,2025-04-01,test,1.9353290061030035,ridge/3+commodity,1.50346919022942,3.147401596268349,-0.4318598158735836
402,3,2025-05-01,test,-0.8658062743114314,ridge/3+commodity,1.539524776887673,3.2034548222685904,2.4053310511991044
402,3,2025-06-01,test,-4.1992174126658455,ridge/3+commodity,1.5857813479733451,3.226086221822122,5.784998760639191
402,3,2025-07-01,test,-4.66773943355836,ridge/3+commodity,1.0459507275750888,3.220428371933739,5.7136901611334485
402,3,2025-08-01,test,-4.795439312203609,ridge/3+commodity,0.5841440961389626,3.2147705220453564,5.3795834083425715
402,3,2025-09-01,test,-4.312211905948882,ridge/3+commodity,0.05294086686891519,3.209112672156973,4.365152772817797
402,3,2025-10-01,test,-3.595734567296649,ridge/3+commodity,-0.18687474405616333,3.2034548222685904,3.4088598232404856
402,3,2025-11-01,test,-3.2088314551500297,ridge/3+commodity,-0.2836212449754304,3.197796972380207,2.9252102101745994
402,3,2025-12-01,test,-0.7132697857427317,ridge/3+commodity,-0.46055496124429585,3.180998513676255,0.25271482449843585
402,3,2026-01-01,test,-1.0826522206201616,ridge/3+commodity,-0.2894903635335202,3.1642000549723033,0.7931618570866414
402,3,2026-02-01,test,-1.092907053219072,ridge/3+commodity,0.0815404866118794,3.147401596268349,1.1744475398309515
402,3,2026-03-01,test,-3.1263905784741475,ridge/3+commodity,0.8186541742891773,3.130603137564397,3.945044752763325
402,3,2026-04-01,test,-2.647213404197668,ridge/3+commodity,0.6080558062718535,3.113804678860443,3.2552692104695216
402,3,2026-05-01,test,-0.2200220909602812,ridge/3+commodity,0.2394893943293509,3.1076269034863913,0.4595114852896321
402,4,2015-01-01,validation,-0.8633147144703202,ridge/3+commodity,-0.09213267043873441,4.911223257768268,0.7711820440315857
402,4,2015-02-01,validation,0.382775586976436,ridge/3+commodity,0.6326158620260517,4.898398140039006,0.2498402750496157
402,4,2015-03-01,validation,1.7208837680639633,ridge/3+commodity,0.6375483781258671,4.889259329924417,-1.0833353899380962
402,4,2015-04-01,validation,1.822592417801694,ridge/3+commodity,0.5045569384190205,4.880120519809825,-1.3180354793826734
402,4,2015-05-01,validation,0.6721100673077629,ridge/3+commodity,0.4495271659982716,4.870981709695235,-0.22258290130949132
402,4,2015-06-01,validation,-0.5747142255567717,ridge/3+commodity,0.31349129543647136,4.861842899580645,0.888205520993243
402,4,2015-07-01,validation,-1.2398823596854849,ridge/3+commodity,0.03539384425177339,4.852704089466053,1.2752762039372583
402,4,2015-08-01,validation,-1.4361185068128002,ridge/3+commodity,0.12161669221033655,4.834724251357941,1.5577351990231367
402,4,2015-09-01,validation,-0.8649741579483283,ridge/3+commodity,0.818492620529506,4.816744413249826,1.6834667784778343
402,4,2015-10-01,validation,-1.4514042884254508,ridge/3+commodity,0.9033548153998054,4.798764575141715,2.3547591038252564
402,4,2015-11-01,validation,-1.547419658259752,ridge/3+commodity,0.42172116550348393,4.780784737033603,1.9691408237632357
402,4,2015-12-01,validation,-0.3864739109888937,ridge/3+commodity,0.22426082649843382,4.762804898925488,0.6107347374873275
402,4,2016-01-01,validation,-0.3868476777920016,ridge/3+commodity,0.17071572914169586,4.732066063145732,0.5575634069336974
402,4,2016-02-01,validation,0.4861458286245401,ridge/3+commodity,0.5493604387888106,4.701327227365971,0.06321461016427049
402,4,2016-03-01,validation,-1.769957709940062,ridge/3+commodity,0.8966611891093923,4.670588391586215,2.666618899049454
402,4,2016-04-01,validation,-2.449902048832442,ridge/3+commodity,1.032775116848337,4.639849555806459,3.482677165680779
402,4,2016-05-01,validation,-2.5516595381823493,ridge/3+commodity,0.8523727922799816,4.609110720026699,3.404032330462331
402,4,2016-06-01,validation,-2.5541663523783953,ridge/3+commodity,1.064609527645723,4.5877622035004615,3.6187758800241183
402,4,2016-07-01,validation,-0.5970166986504211,ridge/3+commodity,1.1109223773192194,4.566413686974221,1.7079390759696405
402,4,2016-08-01,validation,0.1982161203991417,ridge/3+commodity,1.752336643108896,4.545065170447985,1.5541205227097543
402,4,2016-09-01,validation,0.4957868360786932,ridge/3+commodity,1.8919560575077212,4.523716653921747,1.396169221429028
402,4,2016-10-01,validation,0.5952398527295344,ridge/3+commodity,1.4715489700311533,4.502368137395507,0.8763091173016189
402,4,2016-11-01,validation,2.464392828374873,ridge/3+commodity,1.0401679477050634,4.488466252061017,-1.4242248806698095
402,4,2016-12-01,validation,2.638159839422194,ridge/3+commodity,1.2138684053300755,4.474564366726526,-1.4242914340921184
402,4,2017-01-01,validation,3.880215185647984,ridge/3+commodity,1.2954893155297056,4.460662481392035,-2.5847258701182785
402,4,2017-02-01,validation,3.9753174277183945,ridge/3+commodity,1.2190572903320938,4.446760596057545,-2.7562601373863007
402,4,2017-03-01,validation,1.9287000941978327,ridge/3+commodity,1.3348681567846037,4.432858710723053,-0.593831937413229
402,4,2017-04-01,validation,0.9597002641009488,ridge/3+commodity,1.4239674561661129,4.422715853362807,0.4642671920651641
402,4,2017-05-01,validation,0.0,ridge/3+commodity,1.7264932996368703,4.41257299600256,1.7264932996368703
402,4,2017-06-01,validation,-0.6676228898744085,ridge/3+commodity,1.785521395359465,4.402430138642313,2.453144285233874
402,4,2017-07-01,validation,-0.8633147144703202,ridge/3+commodity,1.7501656906069984,4.392287281282067,2.6134804050773184
402,4,2017-08-01,validation,-0.4786988557224703,ridge/3+commodity,1.683547320492207,4.382144423921819,2.162246176214677
402,4,2017-09-01,validation,-1.3410162647423896,ridge/3+commodity,1.4272519418087433,4.3761749378255566,2.7682682065511326
402,4,2017-10-01,validation,-0.287494208559913,ridge/3+commodity,0.917995906076668,4.370205451729295,1.205490114636581
402,4,2017-11-01,validation,0.6721100673077629,ridge/3+commodity,0.6110745125326196,4.364235965633032,-0.06103555477514333
402,4,2017-12-01,validation,0.0,ridge/3+commodity,0.7779226558948387,4.358266479536771,0.7779226558948387
402,4,2018-01-01,validation,0.0,ridge/3+commodity,1.067145132193394,4.352296993440508,1.067145132193394
402,4,2018-02-01,validation,-0.8674753193673723,ridge/3+commodity,1.285395751044348,4.318779793462417,2.15287107041172
402,4,2018-03-01,validation,-1.5429428564861958,ridge/3+commodity,1.2839332300126347,4.285262593484326,2.8268760864988307
402,4,2018-04-01,validation,-0.8674753193673723,ridge/3+commodity,1.030227084927331,4.251745393506231,1.8977024042947033
402,4,2018-05-01,validation,-0.5802724212567334,ridge/3+commodity,0.8622164258217494,4.21822819352814,1.442488847078483
402,4,2018-06-01,validation,-0.4852023104527703,ridge/3+commodity,0.5584564487529969,4.184710993550045,1.0436587592057673
402,4,2018-07-01,validation,-0.389484426154052,ridge/3+commodity,0.4020089589918592,4.142832280383717,0.7914933851459112
402,4,2018-08-01,validation,-0.1937985102678396,ridge/3+commodity,0.6801730661001144,4.100953567217389,0.873971576367954
402,4,2018-09-01,validation,0.9652584598009106,ridge/3+commodity,0.7101306956559243,4.0590748540510555,-0.2551277641449863
402,4,2018-10-01,validation,1.1605546120307508,ridge/3+commodity,0.32071062987666377,4.017196140884728,-0.8398439821540871
402,4,2018-11-01,validation,1.2603172153324849,ridge/3+commodity,-0.0342013095824405,3.9753174277183945,-1.2945185249149254
402,4,2018-12-01,validation,1.444416060790843,ridge/3+commodity,0.4196087911161327,3.9562969793043137,-1.0248072696747101
402,4,2019-01-01,test,0.4791576009899323,ridge/3+commodity,1.2429302427848532,3.937276530890232,0.7637726417949209
402,4,2019-02-01,test,0.3838776307166114,ridge/3+commodity,1.3695453777818236,3.918256082476149,0.9856677470652122
402,4,2019-03-01,test,2.755518757591968,ridge/3+commodity,1.170109775679194,3.899235634062068,-1.5854089819127741
402,4,2019-04-01,test,1.2351700976537927,ridge/3+commodity,1.115560211969247,3.880215185647984,-0.11960988568454578
402,4,2019-05-01,test,0.0,ridge/3+commodity,0.9567681631894188,3.81430591765659,0.9567681631894188
402,4,2019-06-01,test,0.4777839953712615,ridge/3+commodity,0.6589972272564206,3.748396649665197,0.18121323188515914
402,4,2019-07-01,test,-2.0834086902842053,ridge/3+commodity,0.9323510739367766,3.682487381673793,3.0157597642209817
402,4,2019-08-01,test,-1.714327698643725,ridge/3+commodity,0.7537745622329735,3.6165781136824,2.4681022608766985
402,4,2019-09-01,test,0.2863963771428501,ridge/3+commodity,0.744188292395316,3.5506688456909963,0.45779191525246593
402,4,2019-10-01,test,0.6650855869909655,ridge/3+commodity,0.9490757157584964,3.5434828318656924,0.2839901287675308
402,4,2019-11-01,test,1.4252022707201384,ridge/3+commodity,1.0822555341420603,3.5362968180403884,-0.34294673657807806
402,4,2019-12-01,test,1.6198543803275456,ridge/3+commodity,0.9841535895924284,3.529110804215083,-0.6357007907351172
402,4,2020-01-01,test,0.3805903737678306,ridge/3+commodity,0.6876707582672351,3.5219247903897792,0.3070803844994045
402,4,2020-02-01,test,0.8486613877319193,ridge/3+commodity,0.14708820671546063,3.5147387765644744,-0.7015731810164587
402,4,2020-03-01,test,-0.9478743954543845,ridge/3+commodity,-0.942910712129305,3.485429828987156,0.00496368332507946
402,4,2020-04-01,test,-0.8543004021947631,ridge/3+commodity,-1.1518338405127637,3.456120881409838,-0.2975334383180006
402,4,2020-05-01,test,0.0949216967332411,ridge/3+commodity,0.2773960809753442,3.426811933832515,0.18247438424210308
402,4,2020-06-01,test,-1.038234904221813,ridge/3+commodity,1.4373756489486509,3.397502986255197,2.4756105531704637
402,4,2020-07-01,test,2.3530497410193973,ridge/3+commodity,1.199645260552809,3.368194038677874,-1.1534044804665884
402,4,2020-08-01,test,3.5584278724912544,ridge/3+commodity,0.6889739090565753,3.3224549009722386,-2.869453963434679
402,4,2020-09-01,test,4.725288485054602,ridge/3+commodity,0.6067098782913998,3.276715763266603,-4.118578606763202
402,4,2020-10-01,test,5.086625824905955,ridge/3+commodity,0.9692401259644248,3.230976625560961,-4.11738569894153
402,4,2020-11-01,test,4.812549149624168,ridge/3+commodity,1.6185464866555928,3.1852374878553253,-3.1940026629685754
402,4,2020-12-01,test,4.144737390679687,ridge/3+commodity,1.91507628028708,3.368194038677874,-2.229661110392607
402,4,2021-01-01,test,4.338883311619135,ridge/3+commodity,1.9712145872955216,3.485429828987156,-2.3676687243236136
402,4,2021-02-01,test,6.459487662801955,ridge/3+commodity,1.6911267907647893,3.5362968180403884,-4.7683608720371655
402,4,2021-03-01,test,5.098296255166357,ridge/3+commodity,1.6616580065699076,3.5537724564110995,-3.4366382485964495
402,4,2021-04-01,test,7.807186195082139,ridge/3+commodity,1.4620484415473567,3.6227853351226056,-6.345137753534782
402,4,2021-05-01,test,6.9454925324443195,ridge/3+commodity,1.553147707846472,3.880215185647984,-5.392344824597847
402,4,2021-06-01,test,5.588964648852457,ridge/3+commodity,1.393351544914685,3.9562969793043137,-4.195613103937772
402,4,2021-07-01,test,5.968260533585568,ridge/3+commodity,0.9569100310776358,4.0769694054951735,-5.0113505025079315
402,4,2021-08-01,test,2.658231428155844,ridge/3+commodity,1.4350310553012122,4.16072683182783,-1.2232003728546317
402,4,2021-09-01,test,0.805157328754813,ridge/3+commodity,1.6785063747025983,4.2155454571638655,0.8733490459477853
402,4,2021-10-01,test,1.2708669854228027,ridge/3+commodity,2.0340576483596067,4.338883311619135,0.7631906629368039
402,4,2021-11-01,test,2.6626475115322457,ridge/3+commodity,1.9283913214005222,4.349614257076233,-0.7342561901317235
402,4,2021-12-01,test,5.715841383994835,ridge/3+commodity,1.679178573850809,4.3469315207119585,-4.036662810144026
402,4,2022-01-01,test,7.862291052771919,ridge/3+commodity,1.8980548692367725,4.344248784347684,-5.964236183535147
402,4,2022-02-01,test,6.3452691111336,ridge/3+commodity,2.3336099484382187,4.3415660479834095,-4.0116591626953815
402,4,2022-03-01,test,5.561162312165013,ridge/3+commodity,2.322832533092868,4.338883311619135,-3.2383297790721453
402,4,2022-04-01,test,1.3423020332140825,ridge/3+commodity,1.9934552522059164,4.349614257076233,0.6511532189918339
402,4,2022-05-01,test,-0.3713335124660766,ridge/3+commodity,1.7835658043938987,4.370205451729295,2.154899316859975
402,4,2022-06-01,test,-1.3423020332140825,ridge/3+commodity,1.483213788557212,4.402430138642313,2.825515821771295
402,4,2022-07-01,test,-3.8752986297233782,ridge/3+commodity,1.1820175916886813,4.446760596057545,5.0573162214120595
402,4,2022-08-01,test,-3.466812894587701,ridge/3+commodity,0.6134065678547056,4.432858710723053,4.080219462442407
402,4,2022-09-01,test,-3.713954694945621,ridge/3+commodity,0.3259522095797228,4.422715853362807,4.039906904525344
402,4,2022-10-01,test,-4.295138719559954,ridge/3+commodity,0.43015078093994763,4.41257299600256,4.725289500499902
402,4,2022-11-01,test,-5.145328158891527,ridge/3+commodity,0.7536978123292615,4.402430138642313,5.899025971220788
402,4,2022-12-01,test,-4.71044691874738,ridge/3+commodity,1.07504519453549,4.392287281282067,5.78549211328287
402,4,2023-01-01,test,-2.978276554339132,ridge/3+commodity,0.7312995904381342,4.382144423921819,3.7095761447772664
402,4,2023-02-01,test,-2.379176455733667,ridge/3+commodity,0.1042012268389676,4.3761749378255566,2.483377682572635
402,4,2023-03-01,test,-1.288262583101396,ridge/3+commodity,-0.2809110214161039,4.370205451729295,1.0073515616852922
402,4,2023-04-01,test,-2.112182502928217,ridge/3+commodity,-0.3655345054267629,4.364235965633032,1.7466479975014542
402,4,2023-05-01,test,-3.893435797545486,ridge/3+commodity,-0.11956318515278541,4.358266479536771,3.7738726123927004
402,4,2023-06-01,test,-2.108756162009584,ridge/3+commodity,0.15971657558436292,4.352296993440508,2.268472737593947
402,4,2023-07-01,test,-0.406009489929815,ridge/3+commodity,0.1974644838660502,4.349614257076233,0.6034739737958652
402,4,2023-08-01,test,2.192536062896533,ridge/3+commodity,0.017506049096837284,4.3469315207119585,-2.1750300137996956
402,4,2023-09-01,test,4.13181493307313,ridge/3+commodity,0.22569633758104402,4.344248784347684,-3.906118595492086
402,4,2023-10-01,test,4.1739606172765065,ridge/3+commodity,0.8040169796962056,4.3415660479834095,-3.3699436375803007
402,4,2023-11-01,test,5.076426920582211,ridge/3+commodity,1.1459105678756467,4.338883311619135,-3.9305163527065643
402,4,2023-12-01,test,3.4731194040380053,ridge/3+commodity,1.311083602652083,4.308048848005319,-2.1620358013859224
402,4,2024-01-01,test,3.585730989085256,ridge/3+commodity,1.3364138533979837,4.2772143843915025,-2.249317135687272
402,4,2024-02-01,test,4.609110720026699,ridge/3+commodity,1.5000006155416017,4.246379920777682,-3.1091101044850973
402,4,2024-03-01,test,2.4447359648465117,ridge/3+commodity,1.654075492861627,4.3415660479834095,-0.7906604719848846
402,4,2024-04-01,test,3.5813351157403694,ridge/3+commodity,1.3156126772354133,4.338883311619135,-2.265722438504956
402,4,2024-05-01,test,3.387602812382262,ridge/3+commodity,1.4371896186399797,4.308048848005319,-1.9504131937422824
402,4,2024-06-01,test,2.7398974188114877,ridge/3+commodity,1.6740941169167052,4.3469315207119585,-1.0658033018947826
402,4,2024-07-01,test,4.1395414988969925,ridge/3+commodity,1.5922076288534615,4.344248784347684,-2.547333870043531
402,4,2024-08-01,test,4.536256869716393,ridge/3+commodity,1.900670836676889,4.3415660479834095,-2.635586033039504
402,4,2024-09-01,test,5.121927240298696,ridge/3+commodity,1.9604050585155464,4.338883311619135,-3.1615221817831496
402,4,2024-10-01,test,5.402877525808325,ridge/3+commodity,1.8284409868562044,4.308048848005319,-3.5744365389521207
402,4,2024-11-01,test,5.699748690043194,ridge/3+commodity,1.5647129171155376,4.2772143843915025,-4.135035772927656
402,4,2024-12-01,test,5.969850093357021,ridge/3+commodity,1.5757740875783537,4.344248784347684,-4.394076005778667
402,4,2025-01-01,test,5.871993820471566,ridge/3+commodity,1.9138740517134365,4.358266479536771,-3.9581197687581295
402,4,2025-02-01,test,5.846474975400362,ridge/3+commodity,2.0445758622658383,4.382144423921819,-3.8018991131345237
402,4,2025-03-01,test,3.4289073478631416,ridge/3+commodity,1.8931904419061245,4.422715853362807,-1.535716905957017
402,4,2025-04-01,test,0.7385062097461592,ridge/3+commodity,1.9197758135417837,4.474564366726527,1.1812696037956245
402,4,2025-05-01,test,-2.6202372394023676,ridge/3+commodity,2.028481819684731,4.5159236303238615,4.648719059087099
402,4,2025-06-01,test,-5.915703084776425,ridge/3+commodity,2.1008414858328455,4.550827639778455,8.01654457060927
402,4,2025-07-01,test,-5.992262108560453,ridge/3+commodity,1.350226443521559,4.536256869716393,7.3424885520820125
402,4,2025-08-01,test,-6.066642871039818,ridge/3+commodity,0.7404283187060587,4.529479123252216,6.807071189745876
402,4,2025-09-01,test,-5.312220239407228,ridge/3+commodity,0.08736280306898991,4.5227013767880395,5.399583042476218
402,4,2025-10-01,test,-4.533354130152123,ridge/3+commodity,-0.2562230265368268,4.5159236303238615,4.277131103615297
402,4,2025-11-01,test,-1.9844733445789409,ridge/3+commodity,-0.3594798995690125,4.509145883859685,1.6249934450099284
402,4,2025-12-01,test,-2.082660554078508,ridge/3+commodity,-0.5280732768925129,4.502368137395507,1.5545872771859952
402,4,2026-01-01,test,-2.030526616074546,ridge/3+commodity,-0.2630315703289239,4.488466252061017,1.7674950457456222
402,4,2026-02-01,test,-1.902032467903059,ridge/3+commodity,0.28060934165570917,4.474564366726527,2.182641809558768
402,4,2026-03-01,test,-4.0166041725334445,ridge/3+commodity,1.1911725975649168,4.460662481392035,5.207776770098361
402,4,2026-04-01,test,-1.1678964864146657,ridge/3+commodity,0.8418352746150344,4.446760596057545,2.0097317610297
402,5,2015-01-01,validation,0.0,ridge/3+commodity,-0.052867231309636775,5.78851687937883,-0.052867231309636775
402,5,2015-02-01,validation,1.1439590909394504,ridge/3+commodity,0.8501054526165998,5.767111190928757,-0.2938536383228506
402,5,2015-03-01,validation,1.4361185068128002,ridge/3+commodity,0.8575663881831823,5.745705502478682,-0.5785521186296179
402,5,2015-04-01,validation,1.1549695279272854,ridge/3+commodity,0.695507525839823,5.723253894283521,-0.45946200208746235
402,5,2015-05-01,validation,0.2886004889135485,ridge/3+commodity,0.5699383761966382,5.700802286088357,0.2813378872830897
402,5,2015-06-01,validation,-0.4786988557224703,ridge/3+commodity,0.35480009704847504,5.678350677893197,0.8334989527709453
402,5,2015-07-01,validation,-1.7208837680639633,ridge/3+commodity,-0.03358984208779914,5.655899069698036,1.6872939259761641
402,5,2015-08-01,validation,-1.5325970478227369,ridge/3+commodity,0.11162707630424307,5.633447461502872,1.64422412412698
402,5,2015-09-01,validation,-1.8349138668196652,ridge/3+commodity,1.004640429278151,5.5991796588068095,2.839554296097816
402,5,2015-10-01,validation,-1.4514042884254508,ridge/3+commodity,1.1044608371944618,5.564911856110743,2.5558651256199125
402,5,2015-11-01,validation,-0.8674753193673723,ridge/3+commodity,0.49476052880605903,5.53064405341468,1.3622358481734314
402,5,2015-12-01,validation,-0.4833262188019382,ridge/3+commodity,0.25839361655527093,5.496376250718618,0.7417198353572092
402,5,2016-01-01,validation,-0.4837938802467967,ridge/3+commodity,0.24930315444155404,5.462108448022551,0.7330970346883507
402,5,2016-02-01,validation,-1.769957709940062,ridge/3+commodity,0.7710019197988011,5.4156767464750315,2.5409596297388632
402,5,2016-03-01,validation,-1.769957709940062,ridge/3+commodity,1.1797761278745162,5.3692450449275055,2.9497338378145783
402,5,2016-04-01,validation,-2.648511845995394,ridge/3+commodity,1.3221906527255842,5.322813343379985,3.970702498720978
402,5,2016-05-01,validation,-2.6511125548331904,ridge/3+commodity,1.0866425882678707,5.276381641832465,3.737755143101061
402,5,2016-06-01,validation,-2.8531202372150233,ridge/3+commodity,1.3263454655646025,5.229949940284939,4.179465702779626
402,5,2016-07-01,validation,0.1982161203991417,ridge/3+commodity,1.4420836151625394,5.216662278261222,1.2438674947633976
402,5,2016-08-01,validation,0.2971770389157413,ridge/3+commodity,2.226674532395385,5.203374616237504,1.9294974934796438
402,5,2016-09-01,validation,0.4957868360786932,ridge/3+commodity,2.381431026127747,5.190086954213786,1.885644190049054
402,5,2016-10-01,validation,2.165438943538245,ridge/3+commodity,1.8292578506038921,5.176799292190069,-0.3361810929343527
402,5,2016-11-01,validation,3.4333926584717567,ridge/3+commodity,1.321653332168231,5.163511630166351,-2.1117393263035256
402,5,2016-12-01,validation,3.979176104164583,ridge/3+commodity,1.5204334422525014,5.160739819476579,-2.4587426619120816
402,5,2017-01-01,validation,3.9753174277183945,ridge/3+commodity,1.624881874154184,5.157968008786806,-2.3504355535642105
402,5,2017-02-01,validation,3.498899185006543,ridge/3+commodity,1.523095793538552,5.155196198097034,-1.975803391467991
402,5,2017-03-01,validation,1.9287000941978327,ridge/3+commodity,1.6449829322880516,5.152424387407262,-0.28371716190978113
402,5,2017-04-01,validation,1.3410162647423896,ridge/3+commodity,1.7459544888997303,5.149652576717489,0.4049382241573407
402,5,2017-05-01,validation,-0.5725206478039979,ridge/3+commodity,2.0902122288990768,5.126005411622129,2.6627328767030747
402,5,2017-06-01,validation,-1.3397329571821714,ridge/3+commodity,2.1979632545802517,5.1023582465267685,3.537696211762423
402,5,2017-07-01,validation,-0.4786988557224703,ridge/3+commodity,2.189534315949204,5.078711081431405,2.668233171671674
402,5,2017-08-01,validation,-0.9597002641009488,ridge/3+commodity,2.1193808630523003,5.055063916336044,3.079081127153249
402,5,2017-09-01,validation,-0.860014856363911,ridge/3+commodity,1.7910227704027475,5.03141675124068,2.6510376267666587
402,5,2017-10-01,validation,0.0,ridge/3+commodity,1.1788918952052498,5.026875731265523,1.1788918952052498
402,5,2017-11-01,validation,0.3846158587478498,ridge/3+commodity,0.8127695327750293,5.022334711290367,0.42815367402717946
402,5,2017-12-01,validation,-0.4810014083784786,ridge/3+commodity,1.0186617971502603,5.017793691315209,1.4996632055287389
402,5,2018-01-01,validation,-0.3864739109888937,ridge/3+commodity,1.3762773819629157,5.013252671340052,1.7627512929518094
402,5,2018-02-01,validation,-1.2554486479262827,ridge/3+commodity,1.6243994657210337,5.008711651364894,2.8798481136473164
402,5,2018-03-01,validation,-1.1549695279272854,ridge/3+commodity,1.6224678268200476,5.007616796062759,2.7774373547473328
402,5,2018-04-01,validation,-1.061273829635212,ridge/3+commodity,1.3050775008853437,5.006521940760624,2.3663513305205557
402,5,2018-05-01,validation,-0.871676221441664,ridge/3+commodity,1.0678682762283,5.005427085458489,1.939544497669964
402,5,2018-06-01,validation,-0.7774577547129624,ridge/3+commodity,0.687206645136761,5.004332230156354,1.4646643998497235
402,5,2018-07-01,validation,0.1941748182910707,ridge/3+commodity,0.49808132544374617,5.003237374854219,0.3039065071526755
402,5,2018-08-01,validation,0.771459949533071,ridge/3+commodity,0.8639171549813836,4.9822695278911775,0.0924572054483126
402,5,2018-09-01,validation,0.8691508118458202,ridge/3+commodity,0.9142228978401735,4.961301680928137,0.045072085994353306
402,5,2018-10-01,validation,0.9680617710722929,ridge/3+commodity,0.38856829606789856,4.940333833965092,-0.5794934750043943
402,5,2018-11-01,validation,2.0280753052359657,ridge/3+commodity,-0.043863721868985905,4.919365987002051,-2.0719390271049516
402,5,2018-12-01,validation,1.444416060790843,ridge/3+commodity,0.5456136773845662,4.898398140039006,-0.8988023834062767
402,5,2019-01-01,test,0.287769982761521,ridge/3+commodity,1.5643131397738617,4.892882518340116,1.2765431570123407
402,5,2019-02-01,test,2.56302591663351,ridge/3+commodity,1.7177669975415584,4.887366896641226,-0.8452589190919517
402,5,2019-03-01,test,2.0029281875572735,ridge/3+commodity,1.4642315918445017,4.881851274942335,-0.5386965957127718
402,5,2019-04-01,test,0.0,ridge/3+commodity,1.3692767463213316,4.876335653243445,1.3692767463213316
402,5,2019-05-01,test,0.2863963771428501,ridge/3+commodity,1.167887542640599,4.870820031544554,0.8814911654977489
402,5,2019-06-01,test,0.0957395956326934,ridge/3+commodity,0.8298938267629683,4.863027570651806,0.7341542311302749
402,5,2019-07-01,test,-2.4669182686784197,ridge/3+commodity,1.1184266929153528,4.855235109759058,3.5853449615937727
402,5,2019-08-01,test,-0.9487737205109426,ridge/3+commodity,0.9473843641858569,4.847442648866309,1.8961580846967996
402,5,2019-09-01,test,0.9514819641338156,ridge/3+commodity,0.9567348974803063,4.839650187973562,0.005252933346490685
402,5,2019-10-01,test,1.0431578709815703,ridge/3+commodity,1.2082996783921254,4.831857727080813,0.16514180741055506
402,5,2019-11-01,test,1.2363448019333312,ridge/3+commodity,1.3900588269865273,4.781139043774199,0.1537140250531961
402,5,2019-12-01,test,1.1461443519006131,ridge/3+commodity,1.2499688132949538,4.730420360467585,0.10382446139434065
402,5,2020-01-01,test,1.5137469747228849,ridge/3+commodity,0.8336363396372274,4.679701677160965,-0.6801106350856575
402,5,2020-02-01,test,-0.5698021114637797,ridge/3+commodity,0.05951123444413953,4.628982993854351,0.6293133459079192
402,5,2020-03-01,test,-1.0431578709815703,ridge/3+commodity,-1.306154720586563,4.5782643105477305,-0.2629968496049926
402,5,2020-04-01,test,-0.3787883316936913,ridge/3+commodity,-1.3679418125968448,4.539040333222551,-0.9891534809031535
402,5,2020-05-01,test,0.0949216967332411,ridge/3+commodity,0.4612887819894237,4.49981635589737,0.36636708525618256
402,5,2020-06-01,test,0.9345862418236984,ridge/3+commodity,1.8154511913710416,4.460592378572184,0.8808649495473432
402,5,2020-07-01,test,3.4631443969640685,ridge/3+commodity,1.5283589876427923,4.421368401247005,-1.9347854093212762
402,5,2020-08-01,test,5.2008005555556736,ridge/3+commodity,0.8406465868866781,4.382144423921819,-4.360153968668995
402,5,2020-09-01,test,5.086625824905955,ridge/3+commodity,0.6854858593483941,4.333859321420486,-4.401139965557561
402,5,2020-10-01,test,6.785370295669679,ridge/3+commodity,1.219234635861364,4.2855742189191535,-5.566135659808316
402,5,2020-11-01,test,5.254832046624358,ridge/3+commodity,1.9996423299535184,4.237289116417815,-3.2551897166708397
402,5,2020-12-01,test,5.981255994683554,ridge/3+commodity,2.362729324572072,4.189004013916482,-3.618526670111482
402,5,2021-01-01,test,6.820825002653308,ridge/3+commodity,2.407939292519168,4.382144423921819,-4.41288571013414
402,5,2021-02-01,test,6.797040725930081,ridge/3+commodity,2.0543224867784287,4.539040333222551,-4.742718239151653
402,5,2021-03-01,test,8.249469092082329,ridge/3+commodity,1.9595971920417679,4.730420360467585,-6.289871900040561
402,5,2021-04-01,test,8.782011136448187,ridge/3+commodity,1.7264620160861155,4.847442648866309,-7.0555491203620715
402,5,2021-05-01,test,8.07090633988663,ridge/3+commodity,1.8373731114082972,4.876335653243445,-6.233533228478333
402,5,2021-06-01,test,6.305813596713694,ridge/3+commodity,1.5890181244179868,4.898398140039006,-4.716795472295708
402,5,2021-07-01,test,5.809404265071816,ridge/3+commodity,1.0384553987208298,4.9822695278911775,-4.770948866350986
402,5,2021-08-01,test,1.7799822701208612,ridge/3+commodity,1.5849417954423388,5.006521940760624,-0.19504047467852237
402,5,2021-09-01,test,2.396280792865113,ridge/3+commodity,1.9486585934277156,5.017793691315209,-0.44762219943739745
402,5,2021-10-01,test,3.379496459393483,ridge/3+commodity,2.4057641871778586,5.042458565973736,-0.9737322722156243
402,5,2021-11-01,test,5.556985115481083,ridge/3+commodity,2.2804123974415726,5.086625824905955,-3.276572718039511
402,5,2021-12-01,test,6.9840418947369365,ridge/3+commodity,2.0391361473944554,5.137047226355183,-4.944905747342482
402,5,2022-01-01,test,7.9363925752439,ridge/3+commodity,2.382510718174464,5.124441875992877,-5.553881857069436
402,5,2022-02-01,test,7.669791786135693,ridge/3+commodity,2.9119323381729556,5.111836525630569,-4.757859447962737
402,5,2022-03-01,test,4.23663963716292,ridge/3+commodity,2.7966856568788883,5.099231175268263,-1.4399539802840318
402,5,2022-04-01,test,0.8968669982760247,ridge/3+commodity,2.32074554057807,5.149652576717489,1.4238785423020452
402,5,2022-05-01,test,-1.2682005107421013,ridge/3+commodity,2.0757394779592353,5.160739819476579,3.3439399887013366
402,5,2022-06-01,test,-2.550775954721285,ridge/3+commodity,1.7240666225131729,5.185884985399945,4.274842577234458
402,5,2022-07-01,test,-4.791335569589794,ridge/3+commodity,1.314363930332516,5.21246030944738,6.10569949992231
402,5,2022-08-01,test,-4.159389729883678,ridge/3+commodity,0.7045355841214788,5.206630432501528,4.863925314005157
402,5,2022-09-01,test,-5.192005717835979,ridge/3+commodity,0.37485215660307136,5.2008005555556736,5.566857874439051
402,5,2022-10-01,test,-6.353802080398729,ridge/3+commodity,0.539513588521361,5.193342770477809,6.89331566892009
402,5,2022-11-01,test,-5.6264838586137955,ridge/3+commodity,0.9979564776939641,5.185884985399945,6.624440336307759
402,5,2022-12-01,test,-3.670853389635109,ridge/3+commodity,1.4582629096794344,5.17842720032208,5.129116299314544
402,5,2023-01-01,test,-3.8572274786240257,ridge/3+commodity,1.039533374726887,5.170969415244216,4.896760853350912
402,5,2023-02-01,test,-3.346925943940171,ridge/3+commodity,0.2121247083221509,5.163511630166351,3.559050652262322
402,5,2023-03-01,test,-2.593338202650486,ridge/3+commodity,-0.22261750914803047,5.160739819476579,2.3707206935024554
402,5,2023-04-01,test,-2.853842268433215,ridge/3+commodity,-0.34899708250783057,5.157968008786806,2.5048451859253844
402,5,2023-05-01,test,-2.9877070862944777,ridge/3+commodity,-0.09361198622796563,5.155196198097034,2.894095100066512
402,5,2023-06-01,test,-1.373758978136319,ridge/3+commodity,0.25159393849057365,5.152424387407262,1.6253529166268927
402,5,2023-07-01,test,0.8874604433474431,ridge/3+commodity,0.31827545455562456,5.149652576717489,-0.5691849887918186
402,5,2023-08-01,test,3.390155167568132,ridge/3+commodity,0.09385157478618544,5.137047226355183,-3.296303592781946
402,5,2023-09-01,test,5.079689328527515,ridge/3+commodity,0.3188104090197683,5.124441875992877,-4.760878919507746
402,5,2023-10-01,test,5.811424104455476,ridge/3+commodity,0.9913733044484849,5.111836525630569,-4.820050800006991
402,5,2023-11-01,test,4.7665893373152635,ridge/3+commodity,1.43945514769041,5.099231175268263,-3.3271341896248536
402,5,2023-12-01,test,4.783350093756855,ridge/3+commodity,1.6319952139442007,5.086625824905955,-3.1513548798126543
402,5,2024-01-01,test,5.556985115481083,ridge/3+commodity,1.618972731642629,5.075584010172901,-3.9380123838384544
402,5,2024-02-01,test,4.082199452025481,ridge/3+commodity,1.78589570380158,5.083851226354579,-2.2963037482239015
402,5,2024-03-01,test,3.271497532473422,ridge/3+commodity,1.961861182007139,5.111836525630569,-1.309636350466283
402,5,2024-04-01,test,4.697833502101112,ridge/3+commodity,1.5550717363595612,5.099231175268263,-3.1427617657415508
402,5,2024-05-01,test,4.711151545207315,ridge/3+commodity,1.7199380485412892,5.086625824905955,-2.9912134966660258
402,5,2024-06-01,test,3.6126302308957743,ridge/3+commodity,2.0002647765056127,5.137047226355183,-1.6123654543901615
402,5,2024-07-01,test,5.363018437343303,ridge/3+commodity,1.964104184585697,5.124441875992877,-3.3989142527576064
402,5,2024-08-01,test,6.2384256266594384,ridge/3+commodity,2.3708947802781797,5.111836525630569,-3.8675308463812588
402,5,2024-09-01,test,6.726426258633378,ridge/3+commodity,2.4600379446519436,5.099231175268263,-4.266388313981434
402,5,2024-10-01,test,6.572481502127481,ridge/3+commodity,2.225365032517515,5.086625824905955,-4.347116469609966
402,5,2024-11-01,test,7.1933270318033316,ridge/3+commodity,1.840232087112129,5.085238525630267,-5.353094944691202
402,5,2024-12-01,test,7.5741625774146115,ridge/3+commodity,1.8734429541588575,5.124441875992877,-5.700719623255754
402,5,2025-01-01,test,7.450973993735044,ridge/3+commodity,2.2726886895126426,5.155196198097034,-5.178285304222401
402,5,2025-02-01,test,4.598511324182297,ridge/3+commodity,2.442501741990187,5.170969415244216,-2.15600958219211
402,5,2025-03-01,test,2.232084551506297,ridge/3+commodity,2.2555772039605104,5.2008005555556736,0.023492652454213392
402,5,2025-04-01,test,-1.015924755344777,ridge/3+commodity,2.2904464721074005,5.224120063339086,3.3063712274521775
402,5,2025-05-01,test,-4.336722911512947,ridge/3+commodity,2.469867838282697,5.244879204088591,6.806590749795644
402,5,2025-06-01,test,-7.240225759778518,ridge/3+commodity,2.545378260981846,5.298106602911937,9.785604020760363
402,5,2025-07-01,test,-7.263465667396662,ridge/3+commodity,1.661422410961451,5.276469324768149,8.924888078358114
402,5,2025-08-01,test,-7.066651204498164,ridge/3+commodity,0.9552712229631235,5.254832046624358,8.021922427461288
402,5,2025-09-01,test,-6.249839802262702,ridge/3+commodity,0.18933837752770843,5.249855625356474,6.43917817979041
402,5,2025-10-01,test,-3.308996019581034,ridge/3+commodity,-0.23246018577692595,5.244879204088591,3.076535833804108
402,5,2025-11-01,test,-3.3538641129147173,ridge/3+commodity,-0.3200941025143893,5.239902782820707,3.0337700104003282
402,5,2025-12-01,test,-3.0305349495328926,ridge/3+commodity,-0.473169055487938,5.234926361552823,2.5573658940449544
402,5,2026-01-01,test,-2.8396520307585327,ridge/3+commodity,-0.14792858030317269,5.229949940284939,2.6917234504553598
402,5,2026-02-01,test,-2.7922460619623557,ridge/3+commodity,0.5318759240626938,5.224120063339086,3.3241219860250495
402,5,2026-03-01,test,-2.537287254750442,ridge/3+commodity,1.5183029950847347,5.218290186393234,4.055590249835177
402,6,2015-01-01,validation,0.7611835039630144,ridge/3+commodity,0.07588720492409085,6.9317346375759925,-0.6852962990389235
402,6,2015-02-01,validation,0.8591938296882873,ridge/3+commodity,1.0808437333264438,6.9256668078621075,0.2216499036381565
402,6,2015-03-01,validation,0.7684956169383916,ridge/3+commodity,1.1086966680274157,6.9195989781482234,0.3402010510890241
402,6,2015-04-01,validation,0.771459949533071,ridge/3+commodity,0.9237264963375083,6.913531148434338,0.1522665468044373
402,6,2015-05-01,validation,0.3846158587478498,ridge/3+commodity,0.7095052747478927,6.887276845522694,0.3248894160000429
402,6,2015-06-01,validation,-0.9597002641009488,ridge/3+commodity,0.43968703391874975,6.861022542611045,1.3993872980196986
402,6,2015-07-01,validation,-1.8173623090739,ridge/3+commodity,-0.0372741719409444,6.834768239699401,1.7800881371329556
402,6,2015-08-01,validation,-2.5025367566940737,ridge/3+commodity,0.1629747252267355,6.808513936787757,2.6655114819208094
402,6,2015-09-01,validation,-1.8349138668196652,ridge/3+commodity,1.1912130872876079,6.782259633876109,3.026126954107273
402,6,2015-10-01,validation,-0.771459949533071,ridge/3+commodity,1.3055514421707564,6.769068603298401,2.0770113917038273
402,6,2015-11-01,validation,-0.9643276271804168,ridge/3+commodity,0.6341526170398368,6.755877572720692,1.5984802442202537
402,6,2015-12-01,validation,-0.5802724212567334,ridge/3+commodity,0.363293727732489,6.742686542142984,0.9435661489892224
402,6,2016-01-01,validation,-2.739897418811399,ridge/3+commodity,0.3822278805731143,6.729495511565276,3.122125299384513
402,6,2016-02-01,validation,-1.769957709940062,ridge/3+commodity,1.008869223328739,6.716304480987567,2.7788269332688014
402,6,2016-03-01,validation,-1.968567507103014,ridge/3+commodity,1.4737972582212524,6.7132577904492585,3.4423647653242666
402,6,2016-04-01,validation,-2.747964862646235,ridge/3+commodity,1.6141580731118208,6.71021109991095,4.362122935758055
402,6,2016-05-01,validation,-2.9500664396698184,ridge/3+commodity,1.3207203620046584,6.707164409372641,4.270786801674477
402,6,2016-06-01,validation,-2.0578874181654605,ridge/3+commodity,1.6082962357722204,6.704117718834333,3.666183653937681
402,6,2016-07-01,validation,0.2971770389157413,ridge/3+commodity,1.7932128332349828,6.701071028296024,1.4960357943192415
402,6,2016-08-01,validation,0.2971770389157413,ridge/3+commodity,2.70424678069804,6.690336391986183,2.4070697417822986
402,6,2016-09-01,validation,2.0659859268874037,ridge/3+commodity,2.8652252217021674,6.679601755676341,0.7992392948147637
402,6,2016-10-01,validation,3.1344387736351287,ridge/3+commodity,2.1799286525266073,6.6688671193664995,-0.9545101211085214
402,6,2016-11-01,validation,4.774408923214146,ridge/3+commodity,1.6137130006199867,6.658132483056659,-3.1606959225941598
402,6,2016-12-01,validation,4.074278346234994,ridge/3+commodity,1.7996517041824203,6.647397846746816,-2.274626642052574
402,6,2017-01-01,validation,3.498899185006543,ridge/3+commodity,1.9536651076167257,6.523957365996072,-1.5452340773898174
402,6,2017-02-01,validation,3.498899185006543,ridge/3+commodity,1.849746489342635,6.40051688524531,-1.6491526956639082
402,6,2017-03-01,validation,2.3100160948392734,ridge/3+commodity,1.9641720810414673,6.277076404494565,-0.34584401379780605
402,6,2017-04-01,validation,0.7684956169383916,ridge/3+commodity,2.0679114690880125,6.1536359237438205,1.2994158521496209
402,6,2017-05-01,validation,-1.2446307151117608,ridge/3+commodity,2.4480851876903946,6.030195442993058,3.6927159028021554
402,6,2017-06-01,validation,-0.9551170984343216,ridge/3+commodity,2.6043368635769077,5.994703143340258,3.5594539620112293
402,6,2017-07-01,validation,-0.9597002641009488,ridge/3+commodity,2.594370500500601,5.959210843687459,3.55407076460155
402,6,2017-08-01,validation,-0.4786988557224703,ridge/3+commodity,2.5314877895024877,5.923718544034654,3.010186645224958
402,6,2017-09-01,validation,-0.5725206478039979,ridge/3+commodity,2.130160925283864,5.888226244381854,2.7026815730878617
402,6,2017-10-01,validation,-0.287494208559913,ridge/3+commodity,1.4287417003884355,5.852733944729049,1.7162359089483485
402,6,2017-11-01,validation,-0.0963855496306287,ridge/3+commodity,1.0185882662237247,5.8521112894154115,1.1149738158543534
402,6,2017-12-01,validation,-0.8674753193673723,ridge/3+commodity,1.2651615222804313,5.851488634101774,2.1326368416478036
402,6,2018-01-01,validation,-0.7744472395478041,ridge/3+commodity,1.6980908348322752,5.850865978788136,2.472538074380079
402,6,2018-02-01,validation,-0.8674753193673723,ridge/3+commodity,1.9884333442887239,5.850243323474498,2.855908663656096
402,6,2018-03-01,validation,-1.348768038195125,ridge/3+commodity,1.964847573582626,5.84962066816086,3.313615611777751
402,6,2018-04-01,validation,-1.3526776298201426,ridge/3+commodity,1.5723935892227077,5.786698436191994,2.9250712190428505
402,6,2018-05-01,validation,-1.163931665701856,ridge/3+commodity,1.2623287788035986,5.723776204223128,2.4262604445054547
402,6,2018-06-01,validation,-0.1937985102678396,ridge/3+commodity,0.8120300048237312,5.6608539722542535,1.005828515091571
402,6,2018-07-01,validation,1.1594332780919814,ridge/3+commodity,0.5771406605086999,5.597931740285388,-0.5822926175832814
402,6,2018-08-01,validation,0.6753523015779805,ridge/3+commodity,1.047602996764379,5.535009508316513,0.3722506951863984
402,6,2018-09-01,validation,0.6766579708873621,ridge/3+commodity,1.1193808713490276,5.485056770219415,0.4427229004616655
402,6,2018-10-01,validation,1.7358198609757736,ridge/3+commodity,0.486214251003675,5.435104032122316,-1.2496056099720985
402,6,2018-11-01,validation,2.0280753052359657,ridge/3+commodity,0.002976727330458395,5.385151294025212,-2.0250985779055073
402,6,2018-12-01,validation,1.2530284425624316,ridge/3+commodity,0.6943357582767645,5.335198555928113,-0.5586926842856671
402,6,2019-01-01,test,2.4669182686784197,ridge/3+commodity,1.8960838113753484,5.285245817831008,-0.5708344573030713
402,6,2019-02-01,test,1.8104353465988152,ridge/3+commodity,2.0797099160283805,5.274186642321795,0.2692745694295653
402,6,2019-03-01,test,0.7677580899034808,ridge/3+commodity,1.7554387659979478,5.263127466812581,0.987680676094467
402,6,2019-04-01,test,0.2863963771428501,ridge/3+commodity,1.6070057716229338,5.252068291303367,1.3206093944800836
402,6,2019-05-01,test,-0.0956480225957179,ridge/3+commodity,1.3668280911151722,5.241009115794154,1.4624761137108901
402,6,2019-06-01,test,-0.287769982761521,ridge/3+commodity,1.0330239470780884,5.229949940284939,1.3207939298396094
402,6,2019-07-01,test,-1.7013642905456372,ridge/3+commodity,1.3294047415679644,5.165752156158415,3.030769032113602
402,6,2019-08-01,test,-0.283688133519977,ridge/3+commodity,1.1492692522152272,5.101554372031892,1.4329573857352043
402,6,2019-09-01,test,1.3295542481244205,ridge/3+commodity,1.1684515151772943,5.037356587905359,-0.16110273294712618
402,6,2019-10-01,test,0.8543004021947631,ridge/3+commodity,1.4783604377686856,4.973158803778835,0.6240600355739225
402,6,2019-11-01,test,0.7626347735063987,ridge/3+commodity,1.6764996789741486,4.908961019652303,0.9138649054677499
402,6,2019-12-01,test,2.2793009528556674,ridge/3+commodity,1.5128298767500932,4.882050600364673,-0.7664710761055742
402,6,2020-01-01,test,0.0952834755271858,ridge/3+commodity,1.002477651994301,4.855140181077043,0.9071941764671152
402,6,2020-02-01,test,-0.6650855869909655,ridge/3+commodity,0.019972259407512905,4.82822976178941,0.6850578463984784
402,6,2020-03-01,test,-0.5676458004804985,ridge/3+commodity,-1.5440170939576672,4.80131934250178,-0.9763712934771687
402,6,2020-04-01,test,-0.3787883316936913,ridge/3+commodity,-1.5019705752399717,4.774408923214146,-1.1231822435462804
402,6,2020-05-01,test,2.0677428427787525,ridge/3+commodity,0.6108015738324512,4.758421823875097,-1.4569412689463013
402,6,2020-06-01,test,2.0446808977683695,ridge/3+commodity,2.1998517509481883,4.742434724536048,0.15517085317981882
402,6,2020-07-01,test,5.105517080028488,ridge/3+commodity,1.8761517335336702,4.726447625196998,-3.2293653464948173
402,6,2020-08-01,test,5.562137895407027,ridge/3+commodity,1.027047500655704,4.710460525857949,-4.535090394751323
402,6,2020-09-01,test,6.785370295669679,ridge/3+commodity,0.795000869291189,4.694473426518897,-5.99036942637849
402,6,2020-10-01,test,7.227653192669869,ridge/3+commodity,1.441453847786126,4.665621989272479,-5.786199344883743
402,6,2020-11-01,test,7.091350650628225,ridge/3+commodity,2.3868072965835596,4.636770552026061,-4.704543354044666
402,6,2020-12-01,test,8.463197685717727,ridge/3+commodity,2.7838561244946414,4.607919114779638,-5.679341561223086
402,6,2021-01-01,test,7.158378065781434,ridge/3+commodity,2.799300322393761,4.710460525857949,-4.359077743387673
402,6,2021-02-01,test,9.948213562846052,ridge/3+commodity,2.382171535259366,4.774408923214146,-7.566042027586685
402,6,2021-03-01,test,9.224294033448375,ridge/3+commodity,2.2079858616202754,4.882050600364673,-7.0163081718281
402,6,2021-04-01,test,9.907424943890495,ridge/3+commodity,1.9480883247501817,5.026894655878018,-7.959336619140314
402,6,2021-05-01,test,8.787755287747867,ridge/3+commodity,2.0800894791954243,5.155290224131069,-6.707665808552443
402,6,2021-06-01,test,6.146957328199942,ridge/3+commodity,1.7699915465804716,5.241009115794154,-4.376965781619471
402,6,2021-07-01,test,4.931155107036833,ridge/3+commodity,1.0935749533512464,5.285245817831008,-3.837580153685587
402,6,2021-08-01,test,3.371105734231161,ridge/3+commodity,1.7090468863089878,5.485056770219415,-1.6620588479221734
402,6,2021-09-01,test,4.504910266835793,ridge/3+commodity,2.172206961927089,5.551286540570822,-2.332703304908704
402,6,2021-10-01,test,6.273834063342321,ridge/3+commodity,2.712772781472631,5.677131004508562,-3.56106128186969
402,6,2021-11-01,test,6.825185626223185,ridge/3+commodity,2.6115032569035046,5.850243323474498,-4.21368236931968
402,6,2021-12-01,test,7.0581434172089175,ridge/3+commodity,2.350534385710432,5.852733944729049,-4.707609031498485
402,6,2022-01-01,test,9.260915250245992,ridge/3+commodity,2.8249599963311884,5.8521112894154115,-6.435955253914804
402,6,2022-02-01,test,6.3452691111336,ridge/3+commodity,3.4452778679195926,5.851488634101774,-2.8999912432140076
402,6,2022-03-01,test,3.7912046022248624,ridge/3+commodity,3.2149572554122465,5.850865978788136,-0.5762473468126159
402,6,2022-04-01,test,0.0,ridge/3+commodity,2.6230688874119417,5.888226244381854,2.6230688874119417
402,6,2022-05-01,test,-2.476674432249304,ridge/3+commodity,2.342062681871191,6.030195442993058,4.818737114120495
402,6,2022-06-01,test,-3.466812894587701,ridge/3+commodity,1.9370357110872303,6.123604951158566,5.403848605674931
402,6,2022-07-01,test,-5.483912404885771,ridge/3+commodity,1.4371544435121761,6.223083369285372,6.921066848397947
402,6,2022-08-01,test,-5.637440752774037,ridge/3+commodity,0.8186883053672154,6.302408082458832,6.4561290581412525
402,6,2022-09-01,test,-7.250669078674754,ridge/3+commodity,0.4327012839299942,6.288121072900577,7.683370362604748
402,6,2022-10-01,test,-6.834957780120998,ridge/3+commodity,0.6560876072111084,6.273834063342321,7.491045387332107
402,6,2022-11-01,test,-4.586890329501525,ridge/3+commodity,1.2714450698033275,6.248458716313847,5.858335399304853
402,6,2022-12-01,test,-4.549804313920003,ridge/3+commodity,1.86680684733858,6.223083369285372,6.416611161258583
402,6,2023-01-01,test,-4.82497696683053,ridge/3+commodity,1.3977198684481416,6.1977080222568945,6.222696835278671
402,6,2023-02-01,test,-4.652001563489261,ridge/3+commodity,0.3583492932453616,6.17233267522842,5.010350856734623
402,6,2023-03-01,test,-3.334997968155484,ridge/3+commodity,-0.13579035847455523,6.146957328199942,3.199207609680929
402,6,2023-04-01,test,-1.9481135571822072,ridge/3+commodity,-0.27564331824235544,6.123604951158566,1.6724702389398518
402,6,2023-05-01,test,-2.2527099024212127,ridge/3+commodity,-0.001320625197044567,6.100252574117191,2.251389277224168
402,6,2023-06-01,test,-0.0802890448590609,ridge/3+commodity,0.3656933145490342,6.076900197075813,0.4459823594080951
402,6,2023-07-01,test,2.085079548019042,ridge/3+commodity,0.46540960835950207,6.053547820034437,-1.61966993965954
402,6,2023-08-01,test,4.338029563022516,ridge/3+commodity,0.19016369941786082,6.030195442993058,-4.147865863604656
402,6,2023-09-01,test,6.717152815706484,ridge/3+commodity,0.43098782613587017,5.994703143340258,-6.286164989570614
402,6,2023-10-01,test,5.501586521188528,ridge/3+commodity,1.204326493549834,5.959210843687459,-4.2972600276386945
402,6,2023-11-01,test,6.076820027034113,ridge/3+commodity,1.7595798440366275,5.923718544034654,-4.317240182997486
402,6,2023-12-01,test,6.754604220152682,ridge/3+commodity,1.9557712307910742,5.888226244381854,-4.798832989361609
402,6,2024-01-01,test,5.030073847479866,ridge/3+commodity,1.8937911718917986,5.852733944729049,-3.136282675588067
402,6,2024-02-01,test,4.908961019652391,ridge/3+commodity,2.0438857484231723,5.8521112894154115,-2.865075271229219
402,6,2024-03-01,test,4.387995918834164,ridge/3+commodity,2.230848329318882,5.959210843687459,-2.1571475895152825
402,6,2024-04-01,test,6.021382234926165,ridge/3+commodity,1.770680999429633,5.923718544034654,-4.250701235496532
402,6,2024-05-01,test,5.583884357291602,ridge/3+commodity,1.9865697904138722,6.03952035980127,-3.5973145668777295
402,6,2024-06-01,test,4.836107169342085,ridge/3+commodity,2.3008142084175143,6.076820027034113,-2.535292960924571
402,6,2024-07-01,test,7.065187194286349,ridge/3+commodity,2.3177023518630158,6.067495110225903,-4.747484842423333
402,6,2024-08-01,test,7.84292464499412,ridge/3+commodity,2.8458449339854033,6.058170193417692,-4.997079711008717
402,6,2024-09-01,test,7.896030234952533,ridge/3+commodity,2.9522535935765575,6.04884527660948,-4.943776641375975
402,6,2024-10-01,test,8.066059843887619,ridge/3+commodity,2.581437501293782,6.03952035980127,-5.484622342593837
402,6,2024-11-01,test,8.797639515860922,ridge/3+commodity,2.09102748136325,6.030195442993058,-6.706612034497672
402,6,2024-12-01,test,9.15314275067809,ridge/3+commodity,2.1538779837150366,6.0284328013796795,-6.999264766963053
402,6,2025-01-01,test,6.203010342516979,ridge/3+commodity,2.607793364982983,6.058170193417692,-3.595216977533996
402,6,2025-02-01,test,3.4016885278254527,ridge/3+commodity,2.8061197424349102,6.104874947500445,-0.5955687853905425
402,6,2025-03-01,test,0.4776535864153608,ridge/3+commodity,2.5915088803393855,6.17233267522842,2.1138552939240247
402,6,2025-04-01,test,-2.732410427455356,ridge/3+commodity,2.6298845495761882,6.273834063342321,5.362294977031544
402,6,2025-05-01,test,-5.66124558651504,ridge/3+commodity,2.872627334216019,6.330982101575345,8.53387292073106
402,6,2025-06-01,test,-8.511429318614727,ridge/3+commodity,2.9460293575862613,6.526546352501537,11.45745867620099
402,6,2025-07-01,test,-8.263474000855009,ridge/3+commodity,1.951410053681659,6.466120605378888,10.214884054536668
402,6,2025-08-01,test,-8.004270767353638,ridge/3+commodity,1.1639692627008578,6.405694858256249,9.168240030054497
402,6,2025-09-01,test,-5.025481691691613,ridge/3+commodity,0.31184368281491515,6.3452691111336,5.337325374506529
402,6,2025-10-01,test,-4.678386787916811,ridge/3+commodity,-0.17727969526713072,6.330982101575345,4.50110709264968
402,6,2025-11-01,test,-4.301738508369102,ridge/3+commodity,-0.24257547446918282,6.31669509201709,4.059163033899919
402,6,2025-12-01,test,-3.839660364216879,ridge/3+commodity,-0.3641182487649812,6.302408082458832,3.4755421154518977
402,6,2026-01-01,test,-3.7298656248178297,ridge/3+commodity,0.020290823593952734,6.288121072900577,3.7501564484117824
402,6,2026-02-01,test,-1.3129291441793534,ridge/3+commodity,0.8008594106143142,6.273834063342321,2.1137885547936675
